Date,AAPL,ABT,AMZN,BAC,CSCO,CVX,DIS,GOOGL,HD,INTC,JNJ,JPM,KO,LLY,MA,MCD,META,MRK,MSFT,NVDA,PEP,PFE,PG,T,TSLA,UNH,V,VZ,WMT,XOM
2024-04-01,169.2309112548828,109.85132598876953,180.97000122070312,36.615577697753906,48.18735122680664,152.4825897216797,120.43822479248047,154.75015258789062,359.10076904296875,44.060401916503906,152.8756103515625,193.30320739746094,58.9178466796875,755.6405029296875,475.6971435546875,273.5670471191406,489.5639953613281,127.21942138671875,421.3531188964844,90.33331298828125,167.41146850585938,26.08502960205078,156.7133026123047,16.538402557373047,175.22000122070312,481.9919128417969,276.21923828125,39.605281829833984,59.32835388183594,113.1700668334961
2024-04-02,168.04649353027344,109.78272247314453,180.69000244140625,36.40088653564453,47.532527923583984,153.15354919433594,121.71663665771484,153.82456970214844,354.19281005859375,43.48638916015625,152.82717895507812,193.22547912597656,58.40324020385742,759.028564453125,476.7213439941406,271.14593505859375,495.5621032714844,126.59785461425781,418.2468566894531,89.42261505126953,165.9210662841797,25.925058364868164,156.7035675048828,16.55730438232422,166.6300048828125,450.92864990234375,276.3780822753906,39.84883499145508,58.49775695800781,115.38529205322266
2024-04-03,168.85269165039062,109.05750274658203,182.41000366210938,36.53750991821289,47.31894302368164,153.7861785888672,117.91114044189453,154.182861328125,351.16802978515625,39.913658142089844,149.46502685546875,192.68133544921875,58.092533111572266,770.9808349609375,474.72271728515625,268.9981994628906,504.8980712890625,126.1607894897461,417.2643737792969,88.93477630615234,164.2176971435547,25.61452293395996,152.3899688720703,16.64236068725586,168.3800048828125,452.50341796875,274.9090270996094,40.12985610961914,58.764732360839844,115.4046401977539
2024-04-04,168.026611328125,107.9108657836914,180.0,36.03004455566406,46.707313537597656,154.02581787109375,116.0381088256836,149.81375122070312,349.00189208984375,39.31985092163086,147.75975036621094,191.21534729003906,57.57793045043945,763.1219482421875,467.1159362792969,263.67755126953125,509.0628967285156,123.98528289794922,414.71380615234375,85.87677001953125,164.18865966796875,25.078140258789062,151.70684814453125,16.604557037353516,171.11000061035156,448.21209716796875,271.970947265625,39.7645263671875,58.833953857421875,115.81092834472656
2024-04-05,168.7830352783203,108.97908782958984,185.07000732421875,36.2154655456543,47.13447952270508,154.89805603027344,117.3165283203125,151.7743682861328,349.1872863769531,38.31037902832031,147.6531524658203,192.97454833984375,57.781822204589844,779.1477661132812,474.4542541503906,260.3583068847656,525.4232177734375,124.30577850341797,422.2959289550781,87.97909545898438,163.69509887695312,25.08755111694336,152.3411865234375,16.462800979614258,164.89999389648438,448.56640625,275.08770751953125,39.45540237426758,59.180030822753906,117.40705871582031
2024-04-08,167.65834045410156,108.31268310546875,185.19000244140625,36.596065521240234,46.83352279663086,154.58177185058594,116.2957763671875,154.1132049560547,353.2658386230469,37.58791732788086,146.87803649902344,193.981201171875,57.548797607421875,772.2723999023438,476.80413818359375,261.2076110839844,517.3626098632812,122.91693878173828,421.3729553222656,87.10437774658203,164.12094116210938,25.012269973754883,152.28262329101562,16.302143096923828,172.97999572753906,448.8223571777344,275.7030944824219,39.09007263183594,59.11081314086914,116.61383056640625
2024-04-09,168.8726043701172,110.19434356689453,185.6699981689453,36.820518493652344,48.551910400390625,155.28146362304688,116.91021728515625,155.8548583984375,352.65118408203125,37.93430709838867,147.5562744140625,192.68133544921875,57.9857292175293,752.3518676757812,470.1427307128906,263.04296875,515.0211181640625,123.06262969970703,423.0501708984375,85.3259506225586,165.11776733398438,25.200475692749023,152.88771057128906,16.232982635498047,176.8800048828125,452.4837951660156,274.6708068847656,38.87590026855469,59.120704650878906,117.22325134277344
2024-04-10,166.99148559570312,108.94969940185547,185.9499969482422,35.76655197143555,47.775238037109375,155.92369079589844,116.13722229003906,155.3970489501953,342.05462646484375,36.81596755981445,145.53121948242188,191.0394287109375,57.20895767211914,757.0612182617188,467.16552734375,262.291259765625,517.9404907226562,123.10147094726562,420.05303955078125,87.01040649414062,163.51121520996094,24.76760482788086,153.4537353515625,16.069692611694336,171.75999450683594,442.96600341796875,272.4473876953125,38.571285247802734,59.9414176940918,118.20994567871094
2024-04-11,174.21737670898438,109.22410583496094,189.0500030517578,35.47378158569336,48.085906982421875,155.17604064941406,116.09757995605469,158.65150451660156,338.9420471191406,37.24153137207031,144.16505432128906,191.00033569335938,57.335182189941406,754.6867065429688,466.30914306640625,262.2424621582031,521.2584228515625,122.51874542236328,424.6876220703125,90.58623504638672,162.940185546875,24.786426544189453,152.0874481201172,15.771927833557129,174.60000610351562,434.7671203613281,273.63848876953125,38.228599548339844,59.4173469543457,117.81333923339844
2024-04-12,175.72027587890625,107.4611587524414,186.1300048828125,34.927284240722656,47.07623291015625,152.3675537109375,112.98578643798828,156.9794921875,334.55120849609375,35.321556091308594,142.93455505371094,178.64682006835938,56.58754348754883,746.7880249023438,463.39166259765625,261.04168701171875,510.039306640625,122.12054443359375,418.7033386230469,88.15703582763672,162.68856811523438,24.33473777770996,151.58973693847656,15.66627025604248,171.0500030517578,432.2867431640625,273.91644287109375,37.80976104736328,59.4667854309082,116.43971252441406
2024-04-15,171.87840270996094,107.24449157714844,183.6199951171875,35.08342742919922,46.83352279663086,151.0543670654297,111.935302734375,154.12313842773438,329.7310791015625,35.935157775878906,143.00238037109375,178.7445526123047,56.45161056518555,745.9236450195312,457.8255615234375,259.9092102050781,498.4117736816406,122.5575942993164,410.5059814453125,85.97274017333984,161.57557678222656,24.381790161132812,151.70684814453125,15.599032402038574,161.47999572753906,438.6155700683594,269.2710876464844,38.181007385253906,59.25914001464844,115.77223205566406
2024-04-16,168.583984375,107.55964660644531,183.32000732421875,33.84403610229492,46.52284622192383,149.7987060546875,112.8569564819336,153.6653289794922,326.70623779296875,35.88566970825195,139.9599609375,176.70193481445312,56.373939514160156,741.919677734375,457.85546875,259.1282043457031,497.9434814453125,121.46012115478516,411.43878173828125,87.38628387451172,162.10787963867188,24.17476463317871,152.19480895996094,15.454952239990234,157.11000061035156,461.5094299316406,269.340576171875,37.857357025146484,59.17014694213867,114.81456756591797
2024-04-17,167.21046447753906,104.29966735839844,181.27999877929688,34.38077926635742,46.39664077758789,149.91372680664062,111.92539978027344,154.73023986816406,324.7547912597656,35.31166076660156,140.27003479003906,175.99827575683594,56.81086730957031,745.9236450195312,458.1939697265625,263.5408935546875,492.3737487792969,121.76119995117188,408.71954345703125,84.00740051269531,164.02413940429688,23.920690536499023,153.18048095703125,15.483770370483398,155.4499969482422,471.450439453125,270.670654296875,37.86687469482422,58.98227310180664,114.75651550292969
2024-04-18,166.2549591064453,103.67918395996094,179.22000122070312,34.90776824951172,46.707313537597656,151.0352020263672,111.41997528076172,155.26766967773438,324.8133544921875,34.67826843261719,141.20986938476562,177.14173889160156,57.199249267578125,741.1348266601562,452.75732421875,264.54644775390625,499.97601318359375,121.62523651123047,401.2069396972656,84.64318084716797,166.72434997558594,23.892457962036133,154.49371337890625,15.685479164123535,149.92999267578125,485.4170837402344,269.36041259765625,38.20004653930664,58.59663772583008,114.65010070800781
2024-04-19,164.2245635986328,105.65880584716797,174.6300048828125,36.07883834838867,46.91118240356445,153.3644256591797,111.5983657836914,153.3568115234375,327.223388671875,33.84694290161133,143.3124237060547,181.58860778808594,58.42265701293945,721.6215209960938,453.44439697265625,265.5324401855469,479.3213806152344,122.1594009399414,396.095947265625,76.17496490478516,168.52444458007812,24.466480255126953,155.32859802246094,15.858377456665039,147.0500030517578,493.2419738769531,267.7821960449219,38.542728424072266,58.863609313964844,115.96570587158203
2024-04-22,165.0605926513672,105.45198822021484,177.22999572753906,36.820518493652344,46.73643112182617,155.2047882080078,110.98392486572266,155.536376953125,327.9552001953125,34.054771423339844,144.4847869873047,185.11679077148438,58.7916259765625,726.609130859375,454.7985534667969,269.0372009277344,479.97900390625,123.2860107421875,397.9219970703125,79.49187469482422,170.77944946289062,24.711145401000977,157.68592834472656,15.66627025604248,142.0500030517578,483.497802734375,270.31329345703125,36.74362564086914,59.4667854309082,116.62349700927734
2024-04-23,166.11561584472656,105.96412658691406,179.5399932861328,37.445091247558594,46.91118240356445,156.0962371826172,112.6884765625,157.5069580078125,330.775146484375,33.92611312866211,144.9111328125,187.78489685058594,58.87900924682617,740.87646484375,460.8426513671875,270.3063659667969,494.2967529296875,123.22772979736328,404.48193359375,82.39591979980469,165.70814514160156,24.76760482788086,158.6288604736328,15.848769187927246,144.67999267578125,478.5272521972656,272.08013916015625,37.79072570800781,58.42853927612305,117.07815551757812
2024-04-24,168.2256622314453,105.27470397949219,176.58999633789062,37.39630126953125,46.94031524658203,156.786376953125,112.89659118652344,158.37283325195312,324.93048095703125,34.14384078979492,143.91314697265625,188.70359802246094,59.7625846862793,727.4734497070312,460.52398681640625,270.179443359375,491.7062072753906,123.34427642822266,405.9606018066406,79.65082550048828,171.69886779785156,24.72055435180664,159.70932006835938,16.146535873413086,162.1300048828125,479.629638671875,272.9833679199219,37.590824127197266,59.19980239868164,117.0975112915039
2024-04-25,169.09158325195312,105.24516296386719,173.6699981689453,36.99618148803711,46.69759750366211,158.42544555664062,111.75691986083984,155.25772094726562,323.9254455566406,34.74754333496094,142.2563018798828,188.9870147705078,59.94707107543945,720.1907958984375,460.1356201171875,269.0567321777344,439.775634765625,126.95720672607422,396.01654052734375,82.60486602783203,170.9923553466797,23.770126342773438,159.6602020263672,15.925613403320312,170.17999267578125,486.08642578125,273.1223449707031,37.33381271362305,59.53599548339844,117.36836242675781
2024-04-26,168.5043487548828,105.90503692626953,179.6199951171875,36.91810989379883,46.464599609375,159.01014709472656,111.71729278564453,171.13182067871094,326.9599609375,31.55088996887207,141.59744262695312,189.1042938232422,59.94707107543945,728.7750854492188,460.4443664550781,266.6063232421875,441.6786804199219,127.42337799072266,403.2414245605469,87.70618438720703,169.9277801513672,23.901866912841797,158.42259216308594,16.088905334472656,168.2899932861328,487.552978515625,272.487060546875,37.77168655395508,59.48656463623047,114.1083984375
2024-04-29,172.68460083007812,105.64896392822266,180.9600067138672,36.64485549926758,46.386932373046875,159.43190002441406,111.0731201171875,165.3594207763672,328.62847900390625,31.036256790161133,142.2563018798828,188.89907836914062,60.23835754394531,732.4412231445312,455.1470642089844,267.0553894042969,431.0474853515625,126.37445831298828,399.2022399902344,87.7281723022461,170.46975708007812,24.12771224975586,158.78602600097656,16.348247528076172,194.0500030517578,481.3323974609375,269.8269348144531,38.16196823120117,59.56566619873047,115.7335433959961
2024-04-30,169.52951049804688,104.36861419677734,175.0,36.11787414550781,45.610252380371094,154.58177185058594,110.10192108154297,162.00547790527344,326.111083984375,30.155445098876953,140.0956268310547,187.39395141601562,59.976192474365234,776.0578002929688,449.27227783203125,266.5575256347656,428.60638427734375,125.5003662109375,386.380126953125,86.37361907958984,170.24716186523438,24.10889434814453,160.29864501953125,16.223379135131836,183.27999877929688,476.0863342285156,266.6208190917969,37.590824127197266,58.685630798339844,114.40827178955078
2024-05-01,168.5043487548828,104.68377685546875,179.0,36.059326171875,45.47433853149414,153.009765625,109.48750305175781,163.08033752441406,323.9156799316406,30.05647850036621,146.48077392578125,187.51126098632812,60.13154983520508,771.7359008789062,440.1812744140625,267.9145202636719,437.5935974121094,125.09246826171875,391.9476318359375,83.01371765136719,169.5115966796875,25.576881408691406,160.49508666992188,16.252193450927734,179.99000549316406,476.4898681640625,265.34039306640625,37.31476593017578,58.191226959228516,112.24141693115234
2024-05-02,172.21682739257812,104.31936645507812,184.72000122070312,35.99101257324219,45.42580032348633,154.0641326904297,111.6082763671875,165.8271942138672,327.3893127441406,30.195032119750977,145.25994873046875,187.31578063964844,60.1898078918457,751.0303955078125,439.2154235839844,266.7918395996094,440.0745544433594,124.56800079345703,394.8256530761719,85.78881072998047,169.8019561767578,26.066213607788086,160.92726135253906,16.15614128112793,180.00999450683594,485.21038818359375,265.6282043457031,37.05775451660156,59.04159927368164,112.4445571899414
2024-05-03,182.51817321777344,104.29966735839844,186.2100067138672,36.352088928222656,45.74617385864258,153.60406494140625,112.63893127441406,166.44424438476562,334.5317077636719,30.58100700378418,144.63014221191406,186.19183349609375,60.36457443237305,730.2255859375,441.684814453125,263.902099609375,450.3171691894531,123.83959197998047,403.5788269042969,88.75983428955078,170.4794158935547,26.169721603393555,161.53623962402344,16.184955596923828,181.19000244140625,484.6986083984375,266.501708984375,37.01968002319336,59.15036392211914,112.21239471435547
2024-05-06,180.8560333251953,104.04359436035156,188.6999969482422,36.7814826965332,45.73646926879883,155.56903076171875,115.4236831665039,167.30015563964844,333.9853210449219,30.774776458740234,143.9615936279297,187.6480712890625,60.53935241699219,761.73095703125,447.4500732421875,262.90631103515625,463.9873046875,123.89788055419922,410.4067077636719,92.10972595214844,170.16004943847656,26.49907875061035,161.5166015625,16.31943130493164,184.75999450683594,486.59820556640625,270.65081787109375,37.43851852416992,59.19980239868164,112.93790435791016
2024-05-07,181.54278564453125,104.56558227539062,188.75999450683594,36.9278678894043,45.90150451660156,155.92369079589844,104.44322204589844,170.43515014648438,332.424072265625,30.486604690551758,144.09725952148438,187.4037322998047,60.801513671875,772.7493896484375,451.1243591308594,261.1490478515625,466.53802490234375,126.62698364257812,406.2384948730469,90.52424621582031,172.2892303466797,26.132081985473633,162.81312561035156,16.405879974365234,177.80999755859375,493.0746154785156,274.4127197265625,37.41947937011719,59.9414176940918,112.37683868408203
2024-05-08,181.8811798095703,103.35417175292969,188.0,36.80099868774414,46.60051727294922,155.799072265625,104.4927749633789,168.57406616210938,330.6092529296875,29.81089210510254,144.32008361816406,191.21534729003906,61.02482604980469,769.9972534179688,452.8269958496094,262.1155090332031,470.8821716308594,125.82086944580078,407.4294128417969,90.38230895996094,171.69886779785156,26.60259246826172,162.13539123535156,16.434696197509766,174.72000122070312,495.2892150878906,275.1372985839844,37.581302642822266,59.62499237060547,112.35749816894531
2024-05-09,183.70260620117188,103.08824920654297,189.5,37.357261657714844,46.39664077758789,158.58839416503906,104.84954833984375,169.1512908935547,339.0103454589844,29.90032386779785,145.19212341308594,193.02340698242188,61.05396270751953,766.5693969726562,453.5439453125,261.58837890625,473.6919250488281,126.48129272460938,409.1959533691406,88.71784973144531,172.32794189453125,26.917810440063477,163.088134765625,16.501934051513672,171.97000122070312,499.0491027832031,276.47735595703125,37.87639617919922,59.97029113769531,114.57272338867188
2024-05-10,182.4368438720703,103.15719604492188,187.47999572753906,37.52316665649414,46.65876770019531,158.9430694580078,104.83963012695312,167.84751892089844,338.02484130859375,29.66183853149414,145.250244140625,194.26463317871094,61.42292404174805,755.0940551757812,455.027587890625,268.470947265625,474.4691162109375,126.3161849975586,411.59759521484375,89.84848022460938,174.0022430419922,26.75542640686035,163.88377380371094,16.492326736450195,168.47000122070312,504.7381286621094,278.6610107421875,38.457061767578125,60.009979248046875,114.1083984375
2024-05-13,185.656005859375,103.1867446899414,186.57000732421875,37.288944244384766,47.26069259643555,157.70655822753906,104.8792724609375,168.335205078125,332.6875305175781,30.317676544189453,146.51953125,194.22552490234375,61.733638763427734,752.8088989257812,455.80426025390625,264.87835693359375,466.3088684082031,125.568359375,410.5852966308594,90.36930847167969,175.0764923095703,27.166166305541992,162.92115783691406,16.57877540588379,171.88999938964844,503.6849365234375,277.321044921875,38.590328216552734,59.940521240234375,114.0600357055664
2024-05-14,186.8021697998047,102.43822479248047,187.07000732421875,37.562198638916016,47.52281951904297,156.82470703125,104.40357971191406,169.5294952392578,332.23870849609375,30.854272842407227,146.674560546875,196.94252014160156,61.26757049560547,759.0482788085938,452.25946044921875,264.2340087890625,470.1348876953125,124.95649719238281,413.40380859375,91.32599639892578,174.0796661376953,27.108854293823242,162.81312561035156,16.61719512939453,177.5500030517578,505.7912902832031,275.6832275390625,38.542728424072266,59.394798278808594,114.75242614746094
2024-05-15,189.08450317382812,103.00946044921875,185.99000549316406,37.972076416015625,48.221824645996094,156.28793334960938,101.84675598144531,171.68914794921875,340.21051025390625,31.072887420654297,147.92445373535156,197.52891540527344,61.29669952392578,783.2724609375,456.043212890625,267.3677978515625,479.7896728515625,127.93812561035156,420.6317443847656,94.59890747070312,173.68289184570312,27.529144287109375,163.54978942871094,16.646011352539062,173.99000549316406,509.4035339355469,279.4154052734375,38.542728424072266,59.36503601074219,115.6398696899414
2024-05-16,189.2041015625,103.28523254394531,183.6300048828125,38.27460479736328,46.93060302734375,155.9684295654297,102.44137573242188,173.3511962890625,334.4146423339844,31.828094482421875,149.4844207763672,197.88075256347656,61.48118591308594,767.4481811523438,456.90948486328125,267.0163879394531,471.5098876953125,127.11260223388672,418.5538330078125,94.3280029296875,177.21539306640625,27.624666213989258,164.87579345703125,16.61719512939453,174.83999633789062,513.06494140625,278.28173828125,38.31427001953125,63.512550354003906,114.94746398925781
2024-05-17,189.23399353027344,102.51701354980469,184.6999969482422,38.342918395996094,46.765560150146484,157.49819946289062,102.32244873046875,175.22225952148438,335.85870361328125,31.629356384277344,149.83322143554688,200.14816284179688,61.199607849121094,766.33349609375,458.3034973144531,265.9131774902344,470.1947021484375,127.4136734008789,417.7783203125,92.44861602783203,176.3249969482422,27.357208251953125,164.65972900390625,16.71324920654297,177.4600067138672,516.3720703125,278.5403137207031,38.13340759277344,64.14757537841797,116.67357635498047
2024-05-20,190.40008544921875,101.65031433105469,183.5399932861328,37.884246826171875,45.755882263183594,156.01683044433594,101.9755859375,176.07818603515625,329.6237487792969,31.897653579711914,147.75274658203125,191.1469268798828,60.75296401977539,779.45068359375,457.6961364746094,261.51025390625,467.1358337402344,127.21942138671875,422.878662109375,94.74886322021484,174.50552368164062,27.25213623046875,164.3355712890625,16.828514099121094,174.9499969482422,509.0885314941406,276.989013671875,38.19052505493164,63.68122482299805,115.72763061523438
2024-05-21,191.70570373535156,101.40409088134766,183.14999389648438,38.69424057006836,45.571414947509766,154.884033203125,102.08460998535156,177.00375366210938,327.9942321777344,31.5399227142334,147.7234649658203,194.9976348876953,61.08308792114258,799.345458984375,457.1385192871094,259.5577392578125,462.941162109375,126.99604034423828,426.5572509765625,95.35466766357422,175.25071716308594,27.28078842163086,165.35708618164062,16.588380813598633,186.60000610351562,515.3090209960938,274.41339111328125,37.71456527709961,64.64368438720703,114.9279556274414
2024-05-22,190.2605438232422,103.23599243164062,183.1300048828125,38.80158615112305,46.04713439941406,152.56033325195312,102.09451293945312,175.54074096679688,322.56915283203125,31.221940994262695,149.930908203125,193.81504821777344,61.170475006103516,799.0867309570312,454.56951904296875,259.4601135253906,466.0796813964844,127.32625579833984,428.0286865234375,94.91880798339844,176.2281951904297,28.27420997619629,164.82667541503906,16.809301376342773,180.11000061035156,513.1437377929688,274.04547119140625,37.87639617919922,64.74291229248047,112.61672973632812
2024-05-23,186.25401306152344,102.6549072265625,181.0500030517578,38.22580337524414,45.241336822509766,151.95037841796875,99.75572204589844,172.72421264648438,318.95892333984375,29.8903865814209,146.21925354003906,192.45655822753906,60.286903381347656,804.6004028320312,449.2822265625,251.80624389648438,464.0869445800781,127.3165512084961,424.5290832519531,103.7649154663086,173.4989776611328,27.40496826171875,162.5479278564453,16.780485153198242,173.74000549316406,508.6948547363281,272.7030029296875,37.53370666503906,64.33609008789062,110.69556427001953
2024-05-24,189.3436279296875,102.37913513183594,180.75,38.7430305480957,45.06658172607422,152.734619140625,100.84584045410156,174.15736389160156,317.2123718261719,30.526351928710938,143.552734375,196.16065979003906,60.199520111083984,803.5852661132812,449.2523498535156,251.98199462890625,476.4817199707031,125.76261901855469,427.6707763671875,106.43403625488281,172.2602081298828,27.586456298828125,162.3907928466797,16.809301376342773,179.24000549316406,500.1711730957031,272.9615478515625,37.828800201416016,64.87190246582031,110.60780334472656
2024-05-28,189.3535919189453,100.40935516357422,182.14999389648438,38.3721923828125,44.930660247802734,153.9835968017578,101.51972198486328,175.56065368652344,320.72503662109375,30.86421012878418,141.02297973632812,194.9780731201172,60.024742126464844,804.0131225585938,443.1783752441406,247.52047729492188,478.1755676269531,122.4604721069336,427.8298645019531,113.86357879638672,167.79859924316406,27.032434463500977,160.21023559570312,16.588380813598633,176.75,495.7518005371094,269.4710998535156,37.46707534790039,64.5345458984375,112.01210021972656
2024-05-29,189.652587890625,99.20780181884766,182.02000427246094,37.78665542602539,44.73649978637695,151.91163635253906,99.97373962402344,175.06301879882812,318.0027160644531,29.94007110595703,141.08155822753906,193.6195831298828,59.90822982788086,807.6657104492188,440.57958984375,243.44947814941406,472.6357421875,122.27594757080078,426.6865234375,114.78727722167969,165.640380859375,26.57393455505371,158.7761993408203,16.444299697875977,176.19000244140625,477.0902404785156,267.3628845214844,37.21957778930664,64.41547393798828,110.81259155273438
2024-05-30,190.6492462158203,100.20252990722656,179.32000732421875,37.69882583618164,44.775325775146484,153.2283935546875,100.78636932373047,171.2910614013672,323.42620849609375,29.99969482421875,141.9020233154297,194.8119354248047,60.170387268066406,811.178955078125,440.211181640625,246.0854034423828,465.3523254394531,120.94538116455078,412.2704162597656,110.46369934082031,164.99195861816406,26.93691635131836,159.68966674804688,16.9245662689209,178.7899932861328,474.0685729980469,269.7892761230469,38.39042663574219,64.38571166992188,111.1636734008789
2024-05-31,191.60601806640625,100.6457290649414,176.44000244140625,39.02604293823242,45.144248962402344,157.13995361328125,102.97651672363281,171.67919921875,329.01678466796875,30.655534744262695,143.25970458984375,198.03712463378906,61.102508544921875,816.4337768554688,445.1599426269531,252.7434844970703,465.13311767578125,121.92630767822266,412.7277526855469,109.59698486328125,167.33404541015625,27.376310348510742,161.6148223876953,17.500885009765625,178.0800018310547,487.5726318359375,270.94281005859375,39.17098617553711,65.24894714355469,114.35260009765625
2024-06-03,193.38006591796875,101.31546020507812,178.33999633789062,38.918697357177734,45.28987503051758,152.45384216308594,101.84675598144531,172.3460235595703,322.27667236328125,30.099063873291016,144.30484008789062,197.24549865722656,61.102508544921875,827.3017578125,441.2964782714844,255.22943115234375,475.75439453125,124.72339630126953,411.1270446777344,114.96222686767578,165.7178192138672,27.9971981048584,161.7228546142578,17.29917335510254,176.2899932861328,489.61004638671875,268.8744201660156,39.0091667175293,65.30847930908203,111.61225891113281
2024-06-04,193.69898986816406,101.86699676513672,179.33999633789062,38.7235107421875,46.03742980957031,151.16612243652344,102.4017333984375,172.96307373046875,322.5223083496094,29.8407039642334,144.36343383789062,194.6457977294922,62.08317565917969,828.6254272460938,442.8697204589844,258.1477355957031,475.2562255859375,125.00506591796875,413.6623229980469,116.39875030517578,168.29217529296875,28.169137954711914,164.0408935546875,17.62575340270996,174.77000427246094,497.5333251953125,270.903076171875,39.56127166748047,66.08241271972656,109.87640380859375
2024-06-05,195.21389770507812,101.67001342773438,181.27999877929688,38.99676513671875,44.67824935913086,150.05267333984375,100.58816528320312,174.5753631591797,324.48736572265625,30.585975646972656,142.57598876953125,192.78884887695312,62.063758850097656,827.7994384765625,444.7516784667969,255.4652557373047,493.260498046875,125.7237548828125,421.5563659667969,122.3997802734375,167.90505981445312,28.2264461517334,163.09796142578125,17.577726364135742,175.0,495.20062255859375,272.9714660644531,39.361366271972656,66.568603515625,110.31524658203125
2024-06-06,193.8285675048828,102.69429016113281,185.0,38.7430305480957,44.88212203979492,150.97247314453125,100.30077362060547,175.88906860351562,325.31268310546875,30.22824478149414,143.0155029296875,192.44677734375,62.28708267211914,833.3030395507812,446.7630310058594,256.18255615234375,491.9652404785156,126.76295471191406,422.0633850097656,120.958251953125,167.6243896484375,27.510040283203125,165.47494506835938,17.558515548706055,177.94000244140625,494.0195617675781,275.4973449707031,39.34233093261719,66.6281509399414,111.1441650390625
2024-06-07,196.23046875,105.95428466796875,184.3000030517578,39.05721664428711,44.50349426269531,151.1177215576172,100.6278076171875,173.6298828125,321.3138427734375,30.546226501464844,143.66018676757812,195.41787719726562,62.05405044555664,845.942626953125,447.8683166503906,251.75103759765625,491.16815185546875,126.90864562988281,421.3973083496094,120.8482894897461,166.83917236328125,27.299896240234375,164.09002685546875,17.385622024536133,177.47999572753906,482.96630859375,277.1182861328125,38.97108459472656,65.3680191040039,109.95441436767578
2024-06-10,192.4730987548828,105.86563873291016,187.05999755859375,38.949214935302734,44.51319885253906,151.75674438476562,101.81702423095703,174.37716674804688,326.74713134765625,30.71515464782715,143.70901489257812,195.0855712890625,61.74333953857422,860.881103515625,447.3305969238281,249.39280700683594,500.77313232421875,127.70503234863281,425.39404296875,121.74999237060547,161.82540893554688,26.8127384185791,164.37486267089844,17.155094146728516,173.7899932861328,487.2084655761719,273.50848388671875,38.46657943725586,66.43962097167969,110.27622985839844
2024-06-11,206.45611572265625,104.21102142333984,187.22999572753906,38.153934478759766,44.4355354309082,151.51467895507812,99.96382904052734,175.98133850097656,329.8518981933594,30.7250919342041,143.3476104736328,189.95458984375,61.70450210571289,861.6972045898438,447.1214904785156,249.85462951660156,505.62542724609375,128.04495239257812,430.1761779785156,120.88021087646484,161.0157928466797,26.77452850341797,164.50254821777344,17.155094146728516,170.66000366210938,488.4092712402344,273.14056396484375,38.47609329223633,66.21141052246094,109.3887939453125
2024-06-12,212.35630798339844,102.8026351928711,186.88999938964844,38.69394302368164,44.2899055480957,149.31683349609375,99.89446258544922,177.14712524414062,338.1247863769531,30.56610107421875,142.0290069580078,187.18873596191406,61.05396270751953,863.1701049804688,441.1072998046875,250.0511474609375,506.99041748046875,126.45216369628906,438.5076904296875,125.16915130615234,159.80624389648438,26.421100616455078,162.24343872070312,16.914960861206055,177.2899932861328,485.3088684082031,268.81475830078125,37.857357025146484,65.79467010498047,108.1795425415039
2024-06-13,213.52236938476562,101.88668823242188,183.8300018310547,38.546669006347656,44.19282531738281,147.980712890625,99.19082641601562,174.52664184570312,341.79937744140625,30.26799201965332,142.0680694580078,189.2704620361328,61.160770416259766,879.1238403320312,443.0987548828125,249.2847137451172,502.26763916015625,125.64605712890625,439.0246887207031,129.5780792236328,159.31851196289062,26.411550521850586,163.45156860351562,16.972593307495117,182.47000122070312,489.47222900390625,269.6799011230469,37.86687469482422,66.181640625,107.31161499023438
2024-06-14,211.77822875976562,102.11322021484375,183.66000366210938,38.52702713012695,44.34815979003906,147.71929931640625,99.07191467285156,176.15072631835938,340.7775573730469,30.258056640625,142.15597534179688,189.38771057128906,61.204795837402344,874.2670288085938,442.7303466796875,249.1667938232422,502.8262023925781,125.75289154052734,440.00897216796875,131.84751892089844,159.7867431640625,26.296924591064453,163.82481384277344,16.943777084350586,178.00999450683594,489.29510498046875,269.15289306640625,37.76216506958008,66.4991455078125,106.4046630859375
2024-06-17,215.94422912597656,101.88668823242188,184.05999755859375,38.79212188720703,44.35786819458008,148.31959533691406,100.60797882080078,176.59910583496094,343.3910827636719,30.784713745117188,142.5564422607422,190.56053161621094,61.273292541503906,880.7958374023438,446.1954650878906,249.09803771972656,505.2896728515625,124.5707015991211,445.775390625,130.94773864746094,162.0595245361328,25.77155876159668,164.52220153808594,16.972593307495117,187.44000244140625,483.5720520019531,269.6600341796875,37.5622673034668,66.89604949951172,105.67325592041016
2024-06-18,213.5721893310547,102.41852569580078,182.80999755859375,39.263404846191406,44.62969970703125,148.45513916015625,100.58816528320312,174.45687866210938,347.6846618652344,30.436920166015625,142.263427734375,192.5347442626953,61.283077239990234,887.2151489257812,448.1869201660156,246.42535400390625,498.16851806640625,125.04943084716797,443.75714111328125,135.54660034179688,162.3911590576172,26.182300567626953,165.56333923339844,17.337594985961914,184.86000061035156,475.4866638183594,272.0964050292969,38.15245056152344,67.07464599609375,106.66796875
2024-06-20,208.97763061523438,104.95954132080078,186.10000610351562,39.263404846191406,45.35783767700195,151.659912109375,100.92510986328125,175.66250610351562,347.2621765136719,30.426984786987305,144.34388732910156,194.16688537597656,60.84275817871094,881.7711181640625,450.5766906738281,249.38299560546875,500.3727111816406,126.69083404541016,443.1208801269531,130.74778747558594,162.58624267578125,26.49751853942871,164.68917846679688,17.395227432250977,181.57000732421875,478.91650390625,275.278564453125,38.304752349853516,67.4814682006836,108.96945190429688
2024-06-21,206.79498291015625,104.12239074707031,189.0800018310547,38.77248764038086,45.911216735839844,150.34315490722656,101.35124969482422,178.98046875,349.5809326171875,30.894020080566406,145.2913360595703,191.85060119628906,61.420066833496094,879.6712036132812,452.9067077636719,254.875732421875,493.47100830078125,127.71672058105469,447.17724609375,126.53881072998047,163.1715087890625,26.49751853942871,165.26869201660156,17.67378044128418,183.00999450683594,477.00885009765625,273.6875,38.304752349853516,67.38224792480469,108.01375579833984
2024-06-24,207.44281005859375,103.708740234375,185.57000732421875,39.2928581237793,45.90150451660156,154.24502563476562,101.06385803222656,178.5719451904297,344.7469482421875,30.37729835510254,145.65272521972656,194.37213134765625,62.594261169433594,885.8715209960938,455.0076599121094,255.84848022460938,497.5900573730469,129.90525817871094,445.0794677734375,118.08089447021484,163.95187377929688,27.08974838256836,165.45530700683594,17.91391372680664,182.5800018310547,484.31341552734375,274.761474609375,39.190025329589844,68.36454772949219,111.22218322753906
2024-06-25,208.36968994140625,103.89586639404297,186.33999633789062,38.66448974609375,45.998600006103516,153.4220428466797,101.28187561035156,183.3645477294922,332.406494140625,30.546226501464844,143.7676239013672,193.58050537109375,62.4670524597168,900.302490234375,453.7032470703125,252.9006805419922,509.2491760253906,129.8661651611328,448.3404541015625,126.05892944335938,163.2397918701172,26.7363224029541,163.88377380371094,17.952335357666016,187.35000610351562,478.89678955078125,272.0069274902344,39.1043586730957,66.89604949951172,111.53424835205078
2024-06-26,212.5356903076172,103.29507446289062,193.61000061035156,38.29138946533203,45.49375534057617,150.99183654785156,101.2620620727539,183.21510314941406,335.84527587890625,30.347488403320312,143.40621948242188,192.95498657226562,62.67253875732422,896.9684448242188,450.44720458984375,253.3428192138672,511.762451171875,128.47879028320312,449.54345703125,126.36885833740234,162.644775390625,26.191852569580078,164.47308349609375,18.01957130432129,196.3699951171875,478.4421081542969,272.0765075683594,39.0472412109375,67.75928497314453,111.57325744628906
2024-06-27,213.3828582763672,103.06855773925781,197.85000610351562,38.53684997558594,46.06655502319336,151.35009765625,101.25215148925781,184.7395782470703,335.5210266113281,30.397172927856445,142.40994262695312,194.65554809570312,62.53554916381836,904.7113647460938,440.8583679199219,253.6769256591797,518.1854248046875,126.83739471435547,450.2294921875,123.95944213867188,162.1765594482422,26.554832458496094,163.6578369140625,18.009967803955078,197.4199981689453,480.8143310546875,265.10552978515625,38.85685729980469,67.35246276855469,112.05110168457031
2024-06-28,209.9144744873047,102.33973693847656,193.25,39.047401428222656,46.12480163574219,151.4468994140625,98.39802551269531,181.4913330078125,338.22296142578125,30.774776458740234,142.76156616210938,197.67552185058594,62.28114318847656,901.06884765625,439.2751770019531,250.4048614501953,502.88604736328125,120.95570373535156,444.3636169433594,123.50955963134766,160.8792266845703,26.72676658630371,161.98806762695312,18.355758666992188,197.8800048828125,503.37042236328125,261.0084533691406,39.25666046142578,67.18379211425781,112.26565551757812
2024-07-01,216.02395629882812,101.64046478271484,197.1999969482422,39.28303909301758,46.1345100402832,151.54371643066406,97.15925598144531,182.32830810546875,330.3136901855469,30.645597457885742,143.03506469726562,200.79322814941406,61.91910171508789,910.0159912109375,435.7403259277344,245.63929748535156,503.34478759765625,124.96150970458984,454.0870361328125,124.2693862915039,158.8893280029297,26.956018447875977,159.82717895507812,18.23088836669922,209.86000061035156,488.92938232421875,261.774169921875,39.73261642456055,66.95558166503906,112.109619140625
2024-07-02,219.53216552734375,101.64046478271484,200.0,40.18632507324219,45.90150451660156,151.76641845703125,97.10970306396484,184.5701904296875,329.1150207519531,30.874147415161133,142.63458251953125,204.09661865234375,61.791893005371094,902.3925170898438,442.750244140625,243.47756958007812,508.1520690917969,124.78563690185547,456.62225341796875,122.6397705078125,159.5623779296875,26.583486557006836,160.98619079589844,18.07720375061035,231.25999450683594,492.4778747558594,266.7364196777344,39.123390197753906,67.5409927368164,111.34895324707031
2024-07-03,220.80789184570312,100.78362274169922,197.58999633789062,40.1568717956543,45.71704864501953,151.72767639160156,97.72412872314453,185.14808654785156,327.80828857421875,31.033138275146484,142.302490234375,203.95977783203125,61.96802520751953,893.8234252929688,446.2651672363281,245.64910888671875,508.61083984375,122.95860290527344,458.1036376953125,128.24839782714844,158.60647583007812,26.459312438964844,160.91744995117188,17.942729949951172,246.38999938964844,484.22442626953125,267.49212646484375,39.14242935180664,67.70967864990234,111.91458129882812
2024-07-05,225.5818328857422,102.44808197021484,200.0,39.67577362060547,45.67788314819336,149.40399169921875,97.10970306396484,189.9108123779297,328.7318420410156,31.818159103393555,143.07412719726562,201.2572021484375,62.38877487182617,910.2151489257812,447.569580078125,246.7201385498047,538.4815673828125,123.54481506347656,464.8543395996094,125.79900360107422,160.35247802734375,26.79363250732422,162.27291870117188,18.029176712036133,251.52000427246094,482.3661804199219,268.8545227050781,39.285221099853516,69.49568939208984,110.55904388427734
2024-07-08,227.056884765625,100.57679748535156,199.2899932861328,39.881954193115234,45.10017776489258,149.42335510253906,96.9404525756836,188.34646606445312,333.66412353515625,33.77574157714844,142.0973663330078,201.6306610107422,61.605979919433594,913.6287231445312,444.3334655761719,243.5365447998047,527.919677734375,122.89021301269531,463.5419921875,128.16839599609375,158.13824462890625,26.67900848388672,163.5596160888672,18.067598342895508,252.94000244140625,483.6807861328125,264.91656494140625,39.532711029052734,69.13848114013672,109.39855194091797
2024-07-09,227.9139862060547,100.10404205322266,199.33999633789062,40.66741943359375,44.8455924987793,148.11627197265625,96.62186431884766,188.29664611816406,331.1979675292969,34.3719596862793,143.630859375,204.04823303222656,61.3417854309082,928.0596923828125,443.4559326171875,241.5418701171875,528.5978393554688,123.14423370361328,456.8807678222656,131.34764099121094,157.92364501953125,26.478412628173828,162.71490478515625,18.057992935180664,262.3299865722656,486.4187316894531,263.9619445800781,39.31377410888672,69.35678100585938,108.18930053710938
2024-07-10,232.19960021972656,101.49273681640625,199.7899932861328,40.98160934448242,45.3057975769043,150.1979217529297,96.5422134399414,190.4886932373047,338.1640319824219,34.65019226074219,145.9555206298828,204.2152862548828,61.47877883911133,935.3050537109375,432.4268798828125,246.13058471679688,533.2754516601562,124.37529754638672,463.55194091796875,134.87677001953125,159.57212829589844,27.080196380615234,163.8346405029297,18.270532608032227,263.260009765625,495.13677978515625,261.5355224609375,39.74430847167969,69.8628158569336,109.14498901367188
2024-07-11,226.80772399902344,102.60565185546875,195.0500030517578,41.05033874511719,45.785587310791016,150.3237762451172,96.17384338378906,184.8990020751953,347.6060791015625,33.2888298034668,146.21925354003906,203.87132263183594,61.74296569824219,929.69189453125,435.1990966796875,250.36558532714844,511.3435974121094,126.00691986083984,452.06878662109375,127.36861419677734,159.9232940673828,27.376310348510742,162.59703063964844,18.387527465820312,241.02999877929688,498.52703857421875,261.0880126953125,39.9571533203125,69.25756072998047,110.4420166015625
2024-07-12,229.76776123046875,102.64505767822266,194.49000549316406,40.83433151245117,46.39267349243164,150.64329528808594,96.70150756835938,184.40078735351562,353.4815368652344,34.27259063720703,146.3950653076172,201.4046173095703,62.33006286621094,943.8839721679688,438.8787536621094,249.48123168945312,497.5501403808594,124.82472229003906,450.9254150390625,129.20816040039062,162.2936248779297,27.624666213989258,163.64801025390625,18.33877944946289,248.22999572753906,505.6141662597656,264.26025390625,40.08292770385742,68.701904296875,110.4615249633789
2024-07-15,233.61483764648438,101.94207000732422,192.72000122070312,41.12887954711914,46.412254333496094,153.01539611816406,96.44265747070312,185.85549926757812,352.1944580078125,34.242774963378906,145.7699432373047,206.42648315429688,62.046302795410156,945.9341430664062,442.7579040527344,247.15248107910156,494.84735107421875,125.17643737792969,451.3330383300781,128.40835571289062,159.83551025390625,27.79660415649414,161.65411376953125,18.114540100097656,252.63999938964844,509.4097900390625,266.9551696777344,39.4637336730957,69.06902313232422,112.35342407226562
2024-07-16,234.03343200683594,101.7044448852539,193.02000427246094,43.328182220458984,46.43183898925781,152.7539825439453,98.03559875488281,183.2549591064453,362.6681213378906,34.12353515625,147.498779296875,209.9348907470703,62.88780212402344,937.1163940429688,442.2891845703125,252.79257202148438,488.4942321777344,122.55802154541016,446.9187316894531,126.32887268066406,160.71339416503906,28.178688049316406,163.9819793701172,18.377777099609375,256.55999755859375,542.5223388671875,267.7507019042969,40.10227584838867,69.44607543945312,113.162841796875
2024-07-17,228.1133270263672,103.64506530761719,187.92999267578125,43.180904388427734,47.508914947509766,156.1039581298828,96.8807144165039,180.3654327392578,365.3896789550781,34.242774963378906,152.9392852783203,213.12881469726562,63.807594299316406,901.27783203125,449.8978576660156,256.4576721191406,460.76776123046875,122.9976806640625,440.9534606933594,117.96092987060547,165.7174072265625,28.68494987487793,166.42770385742188,18.680011749267578,248.5,566.6500244140625,271.1815185546875,40.66341781616211,70.47798919677734,114.7231674194336
2024-07-18,223.4290771484375,99.08064270019531,183.75,42.22853088378906,47.038917541503906,156.82046508789062,96.36300659179688,177.04747009277344,359.6812438964844,34.65019226074219,151.80625915527344,206.35768127441406,63.788028717041016,844.8577880859375,447.46466064453125,255.00340270996094,474.5910949707031,121.3953628540039,437.82171630859375,121.06016540527344,166.1856231689453,28.37928009033203,165.44549560546875,18.67026138305664,249.22999572753906,557.8134155273438,267.6512756347656,40.702117919921875,70.26962280273438,115.85441589355469
2024-07-19,223.55862426757812,101.0212631225586,183.1300048828125,42.12053298950195,46.333919525146484,154.09010314941406,95.31764221191406,177.017578125,357.0087585449219,32.7721061706543,151.09324645996094,206.1611328125,63.88587188720703,853.386962890625,442.4487609863281,252.8024139404297,475.52862548828125,122.88043975830078,434.5805358886719,117.90093994140625,165.20042419433594,28.627635955810547,165.9662322998047,18.64101219177246,239.1999969482422,558.7919311523438,263.9818420410156,40.266746520996094,70.2001724243164,113.19209289550781
2024-07-22,223.20980834960938,102.6945571899414,182.5500030517578,41.53143310546875,45.84434127807617,151.998779296875,93.7147445678711,181.01307678222656,356.90069580078125,33.15964889526367,150.65370178222656,206.65249633789062,63.377052307128906,861.8464965820312,446.6868591308594,255.02310180664062,486.11053466796875,122.80227661132812,440.3768310546875,123.50955963134766,163.5421905517578,28.27420997619629,166.25279235839844,18.085290908813477,251.50999450683594,552.0706176757812,266.21929931640625,37.81901168823242,69.83303833007812,112.41192626953125
2024-07-23,224.25628662109375,102.892578125,186.41000366210938,41.63943099975586,45.393924713134766,149.19097900390625,90.538818359375,181.13262939453125,353.33416748046875,32.7422981262207,148.80764770507812,206.70164489746094,63.562965393066406,874.1077880859375,440.4842834472656,249.62863159179688,487.3971252441406,121.52236938476562,442.2757873535156,122.5597915649414,162.19607543945312,28.178688049316406,164.6421356201172,17.753808975219727,246.3800048828125,548.2848510742188,263.3155822753906,37.625511169433594,70.1009521484375,110.59805297851562
2024-07-24,217.80796813964844,106.1995620727539,180.8300018310547,41.42342758178711,45.873714447021484,150.13983154296875,89.40384674072266,172.0057830810547,344.1868591308594,31.50017547607422,152.64625549316406,204.9916534423828,64.39468383789062,855.7855224609375,431.2402038574219,248.96046447753906,460.0496826171875,123.02699279785156,426.4180603027344,114.22184753417969,164.03965759277344,28.637187957763672,166.00576782226562,18.680011749267578,215.99000549316406,553.2764892578125,252.7546844482422,38.380149841308594,70.05133056640625,112.15837860107422
2024-07-25,216.76148986816406,104.91241455078125,179.85000610351562,40.92269515991211,46.25558853149414,152.5312957763672,88.81644439697266,166.67510986328125,347.1148376464844,30.90395736694336,155.92813110351562,205.0702667236328,64.64909362792969,817.2797241210938,428.3981628417969,247.08372497558594,452.2104797363281,122.95860290527344,415.97882080078125,112.25232696533203,166.81967163085938,28.828231811523438,164.91880798339844,18.709260940551758,220.25,553.207275390625,252.32708740234375,38.65104675292969,69.47583770751953,114.51837158203125
2024-07-26,217.2299041748047,104.19953155517578,182.5,40.912872314453125,46.88225173950195,152.82176208496094,89.53327178955078,166.39613342285156,353.22607421875,31.152381896972656,156.90487670898438,208.57870483398438,65.60802459716797,800.7886352539062,436.95416259765625,247.6143035888672,464.4679870605469,122.38216400146484,422.8090515136719,113.03214263916016,168.50717163085938,29.806608200073242,167.1025848388672,18.533767700195312,219.8000030517578,563.131103515625,258.0152282714844,38.786495208740234,69.23770904541016,114.42085266113281
2024-07-29,217.50897216796875,103.73417663574219,183.1999969482422,40.343414306640625,46.98995590209961,151.6211700439453,91.7335205078125,168.91697692871094,355.34832763671875,30.63566017150879,154.8732452392578,207.21267700195312,65.39275360107422,803.9434814453125,440.0654296875,256.8703918457031,464.4778747558594,124.8442611694336,424.2606506347656,111.5625,168.9558868408203,29.75817108154297,167.912841796875,18.426523208618164,232.10000610351562,560.195556640625,260.143310546875,38.72844314575195,69.0789566040039,113.22135162353516
2024-07-30,218.0670928955078,104.27873229980469,181.7100067138672,40.529964447021484,47.1368293762207,154.49676513671875,93.3762435913086,169.67422485351562,357.3330383300781,29.94007110595703,157.57884216308594,211.47781372070312,66.22447204589844,786.447265625,446.1982727050781,261.8030090332031,461.964599609375,112.60214233398438,420.4726867675781,103.7044448852539,168.92660522460938,30.407196044921875,159.78054809570312,18.504518508911133,222.6199951171875,569.6647338867188,261.6349792480469,38.73812484741211,68.65229034423828,115.24002075195312
2024-07-31,221.3361053466797,104.89260864257812,186.97999572753906,39.57759094238281,47.440372467041016,155.36813354492188,93.27668762207031,170.91969299316406,361.7248840332031,30.546226501464844,154.17977905273438,209.12904357910156,65.3046875,800.4402465820312,462.4127197265625,260.7810974121094,473.57379150390625,110.53083801269531,415.92913818359375,116.99115753173828,168.42913818359375,29.583810806274414,158.8516845703125,18.76775550842285,232.07000732421875,569.4966430664062,264.1906433105469,39.2025146484375,68.1065673828125,115.64961242675781
2024-08-01,217.62857055664062,109.06098937988281,184.07000732421875,38.78230667114258,46.40245819091797,147.76771545410156,92.63951110839844,170.1425323486328,352.31231689453125,28.866878509521484,157.0220947265625,204.37254333496094,66.49845123291016,828.4761962890625,461.11639404296875,264.0727844238281,496.42315673828125,111.20498657226562,414.6962585449219,109.18309783935547,170.6628875732422,29.690364837646484,163.72317504882812,18.98224449157715,216.86000061035156,566.14599609375,264.4491882324219,39.52178192138672,69.24762725830078,114.0502700805664
2024-08-02,219.12355041503906,110.20951843261719,167.89999389648438,36.897193908691406,45.68767166137695,143.82711791992188,89.17485809326172,166.057373046875,349.2174072265625,21.3445987701416,160.32350158691406,195.70468139648438,67.8389892578125,800.62939453125,460.72747802734375,271.8746337890625,486.8486022949219,112.55327606201172,406.1261901855469,107.24356842041016,173.66725158691406,29.477252960205078,168.06106567382812,18.88475227355957,207.6699981689453,583.0086059570312,265.0955810546875,39.63788604736328,67.92796325683594,113.98200988769531
2024-08-05,208.5690155029297,107.5560073852539,161.02000427246094,35.98408889770508,43.80768585205078,140.06080627441406,87.39275360107422,158.67416381835938,343.89215087890625,19.983234405517578,157.5006866455078,191.53781127929688,66.63544464111328,771.5684814453125,440.76348876953125,263.7780456542969,474.4714050292969,109.72968292236328,392.8633728027344,100.42524719238281,169.76548767089844,28.808856964111328,166.06504821777344,18.4362735748291,198.8800048828125,563.3684692382812,255.01205444335938,38.505924224853516,67.0647201538086,111.92432403564453
2024-08-06,206.53585815429688,108.41741180419922,161.92999267578125,36.249183654785156,44.21893310546875,138.67625427246094,89.5730972290039,157.71762084960938,347.7239685058594,19.704999923706055,155.2737274169922,196.88397216796875,66.58651733398438,789.4031372070312,447.0458679199219,265.3599853515625,492.7828369140625,108.5963363647461,397.29754638671875,104.22431182861328,168.25357055664062,28.402006149291992,166.09469604492188,18.709260940551758,200.63999938964844,561.7770385742188,256.8218994140625,38.950965881347656,67.21355438232422,111.32946014404297
2024-08-07,209.1171875,108.85306549072266,162.77000427246094,36.62228012084961,44.17976379394531,137.88232421875,85.5807876586914,158.3652801513672,336.4151306152344,18.989999771118164,155.20533752441406,196.94293212890625,66.9876937866211,768.4633178710938,448.58154296875,264.6820373535156,487.62652587890625,109.9055404663086,396.1243591308594,98.88563537597656,167.57073974609375,27.94672203063965,168.0017852783203,18.76775550842285,191.75999450683594,559.5333251953125,255.0915985107422,38.97031784057617,66.3900146484375,112.811767578125
2024-08-08,212.59547424316406,108.67485046386719,165.8000030517578,37.51573944091797,44.87497329711914,139.8961944580078,85.5807876586914,161.444091796875,342.2513122558594,20.489999771118164,156.49465942382812,200.53981018066406,67.25189208984375,841.2848510742188,454.30548095703125,266.4703063964844,508.28173828125,111.30268859863281,400.3597106933594,104.94413757324219,168.13650512695312,27.859539031982422,168.84169006347656,18.913999557495117,198.83999633789062,559.6914672851562,258.3831787109375,39.2025146484375,67.13418579101562,114.96697235107422
2024-08-09,215.51568603515625,107.63522338867188,166.94000244140625,37.584476470947266,44.52247619628906,140.3802947998047,85.82968139648438,163.0781707763672,342.5461120605469,19.709999084472656,156.88534545898438,202.2498016357422,67.20296478271484,887.43408203125,455.50213623046875,263.2474365234375,516.4002075195312,111.91822052001953,403.67047119140625,104.72418975830078,168.156005859375,27.656112670898438,168.51560974121094,19.00174331665039,200.0,552.2979125976562,258.8315734863281,39.4250373840332,67.42192077636719,115.90316772460938
2024-08-12,217.0522918701172,106.7342300415039,166.8000030517578,37.47646713256836,43.9251823425293,140.40936279296875,85.5708236694336,161.70315551757812,339.7655334472656,19.360000610351562,156.1625518798828,202.63307189941406,66.70393371582031,880.1688232421875,454.4151916503906,264.77044677734375,514.5850219726562,110.87279510498047,404.4559020996094,108.9931411743164,167.2098388671875,27.559246063232422,164.8298797607422,18.943246841430664,197.49000549316406,558.75244140625,258.9610900878906,39.212188720703125,68.16609954833984,116.04944610595703
2024-08-13,220.78407287597656,107.16986846923828,170.22999572753906,37.761199951171875,44.424556732177734,139.56700134277344,85.22237396240234,163.56640625,343.95111083984375,20.469999313354492,154.7071990966797,204.35287475585938,66.9876937866211,903.7261352539062,458.07489013671875,265.60565185546875,527.1417236328125,111.76190185546875,411.6142578125,116.11138153076172,168.13650512695312,27.94672203063965,165.30418395996094,19.03099250793457,207.8300018310547,567.5989379882812,259.2002258300781,39.45405960083008,67.60052490234375,114.9377212524414
2024-08-14,221.23309326171875,108.80355834960938,170.10000610351562,38.1048469543457,44.493099212646484,140.07046508789062,85.9192886352539,159.7900848388672,349.4433898925781,19.920000076293945,154.79510498046875,206.6132049560547,67.10511779785156,927.24365234375,458.8726806640625,266.4310302734375,525.3663940429688,110.97050476074219,414.4477233886719,118.05091094970703,169.44358825683594,27.975780487060547,166.7962646484375,19.138235092163086,201.3800048828125,572.966064453125,260.2066650390625,39.570159912109375,68.12641143798828,116.00069427490234
2024-08-15,224.22650146484375,109.84317779541016,177.58999633789062,38.32084274291992,47.51870346069336,142.1327667236328,88.39830017089844,160.7167510986328,353.77630615234375,20.690000534057617,155.39093017578125,207.90061950683594,67.17361450195312,928.4395751953125,467.3987731933594,270.0863037109375,535.9085083007812,110.70670318603516,419.34808349609375,122.8297348022461,168.28282165527344,27.81110382080078,165.92669677734375,18.611764907836914,214.13999938964844,572.9067993164062,265.84637451171875,38.73812484741211,72.61128234863281,116.71832275390625
2024-08-16,225.5535888671875,109.90258026123047,177.05999755859375,38.625213623046875,48.429325103759766,142.5878143310547,88.90605163574219,162.37074279785156,355.7315368652344,20.8700008392334,155.68394470214844,210.27886962890625,67.69221496582031,919.011474609375,467.5682678222656,273.6432800292969,526.024658203125,111.05844116210938,416.7983093261719,124.54930877685547,168.38035583496094,27.4139404296875,165.89706420898438,18.85550308227539,216.1199951171875,570.9990844726562,266.42431640625,39.289588928222656,73.0869140625,116.16780853271484
2024-08-19,225.39393615722656,110.79368591308594,178.22000122070312,38.949214935302734,48.93849182128906,143.75286865234375,90.41934204101562,166.06732177734375,356.7238464355469,21.520000457763672,155.9183807373047,211.7333221435547,67.49652099609375,918.7025146484375,465.6736145019531,282.5456237792969,527.8797607421875,111.79120635986328,419.8460998535156,129.96795654296875,169.5509033203125,27.898286819458008,166.4207763671875,19.00174331665039,222.72000122070312,572.08642578125,265.517578125,39.41536331176758,73.35558319091797,116.5217056274414
2024-08-20,226.0125732421875,109.67485809326172,178.8800048828125,37.987022399902344,49.19307327270508,141.65771484375,89.34410858154297,166.5754852294922,360.8504333496094,20.989999771118164,156.43605041503906,210.81936645507812,67.88790893554688,946.767578125,467.8076171875,280.6590576171875,525.3364868164062,112.49465942382812,423.10302734375,127.2186508178711,171.5310516357422,27.99515724182129,168.38714599609375,19.00174331665039,221.10000610351562,573.934814453125,267.08197021484375,39.52178192138672,74.1715316772461,112.63863372802734
2024-08-21,225.90280151367188,110.28872680664062,180.11000061035156,38.045928955078125,49.39869689941406,142.27452087402344,90.31978607177734,165.2502899169922,363.98468017578125,21.40999984741211,157.67649841308594,210.8979949951172,68.07382202148438,948.7608032226562,466.69073486328125,284.6679992675781,533.744140625,113.36421203613281,422.4456787109375,128.4683380126953,170.90676879882812,28.12108612060547,168.14012145996094,19.050493240356445,223.27000427246094,571.3846435546875,267.24139404296875,39.71528244018555,74.86807250976562,111.92100524902344
2024-08-22,224.03692626953125,110.99170684814453,176.1300048828125,38.52702713012695,49.173492431640625,142.67591857910156,89.5233154296875,163.20770263671875,358.97381591796875,20.100000381469727,158.57513427734375,212.89295959472656,67.8389892578125,950.953369140625,467.5084533691406,284.17669677734375,530.522705078125,113.87226867675781,413.8899841308594,123.70951080322266,171.42373657226562,27.87891387939453,168.13023376464844,19.021244049072266,210.66000366210938,572.027099609375,266.9823303222656,39.541133880615234,75.20639038085938,112.78609466552734
2024-08-23,226.3418426513672,111.57587432861328,177.0399932861328,39.047401428222656,49.682655334472656,144.52630615234375,90.16049194335938,165.0211181640625,369.0250244140625,20.540000915527344,160.31373596191406,214.54397583007812,68.28909301757812,949.5282592773438,465.1351013183594,284.4813232421875,526.6030883789062,113.9211196899414,415.1250305175781,129.33811950683594,171.550537109375,27.99515724182129,167.161865234375,19.23573112487793,220.32000732421875,577.7501831054688,266.484130859375,39.870079040527344,75.32579040527344,114.34915161132812
2024-08-26,226.68109130859375,111.58577728271484,175.5,39.19467544555664,49.73161315917969,145.38787841796875,91.37510681152344,165.5591583251953,367.57086181640625,20.1299991607666,160.78257751464844,215.38916015625,69.3165054321289,947.3257446289062,467.3289794921875,283.65594482421875,519.7413330078125,113.59869384765625,411.83819580078125,126.42884063720703,171.6480712890625,28.014530181884766,168.32786560058594,19.26498031616211,213.2100067138672,580.33984375,267.2513427734375,40.14097595214844,75.65416717529297,116.79695892333984
2024-08-27,227.5292205810547,111.98181915283203,173.1199951171875,38.949214935302734,49.65327835083008,143.87034606933594,90.49899291992188,164.0845184326172,366.6571350097656,20.06999969482422,160.36923217773438,216.3817138671875,69.96231079101562,951.2623901367188,473.6611633300781,284.5992736816406,517.7266235351562,113.82342529296875,412.1867980957031,128.26840209960938,170.99453735351562,27.917659759521484,167.2409210205078,19.15773582458496,209.2100067138672,580.5572509765625,269.75238037109375,40.10227584838867,75.75366973876953,115.68610382080078
2024-08-28,225.99261474609375,111.78379821777344,170.8000030517578,39.2241325378418,48.811195373535156,142.9402618408203,89.09521484375,162.26113891601562,366.17572021484375,19.610000610351562,161.32386779785156,217.4725799560547,70.20693969726562,945.7410888671875,470.4801025390625,282.0543212890625,515.412841796875,114.70274353027344,408.95977783203125,125.57905578613281,169.64842224121094,27.849853515625,167.0531768798828,19.323476791381836,205.75,581.7334594726562,268.22784423828125,40.14097595214844,75.70391845703125,114.54576110839844
2024-08-29,229.28536987304688,111.64518737792969,172.1199951171875,39.44013214111328,49.339942932128906,144.33050537109375,89.4137954711914,161.19500732421875,362.8345947265625,20.1299991607666,161.6289520263672,218.376708984375,70.50048828125,937.030517578125,479.4549255371094,282.8501892089844,516.8489990234375,114.7613525390625,411.4696960449219,117.56101989746094,167.86337280273438,27.820791244506836,168.01165771484375,19.26498031616211,206.27999877929688,584.728515625,273.33953857421875,39.90877914428711,76.042236328125,116.12848663330078
2024-08-30,228.49710083007812,112.15013885498047,178.5,40.00959396362305,49.486820220947266,144.84939575195312,89.98128509521484,162.7892303466797,364.2580261230469,22.040000915527344,163.23313903808594,220.92202758789062,70.91146087646484,956.78369140625,481.9878234863281,283.6363220214844,519.9307861328125,115.7286148071289,415.4736328125,119.34059143066406,168.63397216796875,28.101713180541992,169.50372314453125,19.401472091674805,214.11000061035156,583.3743286132812,275.3821716308594,40.421546936035156,76.84823608398438,115.94171142578125
2024-09-03,222.28077697753906,113.52640533447266,176.25,39.96050262451172,49.01682662963867,141.62835693359375,88.73680114746094,156.79098510742188,360.54132080078125,20.100000381469727,164.51255798339844,216.49964904785156,71.4398422241211,953.3054809570312,480.771240234375,282.1834716796875,510.4060974121094,113.90158081054688,407.80438232421875,107.973388671875,173.17953491210938,27.4139404296875,172.4483642578125,19.918195724487305,210.60000610351562,591.7562866210938,277.5444641113281,41.534156799316406,76.78852844238281,113.51355743408203
2024-09-04,220.36500549316406,113.26897430419922,173.3300018310547,39.764137268066406,48.66432571411133,139.09263610839844,88.85626983642578,155.88429260253906,360.47216796875,19.43000030517578,164.70938110351562,215.54638671875,70.99951171875,943.1199340820312,481.7884216308594,284.66412353515625,511.38348388671875,113.13949584960938,407.26654052734375,106.18383026123047,174.1354522705078,27.501123428344727,173.81198120117188,20.0546875,219.41000366210938,597.1926879882812,279.4874572753906,40.13130187988281,76.85818481445312,112.12744903564453
2024-09-05,221.89163208007812,111.98181915283203,177.88999938964844,39.410675048828125,48.106204986572266,137.97650146484375,88.25891876220703,156.67141723632812,357.6846008300781,19.399999618530273,162.37692260742188,213.87571716308594,69.63941192626953,909.6730346679688,476.0245361328125,284.6048583984375,515.4926147460938,115.86539459228516,406.7585754394531,107.18358612060547,174.89630126953125,27.617366790771484,173.3870849609375,20.13268280029297,230.1699981689453,588.6031494140625,277.6241455078125,39.96683120727539,76.5795669555664,111.25251770019531
2024-09-06,220.3350830078125,112.73431396484375,171.38999938964844,38.303855895996094,47.48933410644531,135.65618896484375,87.55205535888672,150.374267578125,355.9053039550781,18.889999389648438,161.77658081054688,208.79490661621094,69.61005401611328,899.6669311523438,474.78802490234375,286.1268615722656,498.9465026855469,115.13262176513672,400.0953063964844,102.80465698242188,174.30166625976562,27.665800094604492,173.5056610107422,20.44466781616211,210.72999572753906,589.9771118164062,278.3714599609375,39.81203079223633,76.26115417480469,110.73149871826172
2024-09-09,220.42486572265625,115.27890014648438,175.39999389648438,39.0055046081543,47.68516540527344,137.35972595214844,87.95027923583984,148.36888122558594,361.3123474121094,19.06999969482422,163.9712677001953,213.06985473632812,70.3047866821289,905.2081298828125,485.7273254394531,287.88604736328125,503.45452880859375,112.75846099853516,404.0992431640625,106.44377899169922,175.13710021972656,28.489187240600586,173.97007751464844,20.96139144897461,216.27000427246094,587.2291870117188,284.58917236328125,41.340660095214844,76.95768737792969,113.06135559082031
2024-09-10,219.6266326904297,115.95217895507812,179.5500030517578,38.8177375793457,47.77328872680664,135.33309936523438,88.01002502441406,148.31900024414062,366.6007385253906,18.979999542236328,164.7290802001953,202.01393127441406,70.01124572753906,898.2117919921875,486.65472412109375,287.86627197265625,503.45452880859375,112.6802978515625,412.5453796386719,108.0733642578125,174.76361083984375,28.808856964111328,175.67953491210938,21.166128158569336,226.1699981689453,592.102294921875,284.3200988769531,42.230743408203125,78.42041778564453,108.94234466552734
2024-09-11,222.1710205078125,115.44721984863281,184.52000427246094,38.54103469848633,48.08661651611328,134.99044799804688,87.93037414550781,150.81326293945312,366.2251281738281,19.639999389648438,162.20960998535156,203.6551055908203,69.55136108398438,917.78564453125,486.81427001953125,286.8384704589844,510.47589111328125,112.07453918457031,421.3500671386719,116.8812026977539,172.7683868408203,28.731359481811523,171.85548400878906,20.912643432617188,228.1300048828125,582.9295654296875,282.9450378417969,42.3758659362793,78.45027160644531,107.8609848022461
2024-09-12,222.28077697753906,115.6749496459961,187.0,38.32362365722656,48.576202392578125,136.29257202148438,88.90605163574219,154.33517456054688,370.1197509765625,19.360000610351562,162.03245544433594,203.03598022460938,69.69813537597656,931.8679809570312,490.7332763671875,288.9336853027344,524.20947265625,112.60214233398438,425.29425048828125,119.12083435058594,174.21319580078125,28.24701690673828,171.41082763671875,21.049135208129883,229.80999755859375,581.6148681640625,284.35003662109375,42.43391799926758,79.26622772216797,109.34539794921875
2024-09-13,222.01138305664062,115.24919891357422,186.49000549316406,38.195152282714844,48.76224136352539,137.66322326660156,90.15054321289062,157.0988311767578,375.6157531738281,19.65999984741211,162.89852905273438,200.7953338623047,70.3532943725586,920.5961303710938,491.9797668457031,293.0648193359375,523.2321166992188,113.1981201171875,428.8699035644531,119.0808334350586,174.32131958007812,28.353572845458984,172.0135955810547,21.097883224487305,230.2899932861328,587.4466552734375,286.3229675292969,42.985382080078125,80.20157623291016,109.2667465209961
2024-09-16,215.84495544433594,116.46703338623047,184.88999938964844,38.63985824584961,49.966609954833984,139.11221313476562,91.4448013305664,157.6974334716797,377.6125183105469,20.90999984741211,164.34524536132812,204.27426147460938,71.03307342529297,920.4266357421875,496.317626953125,293.2229309082031,532.3765869140625,116.02094268798828,429.6169128417969,116.7612075805664,174.17388916015625,29.128524780273438,175.13607788085938,21.712100982666016,226.77999877929688,584.3914794921875,289.4417724609375,43.53684997558594,80.16177368164062,110.80032348632812
2024-09-17,216.31390380859375,116.96208953857422,186.8800048828125,39.08456039428711,49.555362701416016,140.404541015625,92.45034790039062,158.95455932617188,378.8283386230469,21.469999313354492,164.4239959716797,205.64027404785156,70.73751831054688,903.1251831054688,499.58843994140625,290.3172912597656,535.411376953125,116.34552001953125,433.41168212890625,115.57140350341797,173.83970642089844,28.896038055419922,173.792236328125,21.234376907348633,227.8699951171875,573.3016357421875,290.51788330078125,42.646766662597656,78.21146392822266,112.24540710449219
2024-09-18,220.20535278320312,113.74422454833984,186.42999267578125,39.15373992919922,49.51619338989258,140.94302368164062,93.16717529296875,159.4434356689453,379.5895080566406,20.770000457763672,163.5185546875,203.94993591308594,70.6882553100586,901.9192504882812,493.3758850097656,288.6174011230469,537.0386962890625,116.68976593017578,429.0890197753906,113.35176086425781,172.20816040039062,28.818544387817383,171.85548400878906,21.185626983642578,227.1999969482422,575.969970703125,287.4489440917969,42.453269958496094,78.63933563232422,112.63863372802734
2024-09-19,228.3673858642578,113.02143859863281,189.8699951171875,40.3890266418457,50.368064880371094,141.95143127441406,93.0377426147461,161.76808166503906,385.84661865234375,21.139999389648438,162.20960998535156,206.8490447998047,69.5749740600586,911.9552612304688,491.6307678222656,290.4161376953125,558.15283203125,115.30294799804688,436.93756103515625,117.85104370117188,171.66757202148438,28.731359481811523,169.50372314453125,20.82489776611328,243.9199981689453,572.4188232421875,284.2204895019531,42.511314392089844,77.65422821044922,114.03457641601562
2024-09-20,227.6988525390625,112.57588195800781,191.60000610351562,39.79608917236328,50.88702392578125,142.62696838378906,93.33641815185547,163.21475219726562,385.3721618652344,21.84000015258789,161.56007385253906,207.4485321044922,70.57987976074219,918.3836059570312,491.36151123046875,293.3612976074219,560.3989868164062,115.24392700195312,433.53118896484375,115.98133850097656,168.2471923828125,28.49887466430664,172.1519317626953,21.000389099121094,238.25,570.365478515625,283.7521667480469,42.88863754272461,78.669189453125,113.31694030761719
2024-09-23,225.97265625,113.67491912841797,193.8800048828125,39.400794982910156,51.10243606567383,144.44798278808594,92.55986022949219,161.47874450683594,387.4479675292969,22.559999465942383,160.63494873046875,207.79249572753906,70.66854858398438,915.423583984375,495.7492370605469,295.56524658203125,563.4537963867188,113.72924041748047,431.77825927734375,116.24130249023438,169.16127014160156,28.392318725585938,171.707275390625,20.95163917541504,250.0,568.7882690429688,287.5983581542969,42.82090759277344,79.93291473388672,115.37152862548828
2024-09-24,226.8706817626953,112.21944427490234,193.9600067138672,38.98573684692383,51.425559997558594,144.35987854003906,93.27668762207031,161.917724609375,396.0478515625,22.809999465942383,160.20191955566406,207.93991088867188,70.27446746826172,921.3136596679688,486.04644775390625,296.7611083984375,562.3756713867188,113.07025909423828,427.4555969238281,120.85055541992188,167.0087890625,28.576370239257812,171.18356323242188,21.049135208129883,254.27000427246094,570.553955078125,271.8050231933594,43.20790481567383,80.27122497558594,115.06678771972656
2024-09-25,225.8728790283203,111.49666595458984,192.52999877929688,38.788089752197266,51.552852630615234,140.9528045654297,93.50566864013672,161.11956787109375,392.3607482910156,23.540000915527344,158.05645751953125,206.56407165527344,70.39268493652344,921.4432373046875,488.08074951171875,296.9587707519531,567.34716796875,112.84403991699219,430.3838195800781,123.4901351928711,166.4976806640625,28.02421760559082,170.21517944335938,21.019887924194336,257.0199890136719,571.6649169921875,268.6662902832031,43.10148239135742,80.99762725830078,112.82540893554688
2024-09-26,227.02035522460938,111.61548614501953,191.16000366210938,39.05491638183594,51.74868392944336,139.01431274414062,94.78002166748047,162.35671997070312,392.1334533691406,23.920000076293945,158.8339385986328,206.1611328125,70.34342956542969,906.254638671875,489.8956298828125,300.1015930175781,566.8779907226562,111.23100280761719,429.5870361328125,124.02005004882812,166.78273010253906,28.062963485717773,171.15391540527344,21.10763168334961,254.22000122070312,570.177001953125,270.71893310546875,43.16920471191406,79.52494049072266,110.88880157470703
2024-09-27,227.2897491455078,111.31844329833984,187.97000122070312,38.93632888793945,51.915138244628906,142.4409637451172,95.5864486694336,163.5739288330078,394.93084716796875,23.90999984741211,158.84376525878906,206.86871337890625,70.7276611328125,874.8308715820312,492.259033203125,300.1411437988281,566.3988037109375,111.82113647460938,426.3101501464844,121.38047790527344,167.08741760253906,28.17920684814453,171.48988342285156,21.351367950439453,260.4599914550781,577.1602172851562,274.1864929199219,43.43042755126953,79.38562774658203,113.85762023925781
2024-09-30,232.4883270263672,112.88282775878906,186.3300018310547,39.21303176879883,52.1109733581543,144.18365478515625,95.76565551757812,165.46957397460938,400.5355529785156,23.459999084472656,159.49331665039062,207.22250366210938,70.796630859375,882.9534301757812,492.4185485839844,300.9515686035156,571.47021484375,111.69327545166016,428.5810546875,121.42046356201172,167.13656616210938,28.033905029296875,171.14402770996094,21.448863983154297,261.6300048828125,579.9674072265625,273.9672546386719,43.44977569580078,80.35083770751953,115.2339096069336
2024-10-01,225.71324157714844,112.43727111816406,185.1300048828125,38.758445739746094,51.6409797668457,146.56272888183594,93.63510131835938,166.60696411132812,404.34124755859375,22.690000534057617,159.4244384765625,203.46839904785156,70.64884948730469,881.4983520507812,494.9913635253906,299.439453125,575.4933471679688,112.85387420654297,419.00946044921875,116.9811782836914,168.4437713623047,27.772357940673828,170.98593139648438,21.575607299804688,258.0199890136719,578.5985107421875,276.6078186035156,43.740020751953125,80.86825561523438,117.89798736572266
2024-10-02,226.281982421875,112.5164794921875,184.75999450683594,38.76832580566406,51.917236328125,147.78651428222656,93.73465728759766,165.47955322265625,406.52581787109375,22.389999389648438,158.61741638183594,203.71408081054688,69.9592056274414,888.066162109375,494.1836242675781,300.2103271484375,571.839599609375,110.23760223388672,415.4636535644531,118.83087921142578,166.64512634277344,27.714235305786133,169.8792266845703,21.634105682373047,249.02000427246094,587.5359497070312,276.00994873046875,43.58522033691406,80.03241729736328,119.46104431152344
2024-10-03,225.17440795898438,111.12042999267578,181.9600067138672,38.788089752197266,51.729774475097656,148.0802459716797,93.21694946289062,165.47955322265625,406.84210205078125,22.260000228881836,157.95803833007812,201.6896209716797,69.47644805908203,882.5647583007812,493.5852966308594,299.9039611816406,581.78271484375,108.36883544921875,414.87603759765625,122.83023834228516,165.64259338378906,27.452688217163086,168.1005859375,21.49761199951172,240.66000366210938,587.9723510742188,275.87042236328125,43.07246017456055,80.03241729736328,120.50308990478516
2024-10-04,226.30194091796875,111.5263671875,186.50999450683594,39.637969970703125,52.045501708984375,147.5809326171875,94.7302474975586,166.6768035888672,403.6591796875,22.59000015258789,157.7513427734375,208.84832763671875,69.13162994384766,884.1692504882812,496.3076477050781,300.2103271484375,594.930419921875,107.965576171875,414.39794921875,124.89990234375,165.0922088623047,27.6851749420166,166.8753204345703,21.361120223999023,250.0800018310547,586.4349365234375,276.93658447265625,42.74351119995117,80.53990173339844,122.7149658203125
2024-10-07,221.20315551757812,112.23925018310547,180.8000030517578,39.48973846435547,51.8087043762207,147.9529571533203,91.982421875,162.6061553955078,403.3626708984375,22.3799991607666,157.00338745117188,208.5615692138672,67.98880004882812,895.3713989257812,489.9255676269531,297.3343505859375,583.7893676757812,106.80496215820312,407.90399169921875,127.69945526123047,164.34521484375,28.285764694213867,165.13619995117188,21.234376907348633,240.8300018310547,578.8564453125,272.8114013671875,42.41456604003906,78.70899200439453,123.24581909179688
2024-10-08,225.27420043945312,113.49668884277344,182.72000122070312,39.46009063720703,52.0257682800293,145.63262939453125,92.10189056396484,164.00294494628906,409.4122009277344,23.31999969482422,157.16085815429688,208.38360595703125,68.15628814697266,910.6397705078125,495.66943359375,298.3720397949219,591.8855590820312,106.73612213134766,413.0533447265625,132.86862182617188,167.50021362304688,28.266389846801758,166.1638641357422,21.3123722076416,244.5,576.8924560546875,273.97723388671875,42.579036712646484,79.31597137451172,119.97223663330078
2024-10-09,229.03591918945312,114.80364227294922,185.1699981689453,39.7170295715332,52.84468460083008,146.51377868652344,93.18708038330078,161.4887237548828,411.28045654296875,23.459999084472656,158.10565185546875,211.02362060546875,68.54051208496094,916.6394653320312,499.2142333984375,300.27947998046875,589.5095825195312,108.45735168457031,415.7923278808594,132.62864685058594,169.58389282226562,29.244766235351562,167.26068115234375,21.380619049072266,241.0500030517578,586.4547119140625,275.940185546875,42.67578887939453,80.0025634765625,120.0213851928711
2024-10-10,228.53701782226562,114.47691345214844,186.64999389648438,39.49961853027344,52.824951171875,147.46343994140625,92.57977294921875,161.70822143554688,405.2407531738281,23.219999313354492,157.96786499023438,210.45013427734375,68.22525024414062,907.6199951171875,497.28704833984375,300.487060546875,582.8408813476562,107.60165405273438,414.1788330078125,134.78829956054688,170.02618408203125,28.42137908935547,166.94447326660156,20.95403289794922,238.77000427246094,592.8825073242188,276.478271484375,42.202178955078125,79.21646881103516,121.05360412597656
2024-10-11,227.05029296875,114.97196197509766,188.82000732421875,41.45631790161133,53.52546691894531,148.24667358398438,93.7147445678711,162.8655548095703,407.1584167480469,23.559999465942383,158.90283203125,219.7940216064453,68.54051208496094,928.91796875,501.5208435058594,301.4753723144531,588.9505615234375,107.92623901367188,414.6568908691406,134.7783203125,171.81500244140625,28.24701690673828,169.05906677246094,21.102153778076172,217.8000030517578,593.2296752929688,276.846923828125,42.25130844116211,79.70404052734375,121.51564025878906
2024-10-14,230.79205322265625,116.09078979492188,187.5399932861328,41.41679000854492,53.54520034790039,148.59913635253906,94.55104064941406,164.5816192626953,410.637939453125,23.440000534057617,159.04061889648438,218.9931182861328,69.29911804199219,926.3765869140625,505.91436767578125,306.2192687988281,589.419677734375,107.88689422607422,417.4656677246094,138.0478057861328,173.08291625976562,28.169519424438477,170.46221923828125,20.993532180786133,219.16000366210938,600.5204467773438,279.6767883300781,42.4379997253418,79.89310455322266,121.97767639160156
2024-10-15,233.33645629882812,115.4441909790039,187.69000244140625,41.644081115722656,53.35773849487305,144.63400268554688,93.8043441772461,165.08047485351562,410.79608154296875,22.65999984741211,161.5010223388672,219.89291381835938,69.29911804199219,910.2411499023438,506.4835205078125,309.6783447265625,585.2767944335938,109.69664001464844,417.0672302246094,131.57884216308594,172.88632202148438,28.518251419067383,171.5096435546875,21.240398406982422,219.57000732421875,551.8062744140625,278.2917785644531,42.97842788696289,81.24638366699219,118.31086730957031
2024-10-16,231.27099609375,117.20494842529297,186.88999938964844,42.29631423950195,55.62702178955078,145.613037109375,96.32318878173828,164.78115844726562,413.79119873046875,22.309999465942383,161.67816162109375,221.12887573242188,69.52571105957031,913.3306884765625,513.3134765625,309.2632751464844,575.8128051757812,108.60488891601562,414.45770263671875,135.6981658935547,171.4906463623047,28.741046905517578,170.33377075195312,21.437891006469727,221.3300018310547,566.7349853515625,286.4923095703125,43.14546585083008,80.81851196289062,118.6156234741211
2024-10-17,231.6401824951172,117.27458190917969,187.52999877929688,42.09866714477539,55.64675521850586,148.03128051757812,96.1141128540039,162.55625915527344,410.81585693359375,22.440000534057617,161.8651580810547,221.9001007080078,68.86563110351562,914.0283203125,513.00390625,311.0224914550781,575.9525756835938,107.9458999633789,415.0552978515625,136.90797424316406,171.67739868164062,28.353572845458984,170.23495483398438,21.457639694213867,220.88999938964844,561.4677734375,289.35211181640625,43.086509704589844,80.4901351928711,118.31086730957031
2024-10-18,234.48391723632812,118.7667465209961,188.99000549316406,41.82196044921875,56.0019416809082,147.59072875976562,96.85084533691406,163.04515075683594,410.2227478027344,22.770000457763672,162.50485229492188,222.8394317626953,69.39764404296875,914.8754272460938,515.5801391601562,312.8607482910156,575.4933471679688,106.91316223144531,416.48956298828125,137.97779846191406,172.0607147216797,28.305137634277344,170.24191284179688,21.57613754272461,220.6999969482422,565.0189208984375,289.5812683105469,43.22407531738281,80.90806579589844,117.97663116455078
2024-10-21,235.96067810058594,116.3792724609375,189.07000732421875,41.268550872802734,55.8342170715332,147.71800231933594,96.19376373291016,163.69366455078125,401.72174072265625,22.84000015258789,160.25112915039062,220.4960479736328,68.42228698730469,903.0753784179688,514.2520751953125,311.21026611328125,574.1856079101562,104.59194946289062,417.1070861816406,143.6868896484375,172.01156616210938,28.02421760559082,168.512451171875,21.388517379760742,218.85000610351562,566.8638916015625,285.8247375488281,42.93912124633789,80.41053771972656,118.04544830322266
2024-10-22,235.342041015625,115.51382446289062,189.6999969482422,41.80219650268555,55.844078063964844,147.7571563720703,96.31322479248047,164.76119995117188,397.2241516113281,22.399999618530273,160.86131286621094,221.6034698486328,68.42228698730469,906.085205078125,512.2650146484375,311.0125732421875,581.0239868164062,104.88703155517578,425.8022155761719,143.56690979003906,171.38253784179688,27.937034606933594,168.67147827148438,21.23052406311035,217.97000122070312,565.266845703125,283.7721252441406,40.777427673339844,81.61455535888672,118.65493774414062
2024-10-23,230.25323486328125,116.39917755126953,184.7100067138672,41.84172821044922,55.52835464477539,147.3263702392578,95.8154296875,162.4066162109375,395.0395812988281,21.979999542236328,163.23313903808594,220.90145874023438,67.00360107421875,900.205078125,512.9739379882812,295.08099365234375,562.7350463867188,104.63129425048828,422.9038391113281,139.5375518798828,169.9868621826172,27.956409454345703,168.55221557617188,22.208114624023438,213.64999389648438,560.0889892578125,282.74578857421875,42.113746643066406,82.8583755493164,118.23222351074219
2024-10-24,230.0636749267578,115.93162536621094,186.3800048828125,42.1480827331543,55.21263122558594,147.2969970703125,94.97914123535156,162.34674072265625,398.0445556640625,22.34000015258789,161.07781982421875,222.4538116455078,66.30410766601562,888.3153076171875,509.8685302734375,298.0557861328125,566.818115234375,104.13951873779297,423.0333251953125,140.38742065429688,169.21041870117188,27.743297576904297,168.5919647216797,21.921751022338867,260.4800109863281,556.289794921875,282.20770263671875,41.131160736083984,82.6295166015625,117.5637435913086
2024-10-25,230.9018096923828,113.62374114990234,187.8300018310547,41.39702224731445,54.99557113647461,147.6494598388672,94.61077117919922,164.89089965820312,394.3179626464844,22.68000030517578,158.33201599121094,219.8137969970703,65.92972564697266,889.690673828125,506.6133117675781,289.19061279296875,572.27880859375,102.27075958251953,426.43963623046875,141.51722717285156,168.8467254638672,27.559246063232422,167.20045471191406,21.556386947631836,269.19000244140625,560.0096435546875,280.7230529785156,40.659515380859375,82.10213470458984,117.46543884277344
2024-10-28,232.88743591308594,113.47451782226562,188.38999938964844,42.118431091308594,54.541709899902344,147.38511657714844,95.7756118774414,166.3375701904297,398.2521667480469,22.920000076293945,159.04061889648438,222.9679718017578,65.68342590332031,892.5709228515625,507.4620666503906,293.3218078613281,577.1804809570312,102.51664733886719,424.8858642578125,140.49740600585938,166.93014526367188,27.956409454345703,168.27391052246094,21.83287811279297,262.510009765625,560.6841430664062,283.17425537109375,40.89533615112305,82.34095001220703,116.88543701171875
2024-10-29,233.15684509277344,112.80802154541016,190.8300018310547,42.02949142456055,54.936370849609375,145.40745544433594,95.70591735839844,169.290771484375,390.5221862792969,22.899999618530273,157.5545196533203,220.3971710205078,64.58985137939453,900.533935546875,505.534912109375,291.55267333984375,592.2749633789062,102.02486419677734,430.2244873046875,141.22727966308594,164.63023376464844,27.568931579589844,166.1568145751953,21.902000427246094,259.5199890136719,557.5991821289062,280.87249755859375,40.610389709472656,81.29613494873047,115.29288482666016
2024-10-30,229.5946807861328,113.85253143310547,192.72999572753906,41.81208419799805,54.847572326660156,144.94729614257812,94.66055297851562,174.059814453125,388.00152587890625,22.299999237060547,158.06629943847656,221.8902130126953,64.94452667236328,843.9752807617188,512.9340209960938,288.11334228515625,590.79736328125,103.10678100585938,430.8021545410156,139.3175811767578,163.3623504638672,27.62705421447754,165.15293884277344,21.744007110595703,257.54998779296875,558.4224853515625,289.1228942871094,40.561256408691406,80.9876708984375,114.71288299560547
2024-10-31,225.4138946533203,112.7781753540039,186.39999389648438,41.32784652709961,54.03852462768555,145.701171875,95.7756118774414,170.71751403808594,389.2173767089844,21.520000457763672,157.3281707763672,219.4281768798828,64.34355163574219,826.94287109375,498.854736328125,288.6964416503906,566.6184692382812,100.6380386352539,404.72674560546875,132.7386474609375,163.2345733642578,27.4139404296875,164.1788787841797,22.257490158081055,249.85000610351562,559.9500732421875,288.8139953613281,41.39645767211914,81.5448989868164,114.80136108398438
2024-11-01,222.42047119140625,117.98087310791016,197.92999267578125,41.268550872802734,54.75877380371094,149.8621063232422,95.3873291015625,170.89707946777344,388.0707092285156,23.200000762939453,157.59390258789062,220.4367218017578,64.0479965209961,816.1693115234375,507.3322448730469,291.7602233886719,566.1990966796875,100.20526885986328,408.7306823730469,135.3782196044922,162.75296020507812,27.21051597595215,164.099365234375,21.842754364013672,248.97999572753906,562.9854736328125,289.7008056640625,40.63986587524414,81.78372192382812,113.00236511230469
2024-11-04,221.52244567871094,117.03583526611328,195.77999877929688,40.8436164855957,55.08436584472656,150.7432403564453,95.36742401123047,168.85179138183594,391.01641845703125,22.520000457763672,155.73382568359375,217.31219482421875,64.14651489257812,803.4224243164062,504.8359375,289.4278259277344,559.7301635742188,100.19544219970703,406.82830810546875,136.0281219482422,163.49012756347656,26.89084815979004,164.07948303222656,21.645259857177734,242.83999633789062,553.2743530273438,290.8068542480469,40.345088958740234,82.04242706298828,116.60035705566406
2024-11-05,222.95928955078125,117.11541748046875,199.5,41.387142181396484,55.40995788574219,150.19497680664062,96.2037124633789,169.3506622314453,395.4844055175781,23.31999969482422,155.8420867919922,219.00302124023438,64.40266418457031,803.3427124023438,504.81597900390625,293.8455810546875,571.460205078125,99.97905731201172,409.8163146972656,139.8874969482422,164.9742431640625,27.1136474609375,164.75535583496094,21.773630142211914,251.44000244140625,562.4597778320312,292.2417297363281,40.541603088378906,83.26634979248047,116.94441986083984
2024-11-06,222.23089599609375,116.19026947021484,207.08999633789062,44.8755989074707,57.09711837768555,154.41464233398438,98.45374298095703,176.10511779785156,383.8992919921875,25.049999237060547,155.37953186035156,244.285888671875,62.75737762451172,773.7627563476562,520.363037109375,290.5643615722656,571.0808715820312,99.07417297363281,418.50146484375,145.58657836914062,161.8880615234375,26.503374099731445,160.07391357421875,22.040245056152344,288.5299987792969,591.8806762695312,306.30126953125,40.4433479309082,83.02754211425781,118.94985961914062
2024-11-07,226.98043823242188,114.69810485839844,210.0500030517578,44.243133544921875,57.304317474365234,153.48455810546875,98.49356842041016,180.3354034423828,394.84185791015625,26.229999542236328,154.24774169921875,233.725830078125,62.71796798706055,794.76171875,517.1178588867188,291.2166442871094,590.6976318359375,99.5069351196289,423.7304992675781,148.85606384277344,161.19021606445312,26.60024070739746,162.41961669921875,21.763755798339844,296.9100036621094,600.570068359375,304.70697021484375,39.863616943359375,83.43550872802734,119.09732055664062
2024-11-08,226.7107391357422,115.98136138916016,208.17999267578125,44.59889602661133,57.284584045410156,153.64120483398438,98.58316802978516,177.94090270996094,401.2275085449219,26.200000762939453,153.0076904296875,234.31907653808594,62.97412109375,828.7367553710938,523.9877319335938,295.476318359375,588.3416137695312,101.2281723022461,420.85205078125,147.6062469482422,162.28118896484375,26.285446166992188,166.6935577392578,22.059995651245117,321.2200012207031,610.8465576171875,306.76959228515625,39.775184631347656,84.4106674194336,119.05799102783203
2024-11-11,223.98373413085938,116.19026947021484,206.83999633789062,45.537715911865234,57.84697341918945,153.22021484375,100.41505432128906,179.9363250732422,403.5899963378906,25.049999237060547,152.58448791503906,236.60313415527344,62.42240905761719,829.6337890625,529.33984375,298.0063781738281,582.1820068359375,99.07417297363281,416.34014892578125,145.2366180419922,161.44573974609375,25.813251495361328,165.0237274169922,22.030370712280273,350.0,620.2105102539062,309.8087158203125,39.73588180541992,83.7937240600586,118.42884063720703
2024-11-12,223.98373413085938,115.8321533203125,208.91000366210938,45.32030487060547,57.9259033203125,152.0355682373047,100.54447937011719,181.20338439941406,398.43994140625,24.15999984741211,150.22251892089844,236.8701171875,62.264774322509766,816.0995483398438,528.3911743164062,295.1600341796875,583.8292236328125,96.95951843261719,421.340087890625,148.26612854003906,161.52438354492188,25.764066696166992,164.83486938476562,21.87237548828125,328.489990234375,609.7156982421875,309.3294982910156,39.69657897949219,84.56986999511719,118.31086730957031
2024-11-13,224.8727569580078,115.13580322265625,214.10000610351562,45.33018493652344,58.389625549316406,155.39369201660156,102.26685333251953,178.46969604492188,405.4681396484375,24.920000076293945,150.81301879882812,238.4521484375,62.06773376464844,809.0733032226562,521.1119384765625,293.8752136230469,579.0173950195312,96.8808364868164,423.5014343261719,146.24647521972656,161.91754150390625,26.285446166992188,165.57040405273438,22.020496368408203,330.239990234375,600.9866943359375,308.96014404296875,40.4236946105957,85.07735443115234,119.41189575195312
2024-11-14,227.9693603515625,114.42951202392578,211.47999572753906,45.35983657836914,57.14645004272461,158.40914916992188,108.63861846923828,175.17724609375,401.0495910644531,25.030000686645508,149.46470642089844,239.1541748046875,61.6243896484375,783.5795288085938,519.6341552734375,295.07110595703125,576.1821899414062,96.74313354492188,425.1846923828125,146.7363739013672,162.32049560546875,25.596830368041992,166.06736755371094,21.97112274169922,311.17999267578125,588.3692016601562,307.732177734375,40.15839385986328,84.05244445800781,119.49118041992188
2024-11-15,224.7528839111328,115.29496765136719,202.61000061035156,46.1998291015625,56.69259262084961,158.037109375,114.57232666015625,172.09434509277344,403.48126220703125,24.350000381469727,151.56097412109375,242.55555725097656,60.82638168334961,744.9161987304688,521.1219482421875,289.21038818359375,553.141357421875,94.7268295288086,413.3421936035156,141.9571533203125,155.9023895263672,24.396671295166016,168.512451171875,22.395734786987305,320.7200012207031,587.4566040039062,309.119873046875,40.9248161315918,83.83353424072266,118.25226593017578
2024-11-18,227.7695770263672,116.74734497070312,201.6999969482422,46.17018508911133,56.54460144042969,158.9964599609375,113.03911590576172,174.89788818359375,405.7152404785156,24.84000015258789,152.31878662109375,242.2786865234375,60.94460678100586,725.9488525390625,520.8623046875,287.6982727050781,553.4608154296875,94.97272491455078,414.0991516113281,140.12744140625,155.6173553466797,24.45569610595703,169.71511840820312,22.70184898376465,338.739990234375,584.8974609375,311.6356201171875,41.514366149902344,83.66437530517578,119.24340057373047
2024-11-19,228.02928161621094,116.51854705810547,204.61000061035156,45.86383056640625,56.24860382080078,157.8491973876953,111.92405700683594,177.71142578125,402.1171569824219,24.200000762939453,150.57681274414062,240.3604736328125,61.66380310058594,728.4744873046875,518.695556640625,287.3326110839844,560.1394653320312,94.95304870605469,416.12103271484375,146.98634338378906,154.03494262695312,24.69179344177246,169.7250518798828,22.445106506347656,346.0,572.349365234375,311.3261413574219,41.1999397277832,86.17191314697266,117.57829284667969
2024-11-20,228.7484893798828,115.32481384277344,202.8800048828125,45.51795196533203,56.73206329345703,159.56021118164062,113.75594329833984,175.57632446289062,395.3954162597656,24.010000228881836,150.68507385253906,238.076416015625,62.05788803100586,752.11376953125,511.7856750488281,287.510498046875,564.5619506835938,95.83826446533203,413.8302001953125,145.8665313720703,156.0203399658203,24.534395217895508,169.85427856445312,22.543853759765625,342.0299987792969,595.659912109375,306.8736572265625,41.48488998413086,86.74905395507812,119.25331115722656
2024-11-21,228.26902770996094,116.64787292480469,198.3800048828125,45.91324234008789,56.791263580322266,159.85691833496094,114.21391296386719,167.24549865722656,405.7251281738281,24.440000534057617,153.03721618652344,242.01171875,62.81648635864258,748.6297607421875,514.3419189453125,285.0989990234375,562.1360473632812,98.21847534179688,412.0437927246094,146.6464080810547,157.59291076660156,24.721303939819336,171.7030029296875,22.691972732543945,339.6400146484375,592.6741943359375,309.3794250488281,41.760013580322266,87.95306396484375,120.84903717041016
2024-11-22,229.61753845214844,117.145263671875,197.1199951171875,46.4468879699707,57.76803970336914,160.57891845703125,115.13980865478516,164.38206481933594,415.1651916503906,24.5,152.71243286132812,245.75917053222656,62.97412109375,746.7230834960938,520.0934448242188,286.8878479003906,558.1927490234375,97.5496597290039,416.16552734375,141.92715454101562,159.22447204589844,25.232847213745117,175.21160888671875,22.889467239379883,352.55999755859375,586.1076049804688,309.3993835449219,42.39870071411133,89.99293518066406,120.71028137207031
2024-11-25,232.61424255371094,117.51332092285156,201.4499969482422,46.94100570678711,57.955501556396484,158.60084533691406,115.48826599121094,167.2654266357422,423.73541259765625,24.8700008392334,153.31277465820312,247.47962951660156,63.427310943603516,753.7010498046875,525.824951171875,292.728759765625,564.152587890625,99.49711608886719,417.95196533203125,135.9981231689453,160.25648498535156,25.7443904876709,176.31488037109375,22.810470581054688,338.5899963378906,600.947021484375,312.66387939453125,43.2142448425293,89.05758666992188,118.90641784667969
2024-11-26,234.8018341064453,117.3442153930664,207.86000061035156,47.18806076049805,58.79414749145508,160.74703979492188,114.94068908691406,168.73207092285156,424.5755920410156,24.049999237060547,153.29295349121094,247.16322326660156,63.59479904174805,787.9619750976562,527.7022094726562,292.86712646484375,572.5682983398438,99.94954681396484,427.133544921875,136.89797973632812,159.38174438476562,25.35089683532715,178.22323608398438,22.800594329833984,338.2300109863281,601.8992309570312,311.29620361328125,43.59745407104492,90.85862731933594,116.92414855957031
2024-11-27,234.67198181152344,118.32904052734375,205.74000549316406,47.207828521728516,58.4981575012207,160.33164978027344,117.08120727539062,168.84181213378906,424.4961242675781,23.649999618530273,154.16595458984375,246.9852294921875,63.4765739440918,786.8339233398438,531.5964965820312,291.6317443847656,568.2356567382812,101.42488861083984,422.1435546875,135.31822204589844,159.93214416503906,25.40991973876953,178.27293395996094,22.97834014892578,332.8900146484375,603.4764404296875,314.1713562011719,43.60728073120117,91.42581176757812,116.61689758300781
2024-11-29,237.06935119628906,118.14997863769531,207.88999938964844,46.95088577270508,58.419227600097656,160.15362548828125,116.9517822265625,168.5624542236328,426.42388916015625,24.049999237060547,153.779052734375,246.91603088378906,63.6105842590332,793.9815673828125,532.1557006835938,292.5508728027344,573.3470458984375,99.9692153930664,422.61260986328125,138.22776794433594,160.64964294433594,25.78373908996582,178.1735382080078,22.86971664428711,345.1600036621094,605.2817993164062,314.5506896972656,43.56797790527344,92.0427474975586,116.91423797607422
2024-12-02,239.3268585205078,116.2002182006836,210.7100067138672,46.486419677734375,58.636287689208984,160.43055725097656,116.64315032958984,171.0966339111328,424.2675476074219,23.93000030517578,153.5707244873047,243.4849853515625,63.18373489379883,798.4239501953125,530.5780029296875,290.76123046875,591.82568359375,98.95614624023438,430.1175842285156,138.60769653320312,160.25648498535156,25.400083541870117,178.61087036132812,22.415483474731445,357.0899963378906,603.6152954101562,316.1180725097656,43.086509704589844,92.18206024169922,116.80520629882812
2024-12-03,242.3834991455078,115.68292999267578,213.44000244140625,46.26900863647461,58.68561935424805,160.14373779296875,115.936279296875,170.94696044921875,426.64251708984375,22.469999313354492,151.1501007080078,242.07106018066406,63.0546875,811.9306640625,525.4056396484375,292.80938720703125,612.6104125976562,100.17576599121094,430.3371276855469,140.23744201660156,158.9296112060547,25.144309997558594,174.3568115234375,23.442447662353516,351.4200134277344,600.3517456054688,312.48419189453125,43.06686019897461,93.04776000976562,116.6268081665039
2024-12-04,242.74310302734375,115.3646011352539,218.16000366210938,45.82429885864258,58.82374954223633,156.58323669433594,116.47389221191406,173.9700164794922,425.2215270996094,21.959999084472656,149.27511596679688,240.6669921875,61.75428009033203,828.4122924804688,520.373046875,293.39599609375,612.7401733398438,99.70365905761719,436.544677734375,145.1166534423828,157.43565368652344,24.819677352905273,174.04869079589844,23.23508071899414,357.92999267578125,605.8670043945312,309.3794250488281,41.779666900634766,93.98310852050781,113.26686096191406
2024-12-05,242.7730712890625,114.98657989501953,220.5500030517578,46.4468879699707,59.218406677246094,157.5821533203125,115.9860610961914,172.24398803710938,423.8502197265625,20.799999237060547,148.33265686035156,242.7236328125,62.45907974243164,824.1995239257812,523.9977416992188,297.7508544921875,607.8983764648438,101.84782409667969,441.7342529296875,145.04666137695312,157.7403564453125,25.28203582763672,174.96311950683594,23.531320571899414,369.489990234375,574.3034057617188,308.560791015625,41.80914306640625,94.82891082763672,113.7624282836914
2024-12-06,242.5732879638672,114.99653625488281,227.02999877929688,46.456825256347656,59.09014129638672,153.53701782226562,116.21504974365234,174.30926513671875,428.6497497558594,20.920000076293945,148.1243133544922,244.58251953125,62.071937561035156,825.2876586914062,527.7921142578125,297.2637023925781,622.7132568359375,101.39537811279297,442.682373046875,142.42689514160156,156.40711975097656,25.311546325683594,172.7665252685547,23.580692291259766,389.2200012207031,545.1900634765625,310.487548828125,41.63227844238281,95.2269287109375,112.56315612792969
2024-12-09,246.47900390625,114.30018615722656,226.08999633789062,45.622093200683594,58.162696838378906,155.35684204101562,114.1043930053711,175.1682586669922,426.47357177734375,20.809999465942383,148.41201782226562,241.0723876953125,62.141422271728516,802.1974487304688,522.0505981445312,299.63995361328125,612.530517578125,102.08387756347656,445.12744140625,138.79722595214844,158.07241821289062,25.67552947998047,169.75486755371094,23.077085494995117,389.7900085449219,558.2343139648438,307.7821044921875,41.62245178222656,93.36618041992188,111.89909362792969
2024-12-10,247.4978790283203,114.89705657958984,225.0399932861328,45.463096618652344,57.93577194213867,155.2777099609375,114.22386932373047,184.9569854736328,419.92510986328125,20.15999984741211,148.04495239257812,240.133056640625,62.449153900146484,798.204345703125,528.2314453125,298.9837341308594,618.2708129882812,99.33973693847656,442.4428405761719,135.05758666992188,158.4391632080078,25.15414810180664,171.23585510253906,23.215330123901367,400.989990234375,562.7848510742188,311.8552551269531,41.56349563598633,94.0826187133789,111.67113494873047
2024-12-11,246.2192840576172,113.54415130615234,230.25999450683594,45.7910270690918,57.8075065612793,154.4963836669922,114.1043930053711,195.1752166748047,418.7227478027344,20.1200008392334,145.47552490234375,240.7955322265625,62.18113327026367,794.6604614257812,533.6634521484375,294.40020751953125,631.608154296875,98.11029052734375,448.0915222167969,139.29718017578125,155.3960723876953,24.819677352905273,169.59585571289062,23.185707092285156,424.7699890136719,531.2595825195312,313.26287841796875,41.25889587402344,94.49059295654297,110.92778015136719
2024-12-12,247.68768310546875,113.26561737060547,228.97000122070312,45.7910270690918,58.064029693603516,153.01283264160156,114.39311981201172,191.7391815185547,411.8066711425781,20.780000686645508,145.07870483398438,238.81797790527344,63.37234115600586,781.0039672851562,531.6264038085938,294.92718505859375,629.7213745117188,99.58563232421875,448.6603698730469,137.32736206054688,157.5074005126953,24.9574031829834,169.8145294189453,23.067211151123047,418.1000061035156,513.565185546875,313.7021484375,41.347328186035156,93.62489318847656,110.82866668701172
2024-12-13,247.85748291015625,112.78812408447266,227.4600067138672,45.38359451293945,57.837100982666016,152.18203735351562,112.83999633789062,189.6016387939453,414.35052490234375,20.34000015258789,145.45567321777344,237.245849609375,62.657615661621094,787.7623291015625,528.2214965820312,294.8973388671875,619.299072265625,100.32330322265625,446.37493896484375,134.23765563964844,156.58555603027344,25.163986206054688,170.0232391357422,23.333826065063477,436.2300109863281,518.2650756835938,314.2112731933594,41.543846130371094,93.99188995361328,109.85735321044922
2024-12-16,250.7642822265625,112.03209686279297,232.92999267578125,45.184852600097656,57.570709228515625,147.72152709960938,112.11000061035156,196.43377685546875,408.1200256347656,20.829999923706055,142.7076873779297,236.889892578125,62.09178924560547,777.6597290039062,529.529541015625,296.0009765625,623.6851196289062,99.2029800415039,450.6863098144531,131.98785400390625,154.65264892578125,24.839353561401367,170.10275268554688,22.553728103637695,463.0199890136719,496.3786315917969,315.359375,40.1682243347168,94.61019134521484,107.50836944580078
2024-12-17,253.20159912109375,112.69859313964844,231.14999389648438,44.767486572265625,57.738441467285156,146.4852294921875,113.0199966430664,195.1951904296875,405.8941650390625,20.440000534057617,145.24734497070312,235.68359375,62.93556594848633,777.2803955078125,530.228515625,294.38031005859375,618.889404296875,99.2029800415039,453.5505676269531,130.3780059814453,154.77159118652344,26.00016212463379,169.29766845703125,22.543853759765625,479.8599853515625,483.453857421875,317.7652893066406,40.06996154785156,95.15868377685547,107.05245208740234
2024-12-18,247.77757263183594,111.34569549560547,220.52000427246094,43.22720718383789,56.761661529541016,142.49945068359375,111.3499984741211,188.18325805664062,391.3365478515625,19.299999237060547,143.60052490234375,227.78329467773438,62.389591217041016,763.3943481445312,519.19482421875,289.2101745605469,596.6591796875,97.49771118164062,436.5147399902344,128.8981475830078,153.07656860351562,25.468944549560547,168.0552520751953,22.198240280151367,440.1300048828125,497.59344482421875,309.2596130371094,39.53936767578125,93.29380798339844,105.4765396118164
2024-12-19,249.51565551757812,111.8331298828125,223.2899932861328,43.10795974731445,56.860328674316406,139.60157775878906,111.37000274658203,188.2931365966797,382.592041015625,19.059999465942383,142.4398193359375,230.34422302246094,61.99252700805664,756.2366333007812,522.5099487304688,288.5639343261719,595.0405883789062,98.6676025390625,436.15545654296875,130.66796875,150.14251708984375,25.35089683532715,168.16458129882812,22.287111282348633,436.1700134277344,487.1679992675781,314.3510437011719,39.27406692504883,93.14421844482422,104.57461547851562
2024-12-20,254.21051025390625,113.6336898803711,224.9199981689453,43.893001556396484,57.738441467285156,141.28294372558594,112.02999877929688,191.18980407714844,390.1242370605469,19.520000457763672,143.32275390625,234.93212890625,62.09178924560547,766.4390869140625,527.2529296875,290.9998474121094,584.7297973632812,97.21019744873047,435.726318359375,134.68760681152344,151.45094299316406,25.93130111694336,167.0414276123047,22.46485710144043,421.05999755859375,498.001708984375,317.1763000488281,39.234764099121094,91.98738861083984,104.9314193725586
2024-12-23,254.98965454101562,113.71326446533203,225.05999755859375,43.61476135253906,58.192298889160156,141.40162658691406,111.4000015258789,194.40611267089844,389.9751892089844,20.200000762939453,144.1164093017578,235.7132568359375,61.923038482666016,794.9100341796875,528.1815795898438,289.6178283691406,599.3167724609375,98.51889038085938,434.3790283203125,139.6571502685547,149.96409606933594,26.27560806274414,167.09112548828125,22.553728103637695,430.6000061035156,504.1852722167969,316.6871337890625,39.24458694458008,90.10256958007812,105.35761260986328
2024-12-24,257.91644287109375,114.16091918945312,229.0500030517578,44.101688385009766,59.05067443847656,142.26206970214844,112.55999755859375,195.8843994140625,393.6419372558594,20.399999618530273,144.69180297851562,239.5892333984375,62.379669189453125,794.301025390625,534.921630859375,292.30230712890625,607.2097778320312,98.59819793701172,438.4508361816406,140.2071075439453,151.4707794189453,26.30512046813965,167.9160919189453,22.662349700927734,462.2799987792969,503.9463195800781,320.1113586425781,39.107025146484375,92.42618560791016,105.45671844482422
2024-12-26,258.7355041503906,114.66825103759766,227.0500030517578,44.27062225341797,59.17893981933594,142.40054321289062,112.55000305175781,195.375,392.64825439453125,20.440000534057617,144.42393493652344,240.409912109375,62.11164474487305,792.773681640625,535.3609619140625,293.107666015625,602.8136596679688,99.01461029052734,437.2332763671875,139.91712951660156,151.10401916503906,26.128047943115234,169.1287078857422,22.672224044799805,454.1300048828125,508.9748229980469,320.3709411621094,39.26424026489258,92.535888671875,105.5459213256836
2024-12-27,255.30929565429688,114.38971710205078,223.75,44.06193923950195,58.81388473510742,142.42031860351562,111.55000305175781,192.5382537841797,390.3825988769531,20.299999237060547,143.8981475830078,238.4620361328125,61.99252700805664,781.8225708007812,531.416748046875,291.9344482421875,599.27685546875,98.84606170654297,429.66845703125,136.9973907470703,151.55007934570312,26.18707275390625,168.5025177001953,22.57347869873047,431.6600036621094,507.8197326660156,318.12469482421875,39.22493362426758,91.40898132324219,105.5360107421875
2024-12-30,251.9230194091797,112.21115112304688,221.3000030517578,43.63463592529297,58.39949035644531,141.5005340576172,110.80000305175781,191.02000427246094,386.9742126464844,19.81999969482422,142.20172119140625,236.6328125,61.575599670410156,772.5086669921875,524.7765502929688,287.9375305175781,590.7144165039062,97.52745819091797,423.9798583984375,137.47735595703125,150.3903350830078,25.990325927734375,166.07730102539062,22.32661247253418,417.4100036621094,505.6390686035156,314.78033447265625,38.91050720214844,90.32196807861328,104.82239532470703
2024-12-31,250.1449737548828,112.51953125,219.38999938964844,43.67438507080078,58.409358978271484,143.2510986328125,111.3499984741211,189.08224487304688,386.5369873046875,20.049999237060547,143.4715576171875,237.0184326171875,61.80391311645508,770.6717529296875,525.7950439453125,288.22589111328125,584.9895629882812,98.6279525756836,420.6565246582031,134.27764892578125,150.72735595703125,26.09853744506836,166.6339111328125,22.48460578918457,403.8399963378906,503.7073059082031,315.5091247558594,39.29372024536133,90.10256958007812,106.61634826660156
2025-01-02,243.5821990966797,112.84780883789062,220.22000122070312,44.01225280761719,58.310691833496094,145.10060119628906,110.81999969482422,189.2120819091797,386.0103454589844,20.219999313354492,142.87632751464844,237.30517578125,61.386993408203125,776.7313232421875,521.6312255859375,290.8308410644531,598.7073364257812,98.32060241699219,417.74237060546875,138.29727172851562,148.89356994628906,26.177236557006836,164.97402954101562,22.543853759765625,379.2799987792969,502.3630676269531,313.8718566894531,39.5098876953125,89.75352478027344,106.35865020751953
2025-01-03,243.0927276611328,113.23577880859375,224.19000244140625,44.52899169921875,58.46963119506836,146.22808837890625,111.16000366210938,191.56936645507812,386.7257995605469,20.559999465942383,143.04498291015625,240.54833984375,61.29765319824219,780.6345825195312,520.5927124023438,293.0877990722656,604.092529296875,98.29085540771484,422.5028381347656,144.4567108154297,148.33847045898438,26.157560348510742,164.12918090820312,22.3858585357666,410.44000244140625,510.81695556640625,314.3810119628906,39.55901336669922,90.53138732910156,106.90377807617188
2025-01-06,244.73092651367188,112.44989776611328,227.61000061035156,45.115291595458984,58.38022994995117,145.64454650878906,111.05000305175781,196.64352416992188,386.91461181640625,19.8700008392334,142.51919555664062,239.3755645751953,60.364540100097656,763.7836303710938,511.17657470703125,290.5027160644531,629.6398315429688,98.86589050292969,426.99383544921875,149.41624450683594,144.98809814453125,26.452680587768555,159.62664794921875,22.316736221313477,411.04998779296875,511.48406982421875,312.51416015625,38.92033386230469,91.17961120605469,106.78483581542969
2025-01-07,241.94400024414062,112.80802154541016,222.11000061035156,45.7910270690918,58.53916931152344,147.94898986816406,111.38999938964844,195.26512145996094,381.8070373535156,20.010000228881836,145.0687713623047,241.6813507080078,60.394317626953125,771.9595336914062,510.6473693847656,287.67901611328125,617.3407592773438,100.15475463867188,421.5247802734375,140.12710571289062,144.12571716308594,26.688777923583984,160.32240295410156,21.921751022338867,394.3599853515625,512.0616455078125,311.1464538574219,38.242347717285156,90.5613021850586,107.785888671875
2025-01-08,242.43344116210938,113.65357971191406,222.1300048828125,45.92021179199219,58.807376861572266,148.65121459960938,109.76000213623047,193.7268829345703,384.75830078125,19.8799991607666,141.14022827148438,241.6416015625,61.2579460144043,785.8655395507812,515.6400146484375,285.2530212402344,610.1771240234375,98.9947738647461,423.7104187011719,140.0971221923828,145.25572204589844,26.42317008972168,161.1175537109375,21.902000427246094,394.94000244140625,522.2879638671875,312.07489013671875,38.26199722290039,91.54859924316406,105.98202514648438
2025-01-10,236.58987426757812,111.72370910644531,218.94000244140625,44.827110290527344,58.35042953491211,151.46005249023438,108.6500015258789,191.81907653808594,387.43133544921875,19.149999618530273,140.931884765625,238.40155029296875,60.62263488769531,798.5238037109375,504.6700134277344,280.6893615722656,615.3125610351562,98.39991760253906,418.11163330078125,135.8975067138672,141.38990783691406,26.285446166992188,157.5989990234375,21.690000534057617,394.739990234375,518.4742431640625,307.1930847167969,37.810001373291016,92.74530792236328,105.5954818725586
2025-01-13,234.14256286621094,112.59912109375,218.4600067138672,44.77742385864258,58.37029266357422,153.64581298828125,108.08000183105469,190.79026794433594,386.7257995605469,19.200000762939453,143.32275390625,242.71499633789062,61.198387145996094,796.10791015625,504.9100036621094,282.0018005371094,607.789306640625,100.11510467529297,416.35516357421875,133.21774291992188,143.23361206054688,26.36414337158203,157.87730407714844,21.559999465942383,403.30999755859375,538.8372192382812,306.4044494628906,38.119998931884766,91.27933502197266,108.32109832763672
2025-01-14,233.02378845214844,112.43000030517578,217.75999450683594,45.4929084777832,58.93651580810547,155.17880249023438,108.12000274658203,189.4418182373047,390.3031005859375,19.200000762939453,143.60052490234375,245.9550323486328,61.58552932739258,743.6283569335938,509.0199890136719,279.96356201171875,593.7218017578125,98.79649353027344,414.8382263183594,131.7478790283203,143.67965698242188,25.980487823486328,158.7718505859375,21.799999237060547,396.3599853515625,541.4261474609375,308.5707702636719,38.279998779296875,90.54136657714844,108.7472915649414
2025-01-15,237.60874938964844,111.0999984741211,223.35000610351562,46.804630279541016,59.58220291137695,156.59312438964844,108.18000030517578,195.32504272460938,403.5291748046875,19.719999313354492,143.81878662109375,250.80516052246094,61.3175048828125,745.4552612304688,522.3499755859375,280.6794128417969,616.5714721679688,99.23271942138672,425.4569091796875,136.22747802734375,143.5111541748047,25.793577194213867,158.68238830566406,21.90999984741211,428.2200012207031,541.1074829101562,315.7486877441406,38.18000030517578,91.08985137939453,110.52142333984375
2025-01-16,228.00930786132812,113.91000366210938,220.66000366210938,46.34751510620117,59.42326354980469,157.63160705566406,106.45999908447266,192.68807983398438,406.74871826171875,19.670000076293945,146.5965576171875,252.71340942382812,61.79399108886719,756.2965087890625,523.1400146484375,278.1341247558594,610.756591796875,99.83749389648438,423.7303466796875,133.55772399902344,145.25572204589844,26.059186935424805,159.52725219726562,22.020000457763672,413.82000732421875,508.4172058105469,316.7170715332031,38.34000015258789,91.04997253417969,110.33309936523438
2025-01-17,229.7274169921875,113.4800033569336,225.94000244140625,46.23820495605469,59.830543518066406,159.69866943359375,107.0199966430664,195.77452087402344,406.7984313964844,21.489999771118164,145.8624267578125,257.573486328125,62.25061798095703,724.4713745117188,524.7000122070312,279.3371887207031,612.225341796875,97.08130645751953,428.1714782714844,137.6973419189453,146.95074462890625,25.872276306152344,160.15342712402344,22.290000915527344,426.5,507.5907287597656,319.0830993652344,38.779998779296875,91.68821716308594,111.32423400878906
2025-01-21,222.39547729492188,116.79000091552734,230.7100067138672,46.36738967895508,60.625240325927734,156.50411987304688,108.69999694824219,197.82217407226562,415.7913513183594,21.770000457763672,146.97352600097656,261.4197692871094,61.96274185180664,741.07275390625,528.0599975585938,280.9876403808594,615.9120483398438,95.41569519042969,427.64251708984375,140.81704711914062,147.24810791015625,26.20674705505371,160.73985290527344,22.489999771118164,424.07000732421875,522.7559204101562,323.08636474609375,39.02000045776367,92.8250961303711,110.48177337646484
2025-01-22,223.58416748046875,117.77999877929688,235.00999450683594,45.502845764160156,61.22126007080078,154.69418334960938,108.80999755859375,198.1417999267578,407.5138854980469,21.860000610351562,144.1164093017578,261.2309265136719,61.327430725097656,752.6827392578125,527.1799926757812,279.7348937988281,622.94580078125,94.8604965209961,445.30712890625,147.05648803710938,146.79214477539062,25.586992263793945,163.74154663085938,22.31999969482422,415.1099853515625,517.50830078125,323.0164794921875,38.95000076293945,92.97468566894531,108.55896759033203
2025-01-23,223.41436767578125,123.22000122070312,235.4199981689453,46.099082946777344,61.81727981567383,154.29856872558594,111.04000091552734,197.7522430419922,411.77685546875,21.56999969482422,145.47552490234375,264.3219299316406,61.079261779785156,765.2810668945312,534.219970703125,282.7972106933594,635.88427734375,95.80235290527344,445.8160705566406,147.2064666748047,147.31748962402344,26.010000228881836,165.1429901123047,22.530000686645508,412.3800048828125,527.515625,327.6586608886719,39.18000030517578,93.55309295654297,109.17347717285156
2025-01-24,222.5353240966797,125.02999877929688,234.85000610351562,46.228267669677734,61.81727981567383,153.94252014160156,112.16000366210938,199.9796905517578,411.8861389160156,20.829999923706055,145.6540985107422,263.21868896484375,61.46640396118164,784.0586547851562,533.489990234375,283.8212890625,646.9144287109375,94.73161315917969,443.17138671875,142.60687255859375,147.8131103515625,26.09000015258789,164.1199951171875,22.719999313354492,406.5799865722656,530.2439575195312,329.64532470703125,39.540000915527344,94.50049591064453,107.69668579101562
2025-01-27,229.6075439453125,129.42999267578125,235.4199981689453,46.79469299316406,58.688175201416016,155.50518798828125,113.33999633789062,191.58934020996094,422.19073486328125,20.290000915527344,151.67588806152344,264.2225341796875,63.402122497558594,806.779541015625,547.6400146484375,291.4075012207031,659.29345703125,97.10114288330078,433.6903991699219,118.40910339355469,153.2550048828125,26.860000610351562,169.66000366210938,24.139999389648438,397.1499938964844,541.2070922851562,333.97802734375,40.63999938964844,97.13326263427734,109.19329833984375
2025-01-28,237.99832153320312,127.38999938964844,238.14999389648438,46.546260833740234,59.035850524902344,154.4963836669922,112.13999938964844,195.07533264160156,416.1888122558594,19.799999237060547,149.18582153320312,265.504638671875,61.90318298339844,803.6050415039062,547.3599853515625,289.4786376953125,673.7305908203125,96.6153335571289,446.30511474609375,128.9781494140625,148.93321228027344,26.75,166.19000244140625,24.399999618530273,398.0899963378906,540.1714477539062,333.91815185546875,40.400001525878906,97.0235595703125,107.08218383789062
2025-01-29,239.0971221923828,127.86000061035156,237.07000732421875,46.456825256347656,59.15505599975586,153.98208618164062,113.19000244140625,195.18521118164062,410.8129577636719,19.75,149.94970703125,264.9480285644531,62.36974334716797,802.6965942382812,548.7999877929688,288.444580078125,675.888671875,97.43822479248047,441.44482421875,123.6886215209961,149.05215454101562,26.6200008392334,166.22999572753906,24.229999542236328,389.1000061035156,535.8101196289062,335.3157958984375,40.279998779296875,97.23298645019531,107.70659637451172
2025-01-30,237.3290557861328,128.80999755859375,234.63999938964844,46.4270133972168,60.06895446777344,154.6051788330078,113.43000030517578,200.638916015625,411.8861389160156,20.010000228881836,151.6560516357422,266.58795166015625,63.580806732177734,821.8135986328125,566.010009765625,288.6534118652344,686.3893432617188,98.10248565673828,414.1595458984375,124.63853454589844,150.56874084472656,26.90999984741211,167.41000366210938,24.020000457763672,400.2799987792969,543.2483520507812,342.4737243652344,39.470001220703125,98.37983703613281,108.59861755371094
2025-01-31,235.74081420898438,127.93000030517578,237.67999267578125,46.009647369384766,60.198089599609375,147.5533905029297,113.05999755859375,203.78530883789062,409.3820495605469,19.43000030517578,150.94175720214844,265.66363525390625,63.01498031616211,809.6845703125,555.4299926757812,287.0426940917969,688.5673828125,97.97360229492188,414.22943115234375,120.0589599609375,149.36935424804688,26.520000457763672,165.99000549316406,23.729999542236328,404.6000061035156,540.1814575195312,341.225830078125,39.38999938964844,97.89118194580078,105.8829116821289
2025-02-03,227.75958251953125,128.4499969482422,237.4199981689453,45.92021179199219,60.63517379760742,147.7017364501953,114.0,200.99850463867188,406.1823425292969,19.3799991607666,150.6639862060547,265.1766357421875,62.885929107666016,809.03564453125,563.9500122070312,288.3849182128906,696.840087890625,98.93529510498047,410.09771728515625,116.64927673339844,148.9530487060547,26.200000762939453,168.75999450683594,24.25,383.67999267578125,545.8472290039062,345.23907470703125,39.97999954223633,99.26740264892578,106.1406021118164
2025-02-04,232.54432678222656,129.10000610351562,242.05999755859375,46.417076110839844,60.93318557739258,151.5391845703125,113.30000305175781,206.14259338378906,408.8951110839844,19.290000915527344,152.27113342285156,266.2997131347656,62.21091079711914,824.6487426757812,559.1099853515625,288.1065368652344,703.5640869140625,89.96280670166016,411.5447998046875,118.63909149169922,142.2324676513672,25.8700008392334,168.1300048828125,24.25,392.2099914550781,543.1288452148438,344.5701904296875,39.810001373291016,100.49402618408203,108.98516082763672
2025-02-05,232.21469116210938,132.05999755859375,236.1699981689453,46.81456756591797,62.155025482177734,151.31170654296875,110.54000091552734,191.1099090576172,411.21044921875,19.649999618530273,153.4615936279297,268.77447509765625,62.657615661621094,840.7310180664062,566.2899780273438,287.17193603515625,704.2434692382812,88.90196990966797,412.4629821777344,124.81851959228516,144.38343811035156,26.440000534057617,169.00999450683594,24.469999313354492,378.1700134277344,537.5128784179688,348.8529968261719,40.130001068115234,102.17940521240234,108.90586853027344
2025-02-06,232.9638671875,128.22000122070312,238.8300018310547,47.440616607666016,61.857017517089844,150.23365783691406,112.08999633789062,191.3795928955078,411.54827880859375,19.3799991607666,152.29095458984375,275.2048645019531,62.89585876464844,868.87255859375,567.1599731445312,292.6701965332031,711.3571166992188,87.29584503173828,414.9879150390625,128.66815185546875,144.07615661621094,25.829999923706055,168.8800048828125,24.450000762939453,374.32000732421875,527.784423828125,346.89630126953125,39.939998626708984,102.5683364868164,107.46871948242188
2025-02-07,227.3800048828125,129.07000732421875,229.14999389648438,47.10274887084961,61.857017517089844,150.9457550048828,110.86000061035156,185.1267852783203,404.80108642578125,19.100000381469727,151.904052734375,274.1116027832031,63.37234115600586,876.7988891601562,562.75,292.61053466796875,713.8848876953125,86.53244018554688,408.9300537109375,129.8280487060547,143.3129119873047,25.739999771118164,167.97000122070312,24.540000915527344,361.6199951171875,524.7872924804688,347.43536376953125,39.880001068115234,100.87299346923828,107.92464447021484
2025-02-10,227.64999389648438,131.30999755859375,233.13999938964844,46.377323150634766,62.393436431884766,154.0612030029297,109.27999877929688,186.2554931640625,411.37933349609375,19.770000457763672,153.0151824951172,269.3807373046875,64.07714080810547,867.3851318359375,565.489990234375,306.6495056152344,716.7623291015625,85.65998077392578,411.3951110839844,133.55772399902344,143.08493041992188,25.8700008392334,167.52999877929688,24.860000610351562,350.7300109863281,531.1002807617188,350.6400146484375,39.95000076293945,102.63814544677734,109.9862060546875
2025-02-11,232.6199951171875,131.44000244140625,232.75999450683594,46.49657440185547,62.01595687866211,155.712890625,109.0199966430664,185.10682678222656,413.7344055175781,20.969999313354492,154.89016723632812,273.3065490722656,67.10479736328125,863.5117797851562,564.7000122070312,308.42919921875,719.16015625,85.79878234863281,410.6166687011719,132.7877960205078,144.36361694335938,25.530000686645508,169.42999267578125,25.149999618530273,328.5,531.6478881835938,350.7200012207031,40.4900016784668,102.18937683105469,110.68000030517578
2025-02-12,236.8699951171875,130.49000549316406,228.92999267578125,45.92021179199219,62.115291595458984,153.20074462890625,109.2300033569336,183.39878845214844,404.57257080078125,22.479999542236328,154.02706909179688,273.7637634277344,68.2066650390625,871.468017578125,564.5999755859375,305.8341979980469,724.7352294921875,84.93622589111328,408.2214660644531,131.12794494628906,142.72808837890625,25.469999313354492,169.5800018310547,25.360000610351562,336.510009765625,525.1557006835938,351.489990234375,40.529998779296875,103.32625579833984,107.3499984741211
2025-02-13,241.52999877929688,131.7899932861328,230.3699951171875,46.039459228515625,63.416603088378906,154.1699981689453,109.58999633789062,185.92587280273438,409.8291931152344,24.1299991607666,156.0012664794922,274.62841796875,68.99088287353516,870.3599853515625,566.3099975585938,308.24029541015625,727.9124145507812,83.69693756103516,409.7184753417969,135.27755737304688,143.3129119873047,25.639999389648438,171.02000427246094,25.6299991607666,355.94000244140625,528.9195556640625,355.6300048828125,41.040000915527344,104.76231384277344,108.12999725341797
2025-02-14,244.60000610351562,130.61000061035156,228.67999267578125,46.66550827026367,64.43977355957031,155.33999633789062,110.37999725341797,185.01690673828125,406.91766357421875,23.600000381469727,154.91000366210938,274.8967590332031,68.36549377441406,844.27001953125,564.760009765625,306.7787170410156,736.0151977539062,82.29901885986328,407.6126708984375,138.8372344970703,142.13333129882812,25.530000686645508,162.88999938964844,25.8700008392334,355.8399963378906,521.2822265625,353.80999755859375,40.9900016784668,103.75508117675781,108.23999786376953
2025-02-18,244.47000122070312,130.17999267578125,226.64999389648438,46.23820495605469,64.16162872314453,156.16000366210938,109.55999755859375,183.55859375,400.7666931152344,27.389999389648438,154.99000549316406,278.2362060546875,68.54418182373047,857.2000122070312,568.6099853515625,303.080078125,715.7332153320312,82.57661437988281,408.8202819824219,139.38717651367188,142.8371124267578,25.559999465942383,165.42999267578125,26.06999969482422,354.1099853515625,498.59918212890625,356.7300109863281,41.20000076293945,103.49578857421875,110.13999938964844
2025-02-19,244.8699951171875,132.1300048828125,226.6300048828125,45.72146224975586,64.40996551513672,157.22999572753906,111.3499984741211,185.05686950683594,392.9364013671875,25.719999313354492,157.88999938964844,277.5404968261719,69.55670166015625,867.0499877929688,568.5,300.2066955566406,703.1444702148438,84.86682891845703,413.94000244140625,139.21719360351562,144.53211975097656,25.889999389648438,166.49000549316406,26.239999771118164,360.55999755859375,508.86529541015625,355.2300109863281,42.0099983215332,103.7151870727539,110.30000305175781
2025-02-20,245.8300018310547,133.1699981689453,222.8800048828125,45.01591873168945,64.24109649658203,158.7899932861328,110.55000305175781,184.34768676757812,392.1513977050781,26.09000015258789,159.67999267578125,265.16668701171875,69.52692413330078,873.1199951171875,563.280029296875,301.310302734375,694.222412109375,86.92901611328125,416.1300048828125,140.0971221923828,147.79330444335938,25.899999618530273,167.2100067138672,26.149999618530273,354.3999938964844,500.281982421875,350.489990234375,42.4900016784668,96.94377899169922,112.0
2025-02-21,245.5500030517578,134.9199981689453,216.5800018310547,44.52899169921875,63.5556755065918,156.9199981689453,108.66000366210938,179.4533233642578,382.8702697753906,24.8700008392334,162.3000030517578,262.62237548828125,70.82732391357422,873.6799926757812,557.510009765625,303.0602111816406,682.9423828125,88.73342895507812,408.2099914550781,134.41763305664062,152.15472412109375,26.299999237060547,170.22999572753906,26.6200008392334,337.79998779296875,464.4351806640625,348.5299987792969,42.7599983215332,94.52043151855469,110.69000244140625
2025-02-24,247.10000610351562,134.9499969482422,212.7100067138672,44.18118667602539,62.82058334350586,157.88999938964844,111.19999694824219,179.04379272460938,380.0084533691406,24.270000457763672,163.74000549316406,259.7401123046875,70.07289123535156,881.4000244140625,559.0,305.80438232421875,667.5361328125,90.48826599121094,404.0,130.2680206298828,152.5016632080078,26.649999618530273,170.5399932861328,26.739999771118164,330.5299987792969,459.5559997558594,349.8599853515625,43.31999969482422,93.4134750366211,111.2699966430664
2025-02-25,247.0399932861328,135.82000732421875,212.8000030517578,43.66444396972656,63.84375,156.4199981689453,110.52999877929688,175.21820068359375,390.8099060058594,22.989999771118164,166.08999633789062,255.82423400878906,70.96630096435547,901.7999877929688,564.030029296875,308.936279296875,656.9155883789062,90.64689636230469,397.8999938964844,126.61835479736328,155.04913330078125,26.739999771118164,172.64999389648438,26.649999618530273,302.79998779296875,468.3783264160156,352.0899963378906,43.709999084472656,97.42247009277344,109.7300033569336
2025-02-26,240.36000061035156,135.9600067138672,214.35000610351562,43.66444396972656,63.65501403808594,155.13999938964844,111.83000183105469,172.5312957763672,388.0176086425781,23.520000457763672,163.0800018310547,257.20574951171875,70.28135681152344,915.010009765625,561.27001953125,302.5233154296875,673.1011962890625,88.61444854736328,399.7300109863281,131.26792907714844,150.18215942382812,26.420000076293945,171.3000030517578,26.56999969482422,290.79998779296875,461.6171875,350.6300048828125,43.18000030517578,95.9365463256836,109.45999908447266
2025-02-27,237.3000030517578,135.8699951171875,208.74000549316406,43.84331512451172,63.386802673339844,156.6699981689453,111.30999755859375,168.30616760253906,387.8089294433594,23.09000015258789,163.72999572753906,257.4641418457031,70.35084533691406,905.1599731445312,564.8200073242188,308.17071533203125,657.6549072265625,89.8041763305664,392.5299987792969,120.13895416259766,150.6876983642578,26.100000381469727,171.97000122070312,26.899999618530273,281.95001220703125,466.5660400390625,355.739990234375,43.27000045776367,96.52493286132812,110.1500015258789
2025-02-28,241.83999633789062,138.00999450683594,212.27999877929688,45.81089782714844,63.684814453125,158.6199951171875,113.80000305175781,170.0841064453125,394.0990295410156,23.729999542236328,165.02000427246094,263.02984619140625,70.6883544921875,920.6300048828125,576.3099975585938,306.55999755859375,667.6060791015625,91.45986938476562,396.989990234375,124.90850830078125,152.125,26.43000030517578,173.83999633789062,27.40999984741211,292.9800109863281,472.9388122558594,362.7099914550781,43.099998474121094,98.33995056152344,111.33000183105469
2025-03-03,238.02999877929688,140.22000122070312,205.02000427246094,45.274288177490234,63.058990478515625,153.08999633789062,112.79000091552734,166.81787109375,387.23260498046875,22.739999771118164,167.27999877929688,259.0245361328125,71.79022216796875,929.719970703125,574.9199829101562,304.2900085449219,654.4677124023438,92.35216522216797,388.489990234375,114.04950714111328,154.62290954589844,26.25,175.58999633789062,27.719999313354492,284.6499938964844,465.0624694824219,361.82000732421875,43.869998931884766,97.32273864746094,107.76000213623047
2025-03-04,235.92999267578125,137.5800018310547,203.8000030517578,42.402408599853516,62.840450286865234,152.0,109.01000213623047,170.72337341308594,379.2731018066406,21.329999923706055,165.4199981689453,248.718017578125,69.67582702636719,911.0599975585938,555.0700073242188,305.7699890136719,639.4310913085938,91.7672119140625,388.6099853515625,115.97933197021484,152.83868408203125,25.75,173.17999267578125,26.219999313354492,272.0400085449219,472.5903015136719,352.2300109863281,42.869998931884766,94.70991516113281,107.54000091552734
2025-03-05,235.74000549316406,137.7100067138672,208.36000061035156,42.02479553222656,63.53580856323242,150.80999755859375,109.30999755859375,172.8209686279297,383.9136657714844,20.809999465942383,165.1199951171875,249.99017333984375,69.56663513183594,929.719970703125,558.2999877929688,307.45001220703125,655.886474609375,92.3918228149414,401.0199890136719,117.28921508789062,152.53140258789062,25.940000534057617,174.61000061035156,26.18000030517578,279.1000061035156,473.9544982910156,352.67999267578125,42.84000015258789,95.71715545654297,105.44000244140625
2025-03-06,235.3300018310547,135.0800018310547,200.6999969482422,41.19999694824219,62.98945617675781,152.9499969482422,105.43000030517578,172.1517333984375,379.32281494140625,20.75,165.8300018310547,245.0307159423828,69.94384765625,912.760009765625,549.8200073242188,310.3699951171875,627.371826171875,93.19488525390625,396.8900146484375,110.55982971191406,153.2550048828125,26.239999771118164,174.66000366210938,26.729999542236328,263.45001220703125,485.64453125,344.1600036621094,44.22999954223633,94.38082122802734,107.62000274658203
2025-03-07,239.07000732421875,137.13999938964844,199.25,41.400001525878906,63.51593780517578,156.33999633789062,105.51000213623047,173.66000366210938,374.4238586425781,20.639999389648438,166.69000244140625,240.7967987060547,70.90673828125,869.5800170898438,546.77001953125,321.2900085449219,625.1038208007812,93.83931732177734,393.30999755859375,112.67964172363281,154.44000244140625,26.729999542236328,175.9499969482422,27.1200008392334,262.6700134277344,491.3800048828125,345.32000732421875,46.060001373291016,91.46881866455078,109.0199966430664
2025-03-10,227.47999572753906,137.36000061035156,194.5399932861328,39.83000183105469,61.64841079711914,157.57000732421875,103.08000183105469,165.8699951171875,372.2874450683594,19.93000030517578,167.6999969482422,230.79840087890625,70.92658996582031,829.760009765625,537.1199951171875,317.25,597.4584350585938,94.41435241699219,380.1600036621094,106.97016143798828,156.25,26.639999389648438,176.25999450683594,27.280000686645508,222.14999389648438,480.2200012207031,341.4800109863281,46.4900016784668,87.57949829101562,111.80000305175781
2025-03-11,220.83999633789062,132.66000366210938,196.58999633789062,39.61000061035156,60.26762390136719,154.0800018310547,97.9000015258789,164.0399932861328,365.83837890625,19.780000686645508,165.86000061035156,227.73724365234375,70.51959991455078,824.0599975585938,525.7999877929688,306.760009765625,605.171630859375,93.91863250732422,380.45001220703125,108.75,152.3300018310547,25.989999771118164,173.1199951171875,26.010000228881836,230.5800018310547,486.0400085449219,332.1400146484375,43.43000030517578,87.2005386352539,109.16000366210938
2025-03-12,216.97999572753906,130.27999877929688,198.88999938964844,39.90999984741211,60.05902099609375,152.6699981689453,98.76000213623047,167.11000061035156,362.42999267578125,20.68000030517578,162.85000610351562,226.5048370361328,69.42765808105469,821.8599853515625,524.6400146484375,299.3999938964844,619.00927734375,92.55044555664062,383.2699890136719,115.73999786376953,148.1699981689453,25.709999084472656,168.3699951171875,25.719999313354492,248.08999633789062,481.1099853515625,332.8399963378906,42.59000015258789,84.96666717529297,109.12999725341797
2025-03-13,209.67999267578125,129.88999938964844,193.88999938964844,39.66999816894531,59.27425765991211,153.61000061035156,96.87000274658203,162.75999450683594,347.25,23.700000762939453,162.99000549316406,223.81143188476562,69.11000061035156,801.6500244140625,519.8300170898438,297.5,590.114990234375,93.8988037109375,378.7699890136719,115.58000183105469,148.33999633789062,25.600000381469727,168.58999633789062,26.09000015258789,240.67999267578125,481.5199890136719,328.54998779296875,43.709999084472656,84.26858520507812,108.66999816894531
2025-03-14,213.49000549316406,126.70999908447266,197.9499969482422,40.88999938964844,60.0987548828125,157.02000427246094,98.63999938964844,165.49000549316406,351.30999755859375,24.049999237060547,162.80999755859375,231.0170440673828,69.16000366210938,813.47998046875,527.6400146484375,299.8299865722656,607.5999755859375,93.76000213623047,388.55999755859375,121.66999816894531,148.58999633789062,25.719999313354492,167.97000122070312,26.579999923706055,249.97999572753906,488.6499938964844,331.79998779296875,43.56999969482422,85.11625671386719,111.9000015258789
2025-03-17,214.0,127.63999938964844,195.74000549316406,41.439998626708984,60.486167907714844,158.72000122070312,99.36000061035156,164.2899932861328,354.1300048828125,25.690000534057617,162.83999633789062,232.49790954589844,70.12000274658203,824.760009765625,531.989990234375,303.9700012207031,604.9000244140625,94.79000091552734,388.70001220703125,119.52999877929688,151.33999633789062,26.049999237060547,169.75999450683594,26.829999923706055,238.00999450683594,499.0199890136719,334.54998779296875,43.650001525878906,87.2204818725586,113.76000213623047
2025-03-18,212.69000244140625,126.30000305175781,192.82000732421875,41.650001525878906,59.900081634521484,160.80999755859375,99.3499984741211,160.6699981689453,349.57000732421875,25.920000076293945,164.25,233.53155517578125,69.37999725341797,822.510009765625,530.1900024414062,303.6000061035156,582.3599853515625,94.72000122070312,383.5199890136719,115.43000030517578,148.99000549316406,26.309999465942383,167.7100067138672,26.610000610351562,225.30999755859375,503.79998779296875,334.7699890136719,44.22999954223633,85.35559844970703,113.63999938964844
2025-03-19,215.24000549316406,127.41999816894531,195.5399932861328,42.209999084472656,60.71464157104492,164.0500030517578,100.29000091552734,163.88999938964844,353.4200134277344,24.1200008392334,162.99000549316406,237.64620971679688,69.27999877929688,837.010009765625,536.0900268554688,306.9200134277344,584.0599975585938,94.0199966430664,387.82000732421875,117.5199966430664,148.11000061035156,26.209999084472656,168.57000732421875,26.84000015258789,235.86000061035156,503.20001220703125,339.8699951171875,43.939998626708984,86.09358215332031,115.41000366210938
2025-03-20,214.10000610351562,126.77999877929688,194.9499969482422,42.47999954223633,60.21795654296875,164.77000427246094,98.86000061035156,162.8000030517578,355.5199890136719,23.959999084472656,163.02000427246094,237.54681396484375,69.70999908447266,842.5700073242188,536.3800048828125,307.0,586.0,94.7300033569336,386.8399963378906,118.52999877929688,147.14999389648438,26.190000534057617,167.5500030517578,26.790000915527344,236.25999450683594,511.29998779296875,339.5,43.75,85.57499694824219,115.9000015258789
2025-03-21,218.27000427246094,126.33999633789062,196.2100067138672,42.470001220703125,59.900081634521484,164.75,99.45999908447266,163.99000549316406,351.1499938964844,24.260000228881836,163.6300048828125,240.15078735351562,68.66999816894531,837.5700073242188,535.6900024414062,305.44000244140625,596.25,93.11000061035156,391.260009765625,117.69999694824219,145.4499969482422,26.280000686645508,166.69000244140625,27.020000457763672,248.7100067138672,516.8499755859375,335.6600036621094,43.9900016784668,85.9800033569336,115.5
2025-03-24,220.72999572753906,127.20999908447266,203.25999450683594,43.06999969482422,60.56563949584961,165.02000427246094,100.18000030517578,167.67999267578125,363.7699890136719,24.219999313354492,163.2899932861328,246.5414276123047,68.94999694824219,864.9000244140625,543.6699829101562,305.6700134277344,618.8499755859375,92.30999755859375,393.0799865722656,121.41000366210938,146.4499969482422,26.139999389648438,165.64999389648438,26.959999084472656,278.3900146484375,516.5,343.8699951171875,43.560001373291016,87.48999786376953,115.80000305175781
2025-03-25,223.75,125.5999984741211,205.7100067138672,43.279998779296875,60.585506439208984,165.94000244140625,101.61000061035156,170.55999755859375,360.989990234375,24.200000762939453,161.02000427246094,249.59263610839844,68.80999755859375,852.3499755859375,545.1599731445312,306.9200134277344,626.3099975585938,87.87000274658203,395.1600036621094,120.69000244140625,145.5399932861328,25.549999237060547,162.85000610351562,27.309999465942383,288.1400146484375,513.4299926757812,344.6199951171875,43.4900016784668,84.76000213623047,116.58999633789062
2025-03-26,221.52999877929688,126.61000061035156,201.1300048828125,42.81999969482422,61.390132904052734,167.97000122070312,100.77999877929688,165.05999755859375,362.1300048828125,23.420000076293945,161.72000122070312,249.4932403564453,70.0199966430664,826.760009765625,549.0700073242188,313.5799865722656,610.97998046875,88.11000061035156,389.9700012207031,113.76000213623047,148.63999938964844,25.209999084472656,166.5800018310547,27.649999618530273,272.05999755859375,518.2000122070312,344.17999267578125,44.18000030517578,85.20999908447266,118.2699966430664
2025-03-27,223.85000610351562,131.35000610351562,201.36000061035156,42.560001373291016,60.9927864074707,166.64999389648438,100.44999694824219,162.24000549316406,362.7300109863281,23.6200008392334,163.1300048828125,246.60104370117188,70.73999786376953,821.6699829101562,557.5700073242188,312.69000244140625,602.5800170898438,87.5999984741211,390.5799865722656,111.43000030517578,149.6699981689453,25.010000228881836,168.7100067138672,28.200000762939453,273.1300048828125,515.719970703125,349.8599853515625,44.959999084472656,85.62999725341797,117.88999938964844
2025-03-28,217.89999389648438,130.82000732421875,192.72000122070312,41.25,60.45636749267578,166.08999633789062,98.06999969482422,154.3300018310547,358.1499938964844,22.709999084472656,163.7100067138672,241.3633270263672,70.37000274658203,822.510009765625,540.6099853515625,307.0899963378906,576.739990234375,89.2300033569336,378.79998779296875,109.66999816894531,149.27000427246094,25.209999084472656,168.02999877929688,28.18000030517578,263.54998779296875,516.0399780273438,342.8500061035156,44.93000030517578,85.1500015258789,117.7300033569336
2025-03-31,222.1300048828125,132.64999389648438,190.25999450683594,41.72999954223633,61.30072784423828,167.2899932861328,98.69999694824219,154.63999938964844,366.489990234375,22.709999084472656,165.83999633789062,243.79832458496094,71.62000274658203,825.9099731445312,548.1199951171875,312.3699951171875,576.3599853515625,89.76000213623047,375.3900146484375,108.37999725341797,149.94000244140625,25.34000015258789,170.4199981689453,28.280000686645508,259.1600036621094,523.75,350.4599914550781,45.36000061035156,87.79000091552734,118.93000030517578
