Date,AAPL,ABBV,ABT,ACN,ADM,ADSK,AEP,AIG,AMD,AMGN,AMZN,BA,BAC,BAX,BKNG,BLK,BMY,BRK-B,C,CAT,CB,CI,CMCSA,COP,COST,CSCO,CTVA,CVX,D,DE,DHR,DIS,DOW,DUK,EBAY,EOG,F,GE,GILD,GM,GOOGL,GS,HAL,HD,HON,IBM,INTC,JCI,JPM,KMB,KO,LLY,LMT,LOW,MA,MCD,MDT,MET,META,MMM,MO,MRK,MSFT,NEM,NKE,NVDA,ORCL,OXY,PEP,PFE,PG,PNC,PSX,QCOM,ROP,RTX,SBUX,SCHW,SO,SPGI,SRE,STT,SYK,T,TEL,TGT,TJX,TMO,TRV,TSLA,UNH,UNP,UPS,V,VLO,VZ,WFC,WMT,XOM,YUM
2023-04-11,-0.007591141448789029,0.0006200968301910414,-0.003953580661402167,0.016508426846781443,0.016739435851942153,-0.001816900229436258,-0.0010587602765115278,0.0017609836118497313,-0.015186473886224738,0.002112406042142023,-0.022022120390757682,0.007306236615621131,0.02755896192202356,0.017073798742141877,-0.0023710370826400817,0.014943443517831945,-0.003557216521724804,0.00345472812587988,0.014617329508629151,0.023523463888075247,0.010457583787299995,0.01284703506350171,0.00392361362153637,0.007550790148941111,0.00976036831491589,-0.013832119130313902,0.010615350469109108,0.005526176266670291,0.0020704975942438253,0.009275794988475417,0.0013625786869524426,-0.003868718102421176,0.006808754158381225,0.0022192079466361037,0.002304107997207705,0.010883082108288367,0.011792274307491635,-0.004768942777191421,-0.0007262274798263135,-0.008956043248991907,-0.010240533597562385,0.007416473085827047,0.0193411636522145,0.008929549065546105,0.0026606165998708242,-0.004655494068677046,-0.005227654202999421,0.005500389235890468,0.004926115164828104,0.003097981056523258,-0.0017547114623580606,-0.008065381858912368,-0.017936568313560053,0.007808652328824328,0.011078847331410735,0.002466574580314518,0.009471699642751519,0.01076000818745304,-0.004190868297510919,0.017516531967472826,0.01325846250801943,-0.0010656184155832804,-0.022668501053215273,-0.022900886311621016,0.011401853577461374,-0.014866344903243345,0.0022396697891289286,0.0043690520683759,-0.001528136911710276,0.001437949046268372,-0.001987006766379862,0.0008999688036166464,0.014291271696649899,-0.0057928247274582345,0.005662020289560532,0.0010037837275433947,0.009547427958956023,-0.00019345017744354376,-0.002914778409079277,0.009090080763579644,-0.0034774755331385965,0.01616438608646753,0.007944813928271177,0.006132106567751983,0.003511824938835062,0.0034319739270405325,-0.0005103964736972166,0.003516932054637989,0.005212771552344009,0.012357047570192181,0.011238857594466856,0.002671850858102953,0.011510526311626412,0.008921055782685317,0.011917017530355789,0.0025412849023709327,0.019156208273243935,-0.002923308688322135,0.007071712195513724,0.003584803168149575
2023-04-12,-0.004353216186829156,0.006072632390655919,-0.007067653827612097,-0.005084044901667473,-0.003440230823748669,-0.02335926355396012,-0.0008480636318410895,0.00234364308996593,-0.018079304161561782,-0.007676026534741531,-0.020916697119598093,9.414569038401766e-05,-0.008011093125603885,-0.005129418064305558,-0.007488912180546259,-0.005540080455611607,0.0025702390139894504,0.00270951722302315,-0.005932043616440064,-0.00045333084985210714,0.005805752881765214,-0.021427694599503888,-0.019280885525998825,0.007306908705088988,-0.018650307930786814,-0.010074988140410857,0.014114492249247546,0.003545816846259875,-0.0032713261210883804,0.00934814282006724,0.000360116149276557,-0.024696207368428813,0.012457744941833049,0.0006040954100587914,-0.016551825107563145,0.005177572191442215,-0.015539924875369593,0.002023190722065138,-0.004603946288090688,-0.022310251229661793,-0.006739489644417174,0.008766920515350884,-0.004150578126344784,-0.011335364694104566,0.005411216301117072,-0.01441497313251372,-0.010200782620787718,0.012352087047415639,-0.0001555635834816771,0.005441659438268687,0.0017577958869494648,0.01376214971086398,0.0005329317005848822,-0.007797703719716886,-0.006453685245323859,0.002882312933654596,-0.0023456567612507584,-0.0018296656965471891,0.0007012622720896644,-0.0018170919463339485,-0.00576627917353234,0.011200821664779426,0.0023335247975375673,-0.004206751802130926,0.0029197419806288316,-0.02480763092112359,-0.0007448050183069821,0.007301338084975573,-0.0019681601421036587,-0.01005047626012412,0.002721092489369692,-0.021339249119989856,-0.004039103138985811,-0.026705693971051492,0.008593497308410747,0.018050551085648348,-0.001324012739378544,0.004061107665916497,0.0040371984700589,0.00257391275939467,-0.005169590758972387,-0.004708484956959191,-0.001480019575074376,0.0040626821302593985,-0.0027837240017546394,-0.035794326486566885,-0.020934436376743526,0.005152818460398834,0.0016710163948761014,-0.03346003653646468,0.0004223134011440699,-0.0008547084035219754,-0.013509947584840698,-0.002801399702912044,-0.021871128457311317,-0.006337052419061573,-0.004572137787052899,-0.004864348835366017,-0.0010402807263650837,0.003116361330869566
2023-04-13,0.034103584874945136,0.011250457570496364,0.015286728979837738,0.005321359100663781,0.0013562743759607532,0.016307692259079687,-0.003076609874189673,0.005845718811248846,-0.002599431261825602,0.0077754656221469265,0.046713683014299345,0.0058867854457853586,0.0028089177634151863,0.011952205917092673,0.03234063894315686,0.0071475807202376895,0.0068367562297309,0.011127007266977351,0.008098892218062925,0.005306118470487009,0.004467079363362547,0.011657690953260191,0.010892713917454389,0.014042480682113112,0.017451858279208032,0.013769632860188397,0.015051049966014363,0.013366906716420823,0.008118821571889923,0.0009103547335871376,0.017762207087036463,0.029609935412061583,0.0005274175725269448,-0.0027162049118316656,0.019401891857533826,-0.001605036527553949,-0.01657454360287558,0.0021253635996936193,0.013510212971562963,-0.0025994627071755927,0.026662929457067497,0.005722951876284688,0.006549690487403836,0.0058875920931162895,0.013817796964376461,-0.004978965589229278,0.0034353443464449906,0.0022661483138843863,0.003813241524690536,0.005339005231361105,0.007337660897321463,0.01652877302663769,0.008276954180609364,0.008509917941891931,0.021753413293344792,0.01321423717731185,0.009652221453370968,-0.003832677156153541,0.029673010378887588,0.01705471227046873,0.003122942688257524,0.01608808559614161,0.022399575326597754,0.026352936110985548,0.022399960858964896,-0.0012078234282735245,0.0175717992514397,-0.0010795834139464278,0.009969221642056603,0.0024174025785628217,0.004633786824367991,0.014285958904228346,0.002263453929384429,0.007150580725010958,6.773752413979928e-05,0.0015759642958164122,0.013162880250636722,-0.00828191689082558,0.004714238799309989,0.014819728826796164,0.0052614046907510925,0.007671708802466037,0.005205123708172055,0.009610684875904552,0.004944922848617139,-0.001467737221052423,0.006519086038343724,0.02033313938976855,-0.0036814445551585084,0.029688716127604264,0.009669963182785235,-0.004075974604414445,0.006057380274852253,0.021421233200456413,-0.004412018962023034,0.003061300096233399,0.011992925655487596,0.0010044526146040234,0.004686244509071624,0.020305997807169796
2023-04-14,-0.0021140753533948065,-0.006761242145991386,0.0033780428435670196,-0.021102879082437465,0.0070179384591719796,-0.008405042621387082,-0.015643263860581347,-0.0034869388995469874,-0.0036920007754494,-0.005726992582962831,0.001074224694457282,-0.05562053386259613,0.03361358658500957,-0.0030106292711936655,0.007693197892303827,0.030712914990739915,-0.0033952252386518778,0.005313637812513816,0.04778001029326728,0.009067553476585832,-0.021686845705753077,-0.017853628924215936,-0.002365453892235747,-0.004952230225631293,-0.013235950968506272,-0.005117981467853916,-0.009406838299093168,0.002033938145660663,-0.007368170820710396,0.007875626503684341,-0.010770012132455209,-0.009321683322723873,-0.007378828773764945,-0.015130031145985101,-0.0018346651808972547,0.0026382227369046163,0.004815459685326928,0.0120891456163017,-0.0032423708789723893,-0.0011584531704953438,0.013404033733253051,0.014422245518806331,-0.005323913868876207,0.00013693206026821336,0.0033182252589256667,0.0018765436113161726,-0.007469735510273745,-0.00017380225727936516,0.07550969391279638,-0.0009459262503397348,-0.001583490814681232,-0.0011192878301040654,-0.008432580153872493,0.003523857407461861,0.0075207357966808885,-0.00031127700756528043,-0.010785685955400193,0.014051526229490685,0.005173616829251548,-0.003579935076609808,0.0013342229488952917,-0.0023360828298331082,-0.012765717570478952,-0.029400244047275703,-0.003796508064985993,0.011147598067078546,0.0016744712017324748,-0.0044773502234487506,-0.004718651421467768,-0.006752054482654812,-0.005073634142046313,0.0036239142388367895,-9.39948681883962e-05,-0.008007701733259043,-0.005875675254124024,0.0,0.004486297320837052,-0.013983288816672546,-0.007176375519231004,-2.8898903607688098e-05,-0.011178554550632769,0.015480106560656237,0.000514348948412513,-0.0015030994356347582,-0.0006349891785679684,-0.013903413096748252,-0.0001295494587090218,-0.0038739084839738425,-0.027886904925569334,-0.004841279860318459,-0.027440321497818276,0.003082019182495177,0.009790532797903984,0.005715904257571625,-0.009539795755162506,-0.0025434459459610093,-0.0005042893571662876,-0.006756422929752204,0.0024185627069273075,0.0016337650748505794
2023-04-17,0.00012099893060080191,-0.0025373130412865708,0.005386717755147874,0.0026142379223965673,0.0050128408799918756,0.01248326636220165,0.00854051244325471,0.009331221282284696,-0.020490433279759857,-0.007719998403328376,0.0022436418178335416,0.016459233329654266,0.02879394862247242,-0.0018582679436744964,0.009883533132571731,0.01016863145276825,0.002129156167822277,0.01266659921887836,0.00262303317275836,0.006974384887499685,0.012411915901345827,-0.001659519977945445,0.0034247376088547554,-0.026636065570829315,0.005373503673798741,-0.005144470279649482,0.01030084722747504,-0.00881471730721084,0.012946636401498957,0.009412798743253958,0.01621159072618772,0.004004080002121491,0.007079717424788967,0.007886096280545596,0.005743067655683998,-0.006825251596214721,0.012779510788043513,0.0139352983255554,0.00759027427463832,0.0188460756764548,-0.026637262171074205,0.00819179975774631,-0.005649811714330766,0.010985809913117262,0.006664912827550218,-0.0024974146522934726,0.007839579692833887,0.012871649276829933,0.007929022792648066,0.009466247314604992,0.0065027634799741385,-0.006351308650440757,0.003381301363210243,0.013948022074064648,0.0008860347998520535,0.0011417412848759856,0.017470060882626814,0.01517644019938058,-0.011874183161933227,0.009549123214820154,0.009104875222353481,-0.002601702105143988,0.009296116938775745,-0.021203495204506373,0.0019056446035050634,0.00911889355285056,-0.0012537949064612697,-0.023883438343998975,0.005122455778260759,-0.00024255865438727042,0.0003310623672445612,0.03938514641151536,-0.022021446405714462,-0.00649155454858219,0.006842376112182524,0.014063914163716218,0.007816271818023024,0.0393932912131445,0.00556029632675914,0.0033059874014977897,0.012742426312744692,-0.09184049250551984,0.003496201427277912,-0.007024591789330015,0.006512167915403211,0.010559033241023252,0.0054409686429348625,-0.000407555304003937,0.01728328087047326,0.011026990735853115,-0.012583280894281179,0.007605999982302825,0.0021776991400872525,-0.0023076349641388827,-0.026998266862750753,0.006119367311824719,0.04187682967059292,0.0070044368075989905,-0.01163297119544926,0.016459252179218842
2023-04-18,0.007504850565277499,-0.009864723205598058,-0.003539867843824762,-7.165637620087928e-05,0.004258086361586866,0.0018265798216079432,-0.008789937035157402,0.010400525910083447,-0.0010014906479857144,-0.007981590289197316,-0.004282604839014548,0.01629028121629128,0.006256190143137497,-0.0034908446843883167,0.007709066439856693,-0.006200149634382757,-0.005240752267472892,0.002594262687923843,0.007848844863708848,-0.00017772311916774974,0.017557021631956493,0.003943367796283681,0.004725620753107229,-0.006249195502864846,0.00599251382162902,0.0005966870292326565,0.0031863381528198786,-0.0023403016669023557,-0.022494795573589355,0.013463666602904656,0.0015249130375039055,0.006281102012406059,-0.002108999219403218,-0.010161593346724729,0.00593882938537349,-0.014737486980736736,0.003943129304942117,0.01756744102373342,0.0017937488840102933,0.005407075870046629,-0.013871919129662902,-0.01698669989955115,0.01315814040717167,0.012017659231267519,-0.004700310332229174,-0.00031278088546626837,-0.009645299496603088,-0.0006869044844589611,0.011227933362491171,0.0007216403451990594,0.0015758193532362519,-0.006552946833855655,0.024038049569582665,0.01512206316885445,-0.001180471973420083,0.005530610826615101,-0.005723564594975583,-0.003737257667461913,-0.004432076770361504,-0.00477626807955378,0.015405098918673144,-0.0015651072035981484,-0.0014889574002524553,0.008046229544145023,0.00015844444265478153,0.02462778592440662,0.009206065752513704,0.000953398524705662,0.002060348288716707,-0.015298875989540939,0.0010594098489558057,-0.0026380840052487864,0.003752871892838572,-0.008543995626501322,-0.002709318477752687,0.015032493702927363,-0.003693153336956634,0.02330868421019261,0.0033174575837566778,0.009054218091758104,0.00671068441877698,0.030544929797490683,-0.006352970186009332,0.0015159028553124454,0.007969072825888324,-0.0018439302621677811,0.0019328752452381082,-0.006354198384129983,0.00420375895272862,-0.014595786064655836,-0.0017215305897207989,-0.002849450695170286,0.004294114441086849,0.0005141413421529961,-0.009275200819901075,-0.013177821946371737,0.013801533633915675,0.002206978333084697,0.019529355390609293,0.0035010749583965772
2023-04-19,0.006968244643595245,0.0101509867329177,0.0781564025020467,-0.000214091555282514,-0.007268541727755151,-0.004507467224128314,0.011571489102065957,0.013534189082531123,0.0017821749196356151,0.00048753670724765996,0.019550341547772243,0.0016317685110491809,-0.016361354439113684,0.01868277548720565,-0.00756479138477395,0.0017433402221103123,-0.005268421884084162,-0.004743888493849435,0.006389767931837431,-0.002442250070070262,0.013932321781079615,-0.013824341602465262,-0.0005225169984819367,0.0029538175038494874,-0.001750815130055594,-0.04512024710741114,-0.011434060997124074,0.0009381999433386579,0.0012203809741169191,-0.009881779665646517,-0.00538766698400317,-0.02159919324525028,-0.005988076623022476,0.010163195279685677,-0.0074931327919003365,-0.0016806202463673925,-0.04006279271134394,0.0056870558382606795,0.003938729907891458,-0.021228655458931822,-0.0030621669105806992,0.008924584356802212,0.006788364152488624,-0.006823827269469174,0.004468513650151662,-0.011425983156080566,-0.02136360128489445,0.011685882715999796,-0.0012730509552472125,-0.0023789743798392493,0.0018879187677647291,0.001513858884069963,-0.012464885554667071,0.0035078583237146965,0.0012894302299071292,0.0012372326599534578,0.039436731923845336,0.008155238613662519,-0.010050902526720251,-0.0017878530271564497,0.006935349530659218,-0.006096084633654075,0.00027737840424202354,-0.012279936727375707,-0.004278570613112209,0.009541901135501352,-0.006841666808620084,-0.00841279177663301,-0.0005952018667048087,-0.007644722636516943,0.00019827671031147354,0.028935517459983684,-0.011983473215088858,0.0015207295077499516,0.00303372718048478,-0.005446284278252889,-0.006950201473371331,0.028703662654088413,0.003169029473967022,-0.00039761827271378447,0.012626614246178613,0.005206887120098536,0.0288394449099183,-0.006054433488238087,0.003913902726894625,0.0006773734446787749,0.003215210424760473,-0.008446371392255014,0.06145345389689649,-0.020183393575926356,-0.03623539391411246,0.012683592481195882,0.009839307561659183,-0.004409341739836203,-0.021320020640889448,-0.008731522504825562,0.008836927106907977,0.0010677958279092792,-0.003164123889973669,-0.0033435198369421437
2023-04-20,-0.005846295525664624,0.003287764001896898,-0.017276723401742466,-0.015541150219284261,-0.011592538930782825,-0.009768000573834756,-0.00032071064531402627,-0.015610194797811006,0.001890128578282635,-0.011169263108920968,-0.0046980391066805405,-0.007091231559190003,-0.005322621055636079,-0.008482216969499357,-0.0057954588421255115,0.001639776171429519,-0.004723810830319697,0.0022594663858446218,-0.01984114147655991,-0.01059417360549697,-0.0026405154185333846,-0.0012494857572260543,-0.013594663429196241,-0.014060511929654962,0.019252913833354812,-0.030391291921077257,-0.005783218195186124,-0.004862993846514896,-0.0038308080162915426,-0.006135851355272726,-0.025200130758869177,-0.006886050532743826,-0.013111166625560222,-0.0018291936649007523,-0.007549703724447188,-0.004545381905369794,-0.02864155784460065,0.0073714512763587425,0.006895960769575771,-0.0300751083310572,0.010654662248060331,0.005402437825832829,-0.007036159782420115,0.005590928471735479,-0.005358623169977261,0.00031669098680997543,-0.009309626187103404,-0.004756328754213612,-0.0029033098958460846,0.005346665417870433,0.0043970126772139295,0.011714839200409166,-0.009209178223877346,0.0044533323732425245,0.005901228856014296,-0.0009267778551342865,-0.016260015021331453,-0.016178668927277484,-0.012192849310480813,-0.012726189281600964,-0.010116165993648951,0.00035059337469034446,-0.00811225078200628,-0.007874189694020872,-0.009708112818117898,-0.029608627845806645,-0.01022848912815677,-0.007043247114320805,0.0033024069369615994,-0.009691907317237014,0.0036660138613529014,-0.021578231440190665,-0.01756251660393715,0.0008436192640135509,0.0002933772472604179,-0.012008932054912824,-0.0010265052045687062,-0.027902751488248834,0.0028842917502753807,0.00249991869072419,-0.0066458127328841154,-0.003984676213642624,0.00932150226116013,-0.1040611117781246,-0.004990303183523892,-0.013722056753019074,0.013587742703852657,-0.02412414553526665,-0.018130025448898857,-0.09745828230593856,0.0025914687648980195,0.0029703560505893734,-0.005356315283637891,0.008728635408097984,-0.011655981967588214,-0.03652844209862127,-0.013494490934049641,0.0063996280360034685,-0.007978026526239135,0.002771193419540241
2023-04-21,-0.009781241823724418,0.004142305721557271,0.011871307517637764,0.002830567635471848,-0.006172726693970287,-0.0028257452398402494,0.004384451626268326,-0.01509376666164608,-0.018643882963005898,0.001642967221098246,0.03034391291745231,-0.010037165825112604,-0.0010033613075879355,0.047167683858793774,0.009982239470413878,-0.02217174965685409,0.013807119592825767,0.0015748849253043318,-0.007490113179272173,-0.00361880850426044,-0.013581203961163912,-0.014309246641061257,0.000264890219331404,-0.014646416055598244,0.0015229265249383506,0.00966064744812356,-0.006624532714187836,-0.004297703967443223,0.00873971477079638,-0.009375931269345439,0.017999526847355396,0.01529521226912145,-0.014901409594870851,0.0014254070564689858,-0.006224069812367894,-0.008033274977123361,-0.00505472056141576,-0.0025058283071830445,0.022198487912470588,0.0002981037303395606,0.001139796744134669,0.008709475715781512,-0.013876389250424448,0.004923671107759819,-0.003405418097026991,-0.004985781497805819,-0.018146536045853034,0.0003414100124612407,-0.0019173502097179496,0.017464735383297514,0.0014071948915801435,0.027827426242590603,-0.01640844819439602,0.0061022143591087374,0.0006400251102609555,0.0036425564746740413,0.026829515229733092,-0.010524603778993336,-0.0008449263371447246,-0.0023871890114592897,0.0034788868855233357,0.010510792731335039,-0.0012232787707007198,-0.005430225049678383,0.008678286035026517,0.0005532678185933282,0.0033744520321639104,-0.0025794399370439036,0.0004314673349183895,0.009033866195242712,0.03460401642803812,-0.01767516694576332,-0.010864356465267289,-0.00741736314129704,0.005009004200102751,-0.005736923100648994,0.010649142748901053,-0.00370375015458424,0.008080116435430051,-0.003372008905978996,-0.0008921888646984399,-0.01813565877797718,0.004766705331682886,0.03229474560067436,0.006190753406762672,0.011854074303666806,-0.008093988556723497,0.010160378104365764,0.0013389332385926878,0.012822849668400638,-0.0074671504093010155,-0.01850929153618064,0.0011796358574309718,-0.002344526292890614,-0.027002892223810138,0.003495630403186567,-0.010319041843899535,0.005034071213705582,0.003199694597083802,0.006036345855331637
2023-04-24,0.0018788107303666646,0.010282626410087703,-0.011284266502150642,0.003329328112410046,0.0037267203749271616,0.00901643584429479,0.003407248864323753,0.005237704109417818,-0.009725213246451037,0.002419453305657626,-0.007011967150520215,0.003022229560920353,-0.003682574014667872,0.002428800110249485,-0.002843153480325933,-0.00991275209787812,0.0007093948991783172,0.005303244509955007,0.0,0.014345913638511787,-0.0030814652670627662,0.015786183965991185,-0.014043625294419049,0.013592819344044882,0.010012981721830627,0.007654707693474094,0.0004877854780711566,0.013954427157492288,-0.0032923001105858996,0.003465273680845593,0.006091633069725155,0.0011047520083067308,0.009476901724678521,0.005489980438339481,0.017397242272854108,0.015940764532307306,0.029635793636829888,0.006431272420136969,0.0015015083511007443,0.022056702268954842,0.005312510908646706,0.006731777845209619,0.032035799702550216,0.005332499246400557,0.003570030365243282,-0.0026246328132721874,-0.021122211401409907,-0.0032418118819669273,0.0013519988851939946,0.006074649857492842,-0.001561366817524501,-0.0049060390727208025,-0.003377914427947326,0.0,-0.0013591320184825895,0.0039033890150435013,0.046191413325351593,0.003988748191362301,-0.0004696644441259945,0.005551249743987796,0.011267673290783264,0.004940473817083735,-0.013962718347504732,0.008399772476190837,0.012427348463107002,-0.002839199219420774,0.0030479538098600045,0.014384938694880889,0.0004854759516050855,-0.007460786429622113,0.0017942210666157532,0.007213501961261581,0.005392023092296361,-0.0034816946669553595,0.00527607645972572,0.0020536953276864,0.010167252782711689,-0.012639374024676409,0.006656535368405381,-0.011543212746344955,0.00669645708647626,-0.002173258122767807,-0.004941847561046209,-0.037870353476930796,-0.0010904451278906935,0.01085227571724623,0.0012748773492319287,0.004582891490386709,-0.002061251756768745,-0.015325895028073244,0.01058228534101846,0.007191314076076427,0.003278444746175113,-0.005511639069525787,0.003092936359000431,-0.005895147345279073,0.0050919773734654505,0.006788314298998399,0.01887758766623815,0.004120487667653716
2023-04-25,-0.009435634133997284,0.004997616160741014,-0.0038949125309142296,-0.023624939627922004,-0.0606434953369509,-0.028747905072004754,0.001485620498458573,-0.016788887999298008,-0.043051235082843475,0.001718025935010914,-0.03427172037496595,-0.017398074338932257,-0.030913976400000265,0.0008809067220225675,-0.012938109411129162,-0.02147745615347796,-0.0042529970510565285,-0.0052445683763188145,-0.0230471020275671,-0.021483158720863593,0.0030410305377883695,-0.009332299222250762,-0.008330820047773635,-0.015050813015287434,-0.01613155355759721,-0.006330493714732044,-0.015932229478358262,-0.014520437307893763,-0.003650959052139968,-0.022085398590398042,-0.08791055982206275,-0.016753600293448967,-0.052175487210582516,0.008493387820323495,0.0034200051265633746,-0.021060641656281076,-0.01998332635971012,-0.017074294169935555,-0.012802569016458265,-0.040244889248829296,-0.020005700392299874,-0.013024685150320958,-0.035392993530414696,-0.017603865552908937,-0.0041671378715743,0.003907531364976791,-0.026297968888094103,-0.0020539431592443425,-0.02174387382711085,0.015727042040348582,-0.0015636817077894216,0.0038868328658636653,-0.011103795831245766,-0.019572336131432166,-0.016545276683795684,-0.005764016450303,0.0,-0.019864237280471264,-0.024625165381987335,-0.006567542802162318,0.006856686381929045,0.005088884768052582,-0.02253608437308241,0.003748517328651557,-0.019120375570371273,-0.029620581971647963,-0.014459388968812492,-0.022785077812329857,0.022695423233746848,-0.014532633170147302,0.00025568353206462113,-0.004586811975730409,-0.01360612975551212,-0.02812106367756373,-0.023226787861457265,-0.013371146991540739,0.00045763272117116394,-0.03934490657538814,-0.0016193312730787834,-0.007047202386849083,0.00082339035233292,-0.03879121529693652,-0.008442606635481242,-0.0011409722624270424,-0.031810218047913286,-0.038611798972968514,-0.021520463533670542,-0.04513314408960323,-0.010104494848810486,-0.011565701922588656,0.006094933423998805,-0.027611460437772184,-0.09987230633910749,-0.013619164611805012,-0.017916729945810506,0.005391048506113494,-0.02171284140271268,-0.0077899986394693865,-0.014213253470274356,-0.007847202790776109
2023-04-26,-6.117259008697751e-05,-0.01879929111364842,-0.011093948629847583,0.0018841061716512453,0.014887979817442165,-0.0016298449421179306,-0.022568581425093992,-0.0027477448654710246,0.025536984626679526,-0.024788472436404363,0.023496184744855597,0.004154489973529074,-0.01386955463242101,0.014084498294041126,-0.01801474540237269,-0.013703202573328244,-0.031606030471831636,-0.0117469248369374,-0.02171174411384602,-0.011160487209349035,-0.013967407898259232,-0.02183588297182082,-0.010298282583476981,-0.015868252673602035,-0.016912843073001227,-0.01167968658921159,-0.014703464474456807,-0.01781178072091205,-0.02076428346396275,-0.012807418049648356,0.0020690535676777255,-0.014284212493943849,0.0015238901202208055,-0.013936196009260993,-0.014769209312274545,-0.008656870715714415,-0.019541223950005904,-0.02265328752363538,-0.021614782620314354,-0.020966287353664015,-0.001348115483958523,-0.00860147808669931,-0.0460151345351818,-0.027874140509322465,-0.025821669138159642,-0.0003177726757317423,0.00588640574003052,-0.017324366005636138,-0.01772353689844386,-0.0073270517718440065,-0.00469851889985573,-0.022269095378664172,-0.02935356613650575,-0.0246744508328246,-0.0048028968194088195,-0.006003360188672313,0.0031219162318376625,-0.004897936093406163,0.008913598574580517,-0.013892845107706497,-0.006384337909254967,-0.026602515956128392,0.07243479948381704,-0.021784256269457902,-0.006577975744085696,0.02724731964245608,-0.003721043918917255,-0.017446809601706637,-0.0061673663524797195,-0.017798336170395834,-0.01157372668986889,0.03354891553281769,-0.00050352060485781,0.0009645286386827934,-0.01442740215504823,-0.03373220677121069,0.019480532301879627,-0.008426359841869457,-0.01878887155463116,-0.014889309214429103,-0.023104203845608295,-0.0113282801382244,-0.002303856343600308,-0.017704104701307566,-0.03205034730821543,-0.013704848309007533,0.008068778987644576,-0.027809343621591043,-0.004004078292545787,-0.04306963495243776,-0.01823464158842092,-0.01668801751058946,-0.021101598543289968,-0.006272070915754435,-0.01026724030866677,-0.0101877628869812,-0.026880452840650437,-0.004354335219589611,-0.009182982964567876,0.0014513231975827878
2023-04-27,0.028395324095267904,-0.07991337555792877,0.006896511627061841,0.015633641763638684,0.012722491014514281,0.0011058805719692533,0.006070673301489915,0.026175852791291643,0.01745403720488259,0.006448767110831755,0.046103983455159314,0.014825368294997254,0.015822835742406616,0.015625045116920644,0.016196950693814882,0.018457942288956808,-0.006027535794323469,0.017783084980311115,0.003627662933689324,-0.008603468462940245,0.003327087489685576,0.008703735377509236,0.10268363223048738,0.0075646344660156295,0.013362704301894679,0.0004297872792367041,0.017270316991406798,0.005844001740345606,0.021917425917778788,-0.007367588763142363,-0.004516573923000977,0.03436490348881538,0.01749709702327462,0.01138784688845318,0.05073786816163839,0.0015563075596520815,0.006065953095712562,0.01922850414319477,-0.0022687894565939226,0.015518305076813288,0.037412050562370736,0.01497526637371216,0.00882736394435657,0.020342103001818712,0.04038790856910546,0.008899479724438608,0.02788304424016763,0.03630663571214976,0.013458544419347351,0.01928838476316086,0.0020455937886825204,0.03741996429467487,0.007321978141558105,0.018575700761510383,0.018840840941463766,0.017117748892247597,0.015671895403400526,0.023591480425005917,0.13925490880830882,0.023416253314567426,0.010708771783541904,0.015251647704739524,0.03202770101769059,0.02375406636416355,0.015019408169007376,0.010016403119531114,0.014192728742117078,0.005310411145861504,0.006099479293213639,0.0028476105746892966,0.012226778068444855,0.0013297040315507491,-0.015412374866777823,-0.002102283879085065,0.05087568426427924,0.017506065112472546,0.01148290852049727,0.022331976548241927,0.012673915664594304,0.04560792393290103,0.011404178373446872,0.019335430158737843,-0.0019410286785477293,0.023837191677066105,0.009900216885236901,0.017368944422326837,0.019106735537261166,0.018550971308024522,0.020610510825720185,0.041886194740853755,0.015570914292498017,0.01065275265397303,0.030074628442062323,0.0037694473754370517,-0.017146770868842198,0.05065010583724461,0.00506855594643052,0.003114282375192623,0.011953256285686109,0.012970248191979561
2023-04-28,0.007541051870528559,0.015113599512502685,0.00885849931185323,0.017571230925529813,0.0008969830174829774,0.02461728820554443,-0.0042022987490429875,0.01726135067840895,0.022072281007415206,-0.0024963420457236873,-0.039792412663683385,0.0035915624018507675,0.013499356053446654,0.018803309528593104,0.01775752967209221,0.012856918442134768,-0.012424143345185268,0.007111475733413863,0.011822808212487823,0.020855659720304676,0.012711674482145607,0.011824316859824657,0.02731547164182979,0.016398071463660235,0.0038901556806414384,0.014819594300912398,0.007417236330262478,0.009763549554020923,-0.0036616338585855335,0.016592617642845697,0.023723042381154524,0.02571804667283084,0.0168224813592861,-0.005931495321702007,0.019095651287682314,0.03133629921241643,0.023255857294225635,0.009280365070975405,-0.016038368401528946,0.009779813670994342,-0.0023237013692117836,0.005386065914030347,0.023437411162967603,0.02248831574719512,0.006192750781703449,-0.004410456311695454,0.040187450948773185,0.007916383601231702,0.008682948539976643,-0.010178977286739,0.007380643009070154,0.014115540543864435,-0.001182617612388026,0.016134429010071116,0.017020245974058046,0.0034948459075878624,-0.004705763556834386,0.016912606885436388,0.00737764435529531,0.008449635627728824,0.006781035977073024,0.0026919202027728684,0.007971691646261103,-0.018023477431518886,0.008114674633058705,0.019209603925692154,-0.003367077941341501,0.015681664501375092,0.006326248192087824,0.003871999137404103,-0.0005752286913358606,0.017419154347502852,0.012891272801567988,0.02528090379702297,0.0039737232998215966,0.0051313535769452745,0.013658502475766277,0.00985887715683642,0.0005441093593852031,0.019686071032753105,-0.0038438039657890943,0.015315553177952301,0.004795123111243305,0.003407244885668126,0.008073201015940557,-0.0025292389936576454,-0.0015203270652327516,0.021877625813557122,0.004937587071141447,0.025719427270091355,0.0033029453884227955,0.011160325283325667,0.011532495435334189,0.016243796035443125,0.00026171735729207946,0.0010313694874986012,0.0022693021072484054,-0.0027082470563568606,0.012924822164213978,0.005579169316621835
2023-05-01,-0.0005304690909103682,0.017138837476392332,0.0057933075224998465,-0.003104016725411163,-0.0035859666864694884,0.008624713755713831,0.0024887578020706957,0.0009425665582434295,0.0035806163700320415,-0.0035038962838565,-0.032242712137328766,-0.014072945542548898,-0.008196720746989516,-0.006291929637275984,0.0017794720697397182,-0.012261511727519103,0.024412158875107837,0.004930834560817221,0.003824197586375311,-0.006992738729758252,0.0028774194533720543,0.006356230938107776,0.00652657565649295,-0.003498798995050123,-0.019136820631937113,0.001904680731675823,0.0055626926200622595,-0.007948952833885747,-0.00035009673355534954,0.010845970945200234,0.02034546461651643,-0.002829340748836451,-0.0053308696161540325,0.002123713849725428,-0.016584011183641723,-0.0069473731104925385,0.015151451682112516,0.022329717818852846,-0.009609740763577124,0.013317182859537313,-0.0013042121653671357,-0.0083565193414733,-0.006106896183250554,-0.009449593621003505,0.0032026653113514936,-0.0025315280700579645,-0.024468721101527202,-0.0038436004169681848,0.02141211318468872,0.006625691197740924,0.0023384627673919134,0.025135095062404078,0.010722301501084663,0.0018766100240941164,-0.0004473608028249254,0.006187602487232491,-0.0029686081983882895,-0.0011414273641651151,0.011900752066952958,-0.0034834388252314996,0.005683110918775158,0.007534432315845052,-0.005532924508045434,-0.009915614141808526,0.009469641277748853,0.04183932553936742,0.0015838101245377878,-0.005850774922753099,0.004138403379910116,0.008228375224694995,0.0012151045875343769,-0.06333971063286536,-0.006060537392294174,-0.008219202423129124,0.008465768777163207,0.004304396973099145,0.0023624051350952247,-0.00823118562991243,0.007341872854691012,0.00019314397920933146,0.006238208182000493,-0.010102638343775339,0.0008008772264143094,-0.009620754638114182,0.006782727582639758,-0.003993502893442469,-0.00634354480175825,-0.011533362866069097,0.003422660843632963,-0.015093395194377579,0.007336174894532421,0.01497197319800625,0.013291898098485744,-0.0009452528256728154,0.006453368555878747,-0.0030905826280530624,0.01610041770377446,0.0041067300252590755,-0.031012466382751236,0.011737011884664916
2023-05-02,-0.006191424305689086,-0.013597035079028874,0.003510165873422899,-0.009591338370889435,-0.029305863253104802,-0.020613849578024257,-0.014786742320278545,-0.021849594411423645,0.0024529068426200062,-0.012264612981108924,0.015482549283793778,-0.003041129798581288,-0.030303028198896187,-0.0078091671892436265,0.009275099406199638,-0.017361457332384145,-0.004386058857548614,-0.013053965838467074,-0.026455016397216147,-0.009757419871236017,-0.00811301926815855,-0.01757546374968766,-0.010566783764998977,-0.03794016008604495,0.002471715591187973,-0.020701294488826516,-0.013342015241553429,-0.04305178381223662,-0.02783618262543397,0.0043965988063521255,0.004384949355009882,-0.01575189966469659,-0.006098714013646811,-0.015036609151811486,-0.011826463476206972,-0.059254865319189554,-0.021558863081677093,0.0032616234482463202,-0.012036320052756011,-0.011947381523293443,-0.0175373233855316,-0.021140995080435432,-0.08264202708666157,-0.011488239389189192,-0.011073347638850706,-0.007375580194922571,-0.017491728528032713,0.004697150153397223,-0.016147470835669586,0.00020565133930428026,-0.004510219823328776,-0.003967238133967044,-0.02245276838890342,-0.010805903065081002,-0.010082722380562958,0.0016465759834287663,-0.004962411786961773,-0.029872669787164963,-0.01620195324948459,-0.027113699205200792,-0.012557464316201528,0.013322945499040229,-0.0004908766246843888,0.024078249452001543,-0.005159370711596778,-0.02421298330636268,-0.0007379041377896245,-0.018473047761746964,0.0029738234935190455,-0.0038254775215827985,-0.0008942964584618407,-0.023442743777159047,-0.0372967846073059,0.0023308898933258604,0.004557023502040458,-0.014551978502875151,-0.0008730216285035564,-0.03300526728145514,-0.012687194940961488,-0.018282077783405626,-0.020835918120600816,-0.017335254446754655,-0.02000736109512835,-0.024571601641285024,-0.004626653380180312,-0.008910573425916501,-0.001021374593793145,-0.008532604998084281,-0.006767038184338103,-0.00939259874721976,-0.004660216472809564,-0.012888144624314313,-0.023929761271398342,-0.023783950334703152,-0.04011799990996667,-0.026866505483001846,-0.03837556630653327,-0.002704727323935008,-0.03985343006350728,0.004710668808609597
2023-05-03,-0.006467121919957575,-0.015631144560881105,0.002331854254749688,-0.0056369063965715505,-0.006620856095196248,0.0066521088840933995,-0.0044917460589934954,-0.011168985141174481,-0.0922033208527272,-0.028223899852597545,0.00019303553981586674,-0.011414550180658067,-0.010653444131214607,-0.010848683389518832,-0.025713822532451358,-0.013892011359509793,-0.021439227236060066,-0.008101590405496295,-0.007174051537862214,0.002277406408663918,-0.013566236384413344,-0.0176502115080871,-0.007524318283877007,-0.025851574906226582,-0.009599657570346642,-0.008628158687017384,-0.010554017651777436,-0.02005747755711995,0.004141891577531975,-0.004116805361003784,0.011450106127489645,0.002584580639430456,-0.014503465611060973,-0.002766407606967447,-0.007757135002925186,-0.005286355204891069,-0.0008475101501350668,0.002561320172920656,-0.012307229054912217,-0.018137947841893376,0.0008546586758773067,-0.01415837910650708,-0.023777715685715628,-0.0040775745075986025,-0.0015130975497975596,-0.013662498978917248,0.029559884544255288,-0.015194367771631856,-0.021163214220698,-0.0020564279880714853,-0.00562412918624744,0.06677382818178246,-0.012682741169645961,-0.0032044331491245526,-0.003005043523287898,-0.009561444344318826,0.005098005985134213,-0.01211503786599133,-0.009237575603393333,-0.001456672736538156,-0.013777153693796285,0.0027992203257487525,-0.0033070757595244915,-0.011860184890441716,-0.00408621834664924,-0.014462910283679298,-0.00021106798584846764,-0.01782147164627479,-0.0003642613204295486,-0.015617003287457076,-0.0012783752503454648,-0.02089967751662003,0.012878673947578134,-0.028249167461851687,-0.009333327616106835,-0.017295441822331337,-0.09173493369737762,-0.041317342538595425,0.002460598351639476,-0.01699331070974941,-0.003785989945058743,-0.019490722413334383,-0.02296783289968729,0.0011715301237738007,-0.009948693006446185,-0.007384799631198424,-0.005112596009797188,0.012136281738795995,-0.0076444408646834106,0.0018713932775662467,-0.00800582682836104,-0.003774190715997494,-0.011302395519247277,-0.0044056589072308805,-0.03357985620451798,0.008229429098016494,-0.004891891990097874,-0.003704057243645531,-0.01970934953151393,-0.03911812659993774
2023-05-04,-0.009913627385638613,-0.012663284765616178,-0.008053008389911742,-0.03154298433139424,-0.010663714185224826,-0.003458947751683983,0.006272636459013992,-0.028627006724927795,0.0611369480011259,0.011251129865277987,0.0033767339022539034,-0.019310156599090522,-0.03122758336770659,-0.026021418723126133,-0.01611355709542972,-0.016733823351344324,0.0027012392215224335,-0.00996225855003452,-0.01685999386928816,-0.024392467967314535,-0.011679466014394513,-0.009390209103431135,-0.01638541749779343,0.013216936661195389,0.0026583303381344514,-0.00565703869059031,-0.0519999666701515,-0.0038895834007232066,0.014526609874042196,-0.022578553040984328,-0.013193697884918087,-0.033809287840251834,0.006792408456240073,0.008013844028316175,-0.008711165399636789,0.0026121708276702904,-0.01950798311616808,-0.024073830603305257,-0.011705460152495295,-0.024322488035350087,-0.006830485449319856,-0.022486004256977332,-0.004459533064507637,-0.025010272919510634,-0.008789699335970513,-0.007128507922265159,0.02342350751562039,-0.007968932663773187,-0.013678313973798484,-0.008036855065655435,0.0010997234385994314,-0.006377623309923752,-0.002516212098684689,-0.012225262349337629,0.003254267128121713,-0.00020333937829475346,-0.01565766882877706,-0.07835140829013798,-0.014808296676892319,-0.009627562866292738,-0.008596380884041244,-0.007189936955444454,0.0033180487982742424,0.04042953160374485,-0.024222766131899,-0.00863264646528994,0.0020046197072116634,-0.004578592493468259,0.006244197062683199,-0.005721770630549905,-0.004608694410619507,-0.02580370912948926,-0.03793638801172727,-0.05539310975593792,-0.006441347984146972,-0.012762506835423126,0.00731049554665697,-0.013741403732046464,0.01254613224335488,-0.007029146982164836,0.00570046050347961,-0.02988950541526625,-0.008741227101001003,-0.010532502665586363,-0.017132009998711784,-0.013198125109639913,-0.009891982396234789,-0.008684158909023965,-5.5645930966630175e-05,0.003673471985857102,-0.004413237989998597,0.008856923111010495,-0.01444582203336875,-0.0016815093956720206,-0.02568667975447725,-0.016587570194615764,-0.04250326938194471,0.002798934560375166,-0.01751122035245567,-0.007209822570529045
2023-05-05,0.04692698052466304,0.004546750573654723,0.0036081952393580696,-0.003189587131333327,0.023443650636400415,0.009894854034026013,0.007327213042569447,0.07838823062318978,0.03729356546330531,0.02000963713556292,0.015961573674128537,0.006546527613064734,0.026676471660549428,0.01678063889675041,-0.01316280545509474,0.020295811838569877,0.01975457745878395,0.012125015258789062,0.03162587966104202,0.022388037956529994,0.017700761143094157,0.06996582681665942,0.005221435647420503,0.030916095274148514,0.017783619049628774,0.012035020640531968,0.024085679109989933,0.025540886972602594,-0.0014142731184808577,0.02007548187495134,0.0004539186867613676,0.03150335905266344,0.0196776801495393,0.012740896329574758,0.02816580443993688,0.025693868717993285,0.03719710311320057,0.009262914046810788,0.01566475482032348,0.04954231588475855,0.008405729756161717,0.017929314377425287,0.02963463805093891,0.01354315799455863,0.011211868488607113,0.008811319464155032,-0.008002576693384666,0.061186204888497686,0.019534748220785714,0.005332078940401663,0.004708041194899204,-0.0014705732452396925,0.007987985993824553,0.01484209249152424,0.02270540391683551,0.004878863381103882,0.00884962297472347,0.010164660086052768,-0.003168883869981265,0.014827194816112721,0.012139541135073761,0.002641095598790555,0.017157244661176074,-0.013964736486821283,0.023611143846327787,0.04056319743043546,0.021059213831427837,0.03390120645775663,0.004602377485109166,0.006800834054877081,0.0033437873647952365,0.022351354470184326,0.012241350101690474,0.02064186532180856,0.01023183965368979,0.006880740073920588,0.023777645377295098,0.039476549756251034,0.009293035547117245,0.0192225909260757,0.009316484179196838,0.024528744671476144,0.0002808643581488912,0.01301003814618884,0.03025226505234402,0.024716550943775006,0.018554480301086196,0.0013563638470204253,0.017639855620901868,0.05496278398315546,0.014365542031167022,0.021160961303721137,0.014138227473212694,0.02739359223590343,0.026172045360520535,0.012851371099458442,0.033224392266292035,0.00863962888481673,0.02489612938474517,0.008582684016523512
2023-05-08,-0.00040323175018919244,-0.003918187919041749,-0.0032357788156825995,-0.0031242713974183323,-0.007371990803723305,-0.015132845548870288,0.00032559995312930745,-0.0007437468362233579,0.05788073007126315,-0.00807519052316752,0.0016089169321718,-0.0054452044519290865,-0.0007216519826945822,-0.009554863723152063,0.027310947375984496,-0.002079034169773508,0.00396247878206113,0.006977923093593574,0.0008636012436280538,-0.0013946822013631843,0.003669690002779058,0.015149443461383472,0.003957309931437614,0.005280607583823649,0.0,0.0019458630808988353,-0.011330428325688646,-0.003932216452786852,0.00017710001053172775,-0.002204199566346432,-0.01319930034228367,0.024373279813870274,-0.004778589433895308,-0.004629625770319112,0.01271087466970422,0.0016643824431210597,0.0025021501654625133,0.006783820219174785,-0.01454531874200271,0.012026525202667893,0.020839228690177514,-0.001559258974643818,0.002342753992663704,-0.005835198785535511,-0.007408536712642744,-0.002021791517097693,-0.007099045752699595,0.016105734276226302,0.0024134650534550772,-0.0030305160557224653,-0.0015619720286309535,0.011477040236211655,-0.010054100981949365,-0.008551594075663749,0.002209880711393719,0.00030337438533001304,0.0014434445866347012,-0.00831187657207244,0.0021050575385468395,-0.009772528390235458,-0.001713461388877513,0.005948380073348414,-0.006438213914849444,-0.00882591221796769,0.002290869765062098,0.016422502138010442,-0.0018562149226057922,-0.02850549376946565,-0.004735626232966195,0.004676644749081804,-0.004678424797908143,0.00697194080947261,0.0055649001474182835,-0.004320716463594776,0.0002838677352885455,-0.01076830966367004,-0.0003732090218134809,-0.03269702583546996,-0.004937437629538688,0.002795048630832575,6.464884481971467e-05,0.008321402139758405,0.012503971600990038,-0.0005834310111657581,-0.0024401434768163144,0.0012795876696964914,-0.001783257064226107,-0.006954951599095205,0.0014810068791759612,0.010172855182730478,-0.0033585086657116348,-0.006410570807141802,-0.007681805375551076,0.0019414358042098012,0.0031763503527406645,0.0,0.011597261108949208,0.006259394448367539,0.003956557172127173,-0.006982518100720925
2023-05-09,-0.009971152991128274,-0.004204841356168831,-0.005861069261545615,-0.0050600031648621036,-0.005040047895665145,0.003854316439411365,-0.0022998046139240946,-0.012092990837497375,0.00021040238713987414,-0.0008097980998077459,0.00746481056277859,0.023420919115033634,-0.0010833689431615223,-0.05547021407485864,-0.0017275483699517036,-0.011770411658544422,-0.005993233640744999,-0.003894092948450445,0.003451248191154832,-0.0060523806889348775,0.009115351939838368,-0.00717850779745377,-0.023897592387885136,0.006243715769331359,0.0034664490212021892,0.0028054559508530197,-0.00850834621885832,-0.0028825772840194164,0.0,0.0031295003602767046,-0.017053886657026673,-0.007672114198035596,-0.008864261298551335,-0.008594556409654008,-0.008656245230715953,-0.005159093022947259,-0.013311253515674526,0.0007926174765835459,0.0026721696436713405,-0.011289293247388255,-0.003897167085028186,-0.005329292066846403,0.00500836819333661,0.009203761299666269,0.0009139618182341103,-0.004682156476132793,-0.02177451648431794,-0.0017436311635717905,-0.004815191606228786,-0.005665565982979182,-0.008291669071492147,-0.010029572931820163,0.0023950313702554293,0.01504540857195269,-0.006666604726742409,-0.0001011659510531393,-0.006541721334655359,-0.016762710881877196,0.0004286313941541664,-0.015047870060298174,-0.0036472221301158125,-0.008024894954130501,-0.005345786612109271,-0.0028991930829687096,-0.014028905579337891,-0.019896358415590232,-0.006715481641752286,0.0,0.0040858342549674465,-0.0049133511521674,-0.01023821559245186,-0.011026602757165604,0.00021305457255627047,-0.023451217211350794,-0.0015275873738483936,0.007640779407120268,-0.004292088536384853,0.0065083611376570705,0.0016093453337913122,0.0002534268091842762,0.005034610648857907,-0.0013033494182542738,-0.016026579341207436,-0.005841358308911082,-0.012149420752598394,0.005878601895333402,0.0029350276622124305,-0.01459713645449312,0.006463302120921277,-0.015367597024416146,-0.004547086045547322,0.0032508864855935737,-0.007913387959672225,0.0044352878684026376,0.009498954888166766,-0.006872983359263118,0.004168819792417899,0.0017024839092407706,0.00027507463664355747,0.007910365298643862
2023-05-10,0.010420801656173317,-0.0027923748744669297,0.003990967704288195,0.02053283295121111,-0.0050653618155852564,0.01862715548312921,0.006805910370297541,-0.009227901170557273,0.02061854759952575,-0.0013650159764897474,0.03348339526223332,-0.0051516173953214395,-0.01229215368899117,0.01764157869259919,0.004178488106497458,-0.010053968269355784,0.007205717529906286,-0.005786945273706601,-0.003224625350015331,-0.0014989328046071115,-0.005012675902408725,0.0025116051842763998,0.006057578192145696,-0.01044039087875026,-0.0022563688562137196,0.005164692918386393,0.008231064928697185,-0.012757639236617102,-0.0026549820315731054,-0.0027526801827281178,-0.007356708657582978,-0.010178158593235342,-0.004099062465824255,0.01111672211877801,0.00021851487467539066,-0.014151382041603155,0.0025295768753381687,-0.014455438669051746,-0.00875639298335884,-0.006009706573550488,0.04098737548673981,-0.006835666975388288,-0.017940287210272965,-0.0053342891549784666,0.0010652073869570344,0.007014854127622705,-0.004318875870224836,-0.010797102587196461,0.000513068140430617,-0.0035436400030235404,0.0017353987317614283,0.017601271715903977,0.002455342212474898,-0.013518725154613165,-0.001044591098422809,-0.0003034208110472836,-0.002120606564437244,-0.018374843606181357,-0.0012425773004284268,0.0009918875830530194,-0.010766710945810054,0.004002297630578688,0.017296312648677814,-0.007061237465154302,-0.01270986395292506,0.010990192862787573,0.014353947425076008,-0.035787020676503745,0.000669589011315308,-0.004677748747846544,0.0020815325121157358,-0.014952388123974591,0.0026600448251485886,0.006523594513331066,0.003824743704932132,0.0003115973712664033,0.0024365507337489323,-0.008135000683358151,0.012986881523300076,0.019449880886390103,-0.0007708041558162071,-0.006958447742945739,0.006874837497956809,0.001175224486511306,-0.004622414928841523,0.0019692859546747155,-0.0035395551657677604,-0.0021695432812347537,-0.0032109412512131286,-0.0036062703657255835,-0.0006320881998346239,-0.007627327938478201,-0.008323099604832795,-0.008531185134129982,0.02407757532695176,0.001597174963310355,-0.006746234388873784,-0.0028108580786592174,-0.012827722413293552,0.0009446793339122905
2023-05-11,0.0010947649225880873,0.0011608550975570342,-0.005781864427074845,0.01256998627701833,0.003483384237571885,-0.01640179859704949,-0.011338861013567625,0.0038016882908016303,0.0008245911546360674,-0.007774057751293695,0.01805969525073481,0.004979087921897829,0.0025622437387220476,-0.010492610144263614,0.0040289240780264635,0.020407530408404595,0.008614448139011133,-0.0010835493251154515,-0.007332168256079408,-0.014730159797569198,0.004589166352109375,-0.013095517166005655,0.012794924124602147,-0.005772734329330342,0.004462965530425578,-0.007279010852509038,-0.012853795186526518,-0.005538349899098405,-0.015793932918838127,-0.019979487809513752,-0.011223973490525507,-0.08730468375628198,-0.02076702984936596,-0.008202890026601128,-0.0008730876859237569,-0.014532684796727868,-0.0016820081900313921,-0.00030125527560687093,0.007553438436069371,0.0012091140698120562,0.04313199407776347,-0.0056732469148290665,-0.03619748945463863,-0.004635964997542263,-0.011868920492883683,-0.009178703577004343,-0.03703712602770237,-0.003852306035507791,-0.003150457138623053,0.001882696185695254,0.005669299422069729,-0.000848858134113617,-0.005428542558366667,-0.004992312388918951,0.0022220469775391383,-0.006001924547726967,-0.004361997471379775,-0.011385511215545208,0.011626813285749549,-0.0011892037540812694,-0.005877330597516717,-0.0029686058025811812,-0.007044284357551112,-0.040368183924761714,-0.010444481580605736,-0.010628357042280934,-0.0008203226902154803,0.01899740245766246,0.0055077119582125356,-0.008181630710501042,0.0023372606622324987,-0.011143460502759162,-0.008808044479621024,-0.02254367150290193,-0.001828873908845119,-0.007891978846259473,-0.00761009362968601,0.009090831552477585,-0.013349032369486369,-0.005218332631695799,-0.013561336615284358,-0.01124073292147243,-0.001680770055489611,-0.004695190541756156,-0.00439502031982153,0.007227514002941193,0.0010257916479128326,-0.006954089960011012,-0.0019108610366871392,0.021003967520705658,-0.0026730888985155854,-0.004923158137952743,-0.007810326136693968,0.000823064289922737,-0.003152920828385364,-0.000797430275126243,0.0013061724985938827,0.0037364954804031125,-0.01809909566317147,-0.0029041217322730573
2023-05-12,-0.0054176310119058435,0.003820207023254918,0.0039980049115946326,0.018070396752879025,0.006408848874441597,0.006991148638301192,0.010807343668687741,-0.006059558655113539,-0.01894949914320565,0.0028412426294424087,-0.01711533396079623,-0.005648035128478779,-0.010953011940247337,-0.02097751890186017,-0.009696783774161832,0.004797290988602487,-0.014765468890012734,-0.0004649901042992344,-0.012600490204339287,-0.0023329240444743826,-0.00556145228523186,-0.013192276481543419,-0.003963392504962693,-0.004605230304144947,0.004343575529603072,0.007332383350492133,0.003343229780999435,0.0025603074661202374,-0.00486852259521775,0.003192125517509359,-0.015033919043623944,-0.0034666456262674172,-0.0005732667814287717,0.0012328939751615753,-0.01900405863370158,-0.0009952840170922572,-0.016849150214711228,-0.007134930998160316,-0.00673459597076298,-0.02173906393824343,0.008063861691573582,-0.0038042123841670605,0.004211924081375384,0.009662974941886615,-0.0018559451923103598,0.01604619247849115,0.003118614788795604,-0.00048341652557115644,-0.014332946404780333,0.0067510375055102045,0.003914776882920634,2.3040403053453673e-05,0.0002219135247434334,-0.00019672575063989228,-0.0038342355158709207,0.004579749733744309,-0.0015725692066885788,-0.019715124936702688,-0.008397329925672214,-0.005060527598994891,0.0,-0.0034878284385511105,-0.003676145672583342,0.0013076396283016045,-0.016445804709992906,-0.008328047284988038,0.004207695728844385,0.0027619322817282743,0.00399302048274075,-0.006120442993233888,0.010169150439710561,-0.009937740491079983,-0.0019272340925388098,-0.004228348946410665,0.007089073273170321,0.0047100924672141,0.0046388224835784975,0.02535092797785632,-0.008113512554257074,-0.002636890702908512,-0.0012378366316667666,-0.017569987030345846,0.0012273929305397502,0.0041275530728410725,0.0033316353951262645,-0.005539087129626696,0.011913947435910677,-0.009701907097149354,-0.003938536702104867,-0.023826162598143963,0.005053560943589996,0.004594058224513864,-0.0006523412873588041,0.0016018013001968257,-0.0012651279289644934,-0.000265944668385254,-0.021914906098508324,-0.00032636036005062596,-9.459483564711046e-05,0.008519175910446819
2023-05-15,-0.0028974005716493334,-0.0038056685814120694,-0.005882746784947268,0.0011544343412650537,0.009020693503915878,0.01265110183839191,-0.017128742914102157,0.0009526707810625368,0.022464826177392316,0.0024897882124164106,0.008525256609829501,0.010313937995487743,0.020671909444622383,0.008241104375961372,0.005796628840226692,-0.0005425145674563536,0.0016162680191131873,0.0032249327930025107,0.01320135481797391,0.008351568986277647,-0.0010984031511293013,0.005573489728657455,-0.0002487544136773323,0.013849671619096116,-0.004027150567243121,0.008349178105824695,0.015433143594275833,0.003703314406058089,-0.007610035918744318,-0.010080767743693042,-0.0017594907700855256,0.009457540478610804,-0.0009558294662483924,-0.011492953158248498,0.004898797921863762,0.008331711939318476,-0.0025706678730481602,0.032388617650392026,0.0026866326082006786,-0.0009260182382299087,-0.008509957346162,0.008043946827287707,0.017126965461257804,-0.006644356696019815,0.0035637811993518564,0.004233259363844777,0.029360917257907015,0.006287325712620806,0.008426328618390544,-0.005530589984046652,-0.002651738417710048,0.00018424786692738948,0.002506652178580815,-0.008412806555378016,0.003901301873045382,-0.0008105067755949102,0.004837942854459598,0.005177251617395129,0.021598779838271298,0.00219400402615344,-0.002408419671789508,-0.006573332374306129,0.0015861205670377743,0.025032862277211798,-0.0031611205502588557,0.021630139623868283,-0.0060296664997913085,0.007402345781586606,-0.009432897955866104,-0.005086844517120603,0.00032058246708133176,0.01873090962218571,0.010727188968829404,0.025670640524599886,0.0003681709618275075,0.00739667745320971,0.004900133455292499,0.04086626555673556,-0.012679036154848111,0.005955360441779467,-0.018004872280324324,0.021941699717871632,0.012085780349946118,-0.0046975064075414075,0.01203716460097648,0.01633024402144434,0.0032916654914960652,-0.0018488619683688645,0.003954110109896769,-0.009703474612936969,-0.00889609235938471,0.0032664065098277906,0.0020772364743970595,0.006180229161082185,0.02162513018215706,-0.021814311233612105,0.0341421814138827,-0.007774375297704306,0.0019072122990788642,-0.0052705065717333355
2023-05-16,0.0,-0.022511493320894083,-0.0040969593075765864,0.006053791586738688,-0.03253507643649667,-0.018587190056579384,-0.022200053017005783,-0.004377568528415865,0.04188913518621096,-0.02419388289713309,0.01978421437062372,-0.009370267373079555,-0.010488154198773136,0.004437245100165299,9.457996190120888e-05,-0.016936876672947854,-0.01686964672273472,0.0006800025392799114,-0.016720953038114383,-0.01935723652158483,-0.0022494683303247998,-0.009767428812444967,-0.011442626467844774,-0.022135900269769082,-0.01173224234967818,-0.0038215797841552046,-0.016062184239840516,-0.023473247081188697,-0.03523833640471519,-0.02033970198558921,-0.00859257875726771,-0.020245416632703517,-0.02296201817184551,-0.02408401258016657,-0.04653215052526405,-0.03332138266336715,-0.03350536974817253,-0.00852948903950812,-0.0007657475002463832,-0.025640896007942726,0.025748863295047775,-0.003912351341139209,-0.04192447770949892,-0.021521951128323225,-0.01389533720648306,0.0008105753989871012,-0.019463042802732478,-0.02595329809320901,-0.00672909444055525,0.005631155226339057,-0.011260446860902662,0.004924931936473698,-0.009271558852128825,-0.01156045509478898,-0.008267884482519916,-0.005914185543690165,-0.004590765714786338,-0.026941292255840077,-0.0001674529273710812,-0.024679028364356204,-0.010316002492661402,-0.002492076937448684,0.0073676328680520875,-0.04183488143430636,-0.027956184081031288,0.008980110426874077,0.010178983039828893,-0.006493513909283988,-0.004323930738562631,-0.004036653856449579,-0.001730774356842213,-0.018298618754633122,-0.024729463515266725,-0.023428606320957446,-0.004438412770716882,-0.012823300488991496,-0.012753114807205534,-0.01668624051801071,-0.020988851323817448,-0.007828923498126583,-0.033415431870907564,-0.01970579505467207,-0.010314575877461096,-0.024778717167528996,-0.015585263154647255,-0.016176786666487142,-0.012996813924239015,-0.007504550138962562,-0.007111109335835031,0.001021930644472091,-0.014665320188965603,-0.013874947643669144,-0.0132662451815867,-0.010051117712610913,-0.028961188709981434,-0.019581131440706945,-0.009801326444252467,-0.013826746379205335,-0.0242695883697136,0.007258081872553834
2023-05-17,0.0036032488723019007,0.00041861637899454074,-0.005210724381724985,0.019485020670696462,-0.0013672969754661146,0.026959931248989433,-0.011578984752564137,0.027336920331759273,0.022368905872836686,-0.00323364975634044,0.018518504813616277,0.02987006594240027,0.04422497385490365,-0.00534778157434912,0.019037686736955717,0.02652124234893094,-0.007311146162759963,0.011243288489382275,0.03975266300049807,0.02364878704211959,-0.003356787304325093,0.0302958550307999,0.013839833195059992,0.026919615373412364,-0.002317780896777921,0.01513219645846986,-0.017728559279805767,0.014331256106486334,0.007191630341077948,0.014861455220491093,0.001155699463782689,0.019674494815658417,0.00822559069129647,-0.010530843466926343,0.019753690703728122,0.02945286106960099,0.02222235257846683,0.023138403410424946,0.006256418509510642,0.028535133906400167,0.011128757886526452,0.029207337169712133,0.03802009079011648,0.03563192418258532,0.023015484580175327,0.01822452695276633,-0.011978147387508242,0.019243494981795672,0.030747340022048375,0.00131336155678774,-0.0011073315829012165,0.0018780370413002956,0.02137449137035885,0.040056338063875874,0.01777833502334114,-0.0023458222532434236,-0.003599400381120499,0.05252435831072,0.015367293989577258,0.022140595251893158,0.005544333935946444,-0.011371470540549433,0.0094515529469259,-0.008200442401271713,0.00429260193872838,0.03303313682107478,0.015470723208243164,0.013415879623907223,-0.007082675525242221,-0.007025012407535947,-0.004237810068192904,0.0686442532838587,0.031559698554170845,0.009827441234430134,-0.011743580961814715,0.011627937223219087,0.0038944319643898773,0.034537770613665364,0.0005642461532455734,0.006385109341915385,0.009003420787279115,0.027002897367498058,-0.006854494806265987,0.007864392448903246,0.01683200115329453,0.025811043167514702,0.009332515058093183,0.003694087252116063,0.000936479524392908,0.04407876621166107,0.010610379701010197,0.010006629931777367,0.028509568069983615,0.009458881908898764,0.022437073773599714,0.0036061718198905357,0.05392020815535692,-0.0016690490700114191,0.022434589414387585,-0.011240694979045007
2023-05-18,0.013666145094134441,0.000627946163369586,-0.0032161664475444107,0.010012925676973206,-0.003559286070769274,0.03214748265740952,-0.0049385345088845956,0.01060665907148195,0.04028915956795931,-0.0035108180937429845,0.022943736154795724,0.0017886130647750687,-0.003500139781150935,0.005844009635650904,0.03125306315767795,0.028725758338141283,-0.012475691571497083,0.007239057427369966,-0.014655903608732368,0.012352546313896928,0.008595901442611353,-0.02556792529677454,0.02531633345810058,0.00029782565637015423,0.006262681610023746,0.011967389904521175,0.004109997879566452,-0.001232070064029922,-0.01014655490424099,0.0066564865226008685,0.005238449559601177,0.010671652471404336,0.007575638849633304,-0.002257533514408494,0.005469494956632959,0.01101078136720579,0.012174009244265704,0.005219061853604545,-0.007613086302906802,0.014179977230022622,0.016468109369464967,-0.0018171066469889752,0.032135616594877625,0.009473608848169501,0.011376290760413799,0.0035001059441122084,0.028056798247358516,0.019686952949374836,0.007583898234355679,-0.00724907330599045,-0.0055422820486927815,0.0009601027725192335,-0.0033894486020003,0.00945941560840513,0.012971506456591397,0.002010624427469354,0.004967053939884947,0.0034817415919565775,0.01798008367937376,0.009728402824804139,-0.005955107376877655,-0.006622454149157075,0.01439487458880162,-0.03307252976920816,0.016156491217673263,0.04970517704840338,0.025759274787585218,-0.011371390539798965,-0.0026032334187554573,-0.007347107936808817,-0.01644310027091811,0.007547109121391449,0.01571885141875362,0.02051339464214319,0.008978406761583457,0.0015627685347450182,0.013246101987562708,-0.0013507060178904462,0.0015506297482441589,0.007923849345768286,0.002043498044467018,0.008764124706563736,0.004507402905759461,-0.0066026650332304815,0.013586941865133095,-0.04212227987590944,0.004053249381819279,0.0035847198316965034,0.009136898918752578,0.01742780840135616,-0.011509667923633282,-0.00015083388731451652,-0.0018674323129483916,0.00408354928952126,-0.004906362506419626,-0.0013820333130358797,-0.006178780684880203,0.01297402488287891,0.009063193641323686,0.008963326216353984
2023-05-19,0.0006284044251558818,0.011642392831925141,0.004240658383344531,0.008452809071695544,0.00604475191390863,-0.01928332854354542,-0.0009235286166259238,-0.008470021505830871,-0.019549713743958752,-0.003612297450474977,-0.01608126535201726,-0.008444315545328984,-0.012644747480077378,-0.0009294252433920125,-0.005652793652796806,-0.003929379521641518,0.002130867676738646,0.0019104950999373482,-0.014658451454148902,0.00027949028818841093,0.002691393482243676,-0.005302347807646157,-0.0031468152414757533,0.018463457691590746,-0.0031720493848177433,0.019294509685122252,0.013881483035445896,0.007921647211401206,-0.010630299487913275,-0.018811521741323278,0.008391131867197643,-0.025703938251698255,0.0015423988507474728,-0.003232433344478869,-0.014505949467550239,0.022942453454227518,0.0008588808803506875,0.00240343621902972,0.00818306294903337,-0.0072948499619410745,-0.000569931827241299,-0.01040709686350949,0.01004349641086888,-0.014500465727047107,-0.004539648224822002,0.008799087102457026,0.00842313207556078,0.00047477177759147615,-0.0022939118336876563,0.008553618808444963,0.00047770767453525487,0.010253637144804317,-0.0027647414252107705,-0.013817142728646314,-0.016453150109927872,0.005101210552364899,0.0034823791486882083,-0.005782639199324535,-0.004901850273341113,-0.0061220797637316915,0.005103407817140804,0.013070139011105653,-0.0005651533202976067,0.009013097320990537,-0.034575602837819464,-0.013069045578593896,0.0048856403082950806,0.01510734627082111,0.0014617003823520491,0.007949732951391564,0.004195794553458088,-0.013899396875128978,-0.0030452516227381654,-0.010284190657688486,-0.00172309839144269,0.0,-0.014753804222451983,-0.0015459897513276921,0.005067035497779315,0.004452999452618123,-0.008769055487240829,-0.015349134178929247,0.0003854037466959337,-0.01450150452930854,0.008042937561915986,-0.012323236385373915,0.0010092956772858042,0.00733468958579353,0.0020726271479869496,0.018373000232992265,-0.0008555164617278788,0.0008048097402943988,-0.0006429765320343783,-0.0012415494903034174,-0.0025100682540333263,-0.002214240914230059,-0.004476504050236696,-0.010299123345441585,0.004632818292434671,-0.0012275731389862488
2023-05-22,-0.005480740740480439,-0.001447174425641462,-0.006242488654439993,0.0035874016997392566,0.0028677462515476204,0.012942436713699434,-0.0017327674133000848,0.0020426921172289614,0.02060102354434612,0.0025511867836114366,-0.010666648290490577,0.0020438861147400456,0.00818201473208835,-0.009537276684472795,-0.02518384267631346,0.007034630888609339,-0.000455634529248794,-0.0038137041368085933,0.0017503414804851403,-0.0024211820497057612,-0.014812505128159237,0.0015286333674544572,0.0014570746114712652,0.011013809713092071,-0.009365232107893195,-0.006309814489062537,-0.0019307761690032788,-0.017973335341428753,0.0007675524172343628,-0.008389523954080436,0.012920001622066302,0.005144953838643218,-0.0034648474964222853,-0.005837177636031199,0.014719469346073488,-0.009075907181829712,-0.001716566262011443,0.0027814718283549755,-0.002916912394754334,0.00612379274047381,0.01865430502383658,-0.003771263673247871,0.0016572163484245284,-0.0007564144564015107,-0.0021282546216367937,0.0018858781749950815,0.011694002808209758,-0.003479965440047361,-0.008262652777205282,-0.029855786766975312,-0.021009165994807733,-0.018965537589208714,0.0005061478471748426,-0.015125960914998182,-0.0026974109963683324,-0.020977997680323268,0.0019031823395043723,0.015316054426760317,0.010910363872062678,0.027062642380832225,-0.008167937010292503,-0.008658753741546787,0.008921333478191906,-0.007558271463444566,-0.039909353370489065,-0.002814653658594901,-0.010404567274566734,-0.0015220455260018806,-0.027106025450061355,0.053848109560437285,-0.026179914460388476,0.016374133241448208,0.00653031296762463,-0.005478972977407626,-0.0009612595669907797,-0.0048891060867946035,-0.02473710202589774,0.005806324554712861,-0.006441916669146286,0.018964318686822912,0.0017829737343901808,0.007353015578404509,0.002803432686592222,0.004291849171329076,0.0036265856099939597,-0.0024297637631298663,-0.011594261435114106,0.0031095936533052093,-0.014260729936265815,0.04846228354123516,0.003759157974915217,-0.00341763060758693,0.003393108224920338,-0.008700788359200295,0.02303843001883643,-0.002496473153039691,0.023732136629924794,-0.008805414044075532,-0.012140051201288249,-0.024370981373411316
2023-05-23,-0.015154943579810731,-0.01642504260611466,-0.023187035294627845,-0.009795639725560523,0.021922707378724704,-0.03366261692761974,-0.004744900580101796,0.03354353560972401,0.0011111365424261166,0.0020089582227549307,-0.00017393506729301844,-0.016074972073845117,0.008468595323282146,-0.00187887425490596,-0.021564572079324718,-0.01468582881757896,0.010940720848486851,-0.018290704104578448,0.002620523484138104,-0.007234004405737515,-0.008879870352418884,-0.014088915537691649,-0.020853661832378023,0.0063624145264720156,-0.014231447573481826,0.0018434281905341798,-0.014597310203643632,0.028929395981076356,0.0024923686662767786,-5.5407873824742104e-05,-0.005491249288506639,-0.021781657190578008,0.0036700872715584865,-0.013265075706255791,-0.007706519365053732,-0.0007926134967081166,0.00859833382108044,-0.027259473305941362,-0.0005086958100565253,0.017041995554251788,-0.019912075134233986,-0.0041549237123484906,0.011912545575361255,0.014725071647559762,-0.00995271562862654,0.0053333593836695226,-0.025429292898454303,-0.016349173302743547,-0.010432595323468297,-0.015138837301376773,-0.0017882418943183653,-0.024839311929896857,-0.004596151554246974,0.0172286217817339,-0.028034180978868894,-0.010298767663067032,-0.02648055031616947,-0.01012030767248373,-0.006362748070527391,-0.00993037973222799,0.0,-0.010656018683877,-0.018431934251221804,-0.019386201537536674,-0.01270659641337557,-0.015653097000568383,-0.031738186336626395,0.010840089092791771,-0.0030540411511910115,0.022967681277622942,-0.010793932863102706,0.008885598002290607,0.0008372006228114515,-0.01633746757083543,-0.015963864957469598,-0.016516931254755618,-0.024878430067491242,0.015778067890233727,0.0028188982648176264,-0.027286032821069672,0.002875216538665626,-0.0018978699396462462,-0.041968075689965856,-0.017093900409215768,-0.01895123892029882,-0.03126845827554148,-0.011985416130741777,-0.007409886810315625,-0.009884135350498813,-0.01641335799687571,-0.0024551659858988995,-0.0096324650798979,-0.010028633511048213,-0.028969183040275626,-0.0025710356182530036,0.007786662501648278,0.005612506812313622,-0.00188418623449782,0.013622927267465279,-0.025646562034141063
2023-05-24,0.0016320819658262042,-0.009612699512392298,-0.01607729563347926,-0.004442869481923073,-0.02931372900742757,0.0005594009900986574,-0.009651034683596404,-0.021517032432516237,0.0013872909052354832,-0.013901152081732926,0.015305697616548875,-0.016436336282010133,-0.01679489036505144,-0.008941025660729407,-0.004420790535641594,-0.00987131404694963,-0.01593276481286432,-0.009006138084420523,-0.030930035324753802,-0.014150827325235094,-0.01206471506187301,-0.008574237616755243,-0.009905878298091086,-0.003927415286579139,-0.004351676231697077,-0.010222957253721354,-0.013920913778768473,0.002677695929634183,-0.018741590115150752,-0.017754241485598787,-0.00999966919523354,-0.008350084236059097,-0.012317241616140007,-0.006501395827875012,-0.010963706326421518,-0.001498314655230648,-0.034100684350777954,-0.0070797956520004535,0.005981081668542165,-0.03411138814577919,-0.013544372449726616,-0.011620392040806116,0.007848248299589633,-0.01301971272223712,-0.01595116776482086,-0.019503773677294944,-0.01728230101802586,-0.019686952949374836,-0.009151484787222941,-0.006639076866603921,-0.008469155339949408,0.006048884676209898,0.00019876653767481045,-0.014613925717368637,-0.014046847444055821,-0.0015715055098686204,0.004131772530883593,-0.030671248607301527,0.01001050048153096,-0.036842160985361194,0.00044527071356226244,0.0029133935520166965,-0.004472501607064583,-0.016003604715437936,-0.004504336175836898,-0.0048878941281336186,-0.0022325165201299013,-0.004859280908370955,-0.006341669517281656,-0.02547925521571537,-0.008268147665178027,-0.010206653480832273,0.009619287788450448,-0.005214336685717025,-0.017978537788672644,-0.004464224515731141,-0.007275279954479075,-0.013449556336034285,-0.004216404410507746,-0.016538312246097142,-0.005324204431842117,-0.019599032523420767,-0.0058360081372911266,-0.009316881964681945,-0.02799373558365026,-0.027588944672009785,-0.008646100322162065,-0.027385210535746718,-0.018515329831535365,-0.015449266889003499,0.0028992209291849314,-0.022761960401875503,-0.012191387815577048,-0.010374972329528331,0.02035555060482097,-0.01021000342190248,-0.008250511069548994,-0.004584958377212955,0.011184184336037406,-0.0044123904004663705
2023-05-25,0.006692169089139943,-0.017924341087706908,-0.018262168188735606,0.01722332887753697,0.011942252236473827,0.004116887210133369,-0.03134929865371394,-0.016309386383730695,0.11157293992424155,-0.017440816175984364,-0.01498929336188437,0.008029260854227172,0.0024911208745093116,-0.018518561063369354,-0.010838435120624101,0.008427632923669215,-0.013899552852046582,-0.0036852690455126957,-0.005843936439907327,0.001335186438889302,-0.017931880946068457,-0.010770168369179878,-0.022261135458916503,-0.022023498778606432,0.007850681595178877,0.012807322812576238,-0.007239838645288876,-0.01723149810873803,-0.017150661486782348,0.0022594272747011868,0.012032998378552096,-0.01044118604742117,-0.01851142679331297,-0.01408617719181815,0.007390283522506591,-0.0255097853492402,0.004413336985969574,0.005347468239989883,-0.017710210986115582,0.004027401709978395,0.02133997007076749,0.012726317271130272,-0.016223172133444708,-0.014943257181390668,0.0021370369801390066,0.008593236872685095,-0.05517241749579249,0.004773772595859205,0.002438431152805176,-0.00443147414699252,-0.007719961398528263,0.0036171159558768817,-0.02184574884174284,-0.012719169268502806,0.004179205778290784,-0.00139901793725683,-0.045147979900276525,0.050149247369071004,0.013964098803034952,0.0006187899771754601,-0.00622921115303654,-0.011443535833761564,0.03845777016138019,-0.027983787985335407,-0.007479892591713444,0.2436961870003067,0.060720115392669305,-0.009765819057410141,-0.005895301634417205,-0.020709178486835733,-0.006423867689471008,-0.01047821023965545,-0.014705639382863511,0.009706876760081862,0.017085592257245485,-0.005765613378949874,-0.011745836623178851,0.04147483044031586,-0.014537924701223393,0.008499851698154037,-0.014685624790875096,0.010741499329927962,-0.0005869467875252443,-0.050156695650227956,0.0042105994452144024,-0.0164221399422686,-0.011455214369336941,0.01942343619691589,-0.013182517922348813,0.008583965973816943,-0.006509545913107928,0.00677407366292293,0.020927724522118663,0.005084352013852822,-0.014025595792650614,-0.029272366608613765,0.0007343131484833787,-0.009957449391272188,-0.01793837417525701,-0.004661255484952553
2023-05-26,0.01410483666976381,-0.007646864337494286,0.007147128473899755,0.04058132545476911,-0.013429059436091406,0.006782731091567351,-0.0030301339695648632,0.0072653157348996356,0.055504780971078915,-0.002437413557705659,0.04443478791610045,0.013740278950147955,0.004969718062199258,-0.001209592708034446,-0.002402560831093692,0.017834442311853715,-0.01146205221701424,0.0049527212847344515,0.00836536717497749,0.008667551312330435,-0.0026233406447464525,-0.012021013844102701,0.009977209110300977,0.0015732544521251945,0.042565072935046855,0.01692849982684197,0.0058338383273743855,-0.0031055042928530563,-0.011302880799146986,0.006565648654386802,0.007637251581457782,0.0017018483645308002,-0.000595433467682982,-0.002137553086027144,0.016964622843775867,-0.0025361532280431254,0.06239012166626523,0.012017503917065353,-0.007211976547354948,0.02715209351388559,0.009151241389243392,0.025101889340273242,-0.00395783970457364,0.021203057323015084,0.0076974163318579425,0.016803452244756656,0.05839416473168724,0.013761389371331312,0.009360847481372891,-0.005399725523730803,-0.00248323732596345,-0.0035571597464246762,0.012691071036170953,0.027258169183947523,0.011701405875952808,0.0018212489190951864,-0.02489819192607523,-0.018192127002225833,0.037001969773110543,-0.0011335115789613548,-0.0013431836155001209,-0.010953009017829585,0.02138573000124344,0.0009841950268176802,0.00027903941250295716,0.025434568008936065,-0.0020136088927139584,0.0022102943498418792,-0.0011969863464246222,-0.006079995648388015,6.871207274405933e-05,-0.001764711716914391,-0.0024174812468793494,0.06085364433061913,0.0011569880125437138,0.0015034728375908912,0.0009142833496005309,-0.010509050858580893,-0.0050126493898361435,0.006865359947270333,0.0018804311641853477,0.010627043441316486,0.0006607457722380694,0.02310232873318685,0.029601575772452815,-0.012930879215352853,0.013958478151913756,0.00265059397283407,-0.00794621563251452,0.047162123329924865,0.00799664184541915,-0.0005694212443470015,0.0019856953328760696,0.007296829572200014,0.005654724319663851,0.0051693825621981215,0.00806828943518556,0.0017788953241713035,-0.006530439422275602,0.001581398502622955
2023-05-30,0.010659560585393635,-0.008141843228537837,-0.011276426375240955,0.015909077574881803,-0.01787450746800956,-0.01940674071795323,-0.005592674986791724,0.012021494854122405,-0.013855011832978992,0.007375753347385938,0.01290486257498391,0.005205507701106171,-0.0017660713022707997,-0.023250118449674395,-0.02406670599296834,0.0019039349133778138,-0.001723713032879437,0.004959439512228991,0.00224208186175634,-0.008970738068237116,5.263125280152714e-05,-0.005981091007400852,-0.008105580839051107,-0.006381930716465201,0.0015178949667429276,0.00621735167178783,-0.0036249216371404547,-0.0062306766445576756,-0.0024066901899664206,-0.018420472811185196,-0.021661498123636713,-0.005323445247893632,-0.0028201999172204895,-0.007778966361918549,-0.016681625361103514,-0.011896222361455822,0.041356369365880274,-0.003309326906377419,-0.009858539830857382,0.0021027480042914437,-0.007543509552593974,-0.0035541907235747683,-0.015562888333966796,-0.001468217869015187,0.0041290825552335875,0.004577415372480909,0.03413801050344567,-0.003232129791990279,0.0037974821317159346,-0.020029534810483196,-0.007965495411430656,0.003405379129210795,-0.0010703762896465685,-0.003970456920851961,-0.01835071380245168,-0.0039154728113894866,0.012766870378631223,-0.003088189180147083,0.0018316807759755083,-0.009077575901401014,-0.006500718553632545,-0.017106242740277278,-0.005046910835957097,-0.006882989967732955,-0.009208516336984718,0.029913159422176205,0.010280456816630368,-0.005938058420911441,-0.010730875779210058,-0.015691429768521226,-0.01526815427397532,0.0005893461452579629,-0.013908114463270116,0.051200919425622216,0.003933644808907344,-0.0047179970472504,-0.00791636264151907,0.0031676842349015466,0.005182043597838248,0.00983964436215179,-0.0006257093995883922,0.01256031018546766,-0.003998959304775451,0.00903233449650398,0.0027691881692670783,-0.03663706512505738,-0.003117150020344517,-0.014942015454001756,0.005804214366748051,0.041362559242642094,-0.00346810362712735,0.0125131498855382,-0.0105497909879676,-0.014977036589581383,-0.01897728554375533,-0.0028570680486608158,-0.006063580795552248,-0.0024586444420654496,-0.008859593686982081,-0.01594039784601864
2023-05-31,-0.0002820451074245778,0.011140680230487865,0.002851200321766223,-0.008137929804681532,-0.010919801619095004,0.02230314937067268,0.016261179391858782,-0.034539498720855044,-0.056358248166238134,0.009701106827554762,-0.00887721353399118,0.004934263983533027,-0.016631225667759986,0.009670143783478968,-0.007908979102996372,-0.023798457412283813,0.011458193905870884,-0.0034452213312934354,-0.00850108894057433,-0.019771330271862952,-0.022619507139627903,0.01965888517522907,0.004851923247688905,-0.01877463185675221,0.006948399497981095,-0.009966131095433761,-0.02426126347033808,-0.016326953368885677,0.010856275950338556,-0.013261797838958755,0.010740407401091723,0.0015942442216452246,-0.014545572979448251,0.01454394302186146,-0.019137536736617222,-0.013969244323869034,-0.04686248923091041,-0.008496077728238127,0.007991615820385656,-0.028477213288673142,-0.006468787162843825,-0.013492395956298142,-0.03632692311293639,-0.023629901209923143,-0.015163182530960717,-0.006873660933806147,0.048349400674085885,-0.03210108580539295,-0.012731056818206965,0.0053155691535327065,-0.0020071600485835894,0.00519615706216614,-0.0021573506730282466,-0.02221693817488135,-0.006748479092611892,0.0006667368219348546,0.003151631224565632,-0.04065841300087614,0.008380379922547698,-0.028628105676705817,0.002256182440084853,0.01135848846823051,-0.008514055579720403,0.013750011789795291,-0.011828607333634444,-0.05676742735771767,0.007513238979449222,-0.015873161784440537,0.004074566579544081,0.027290084772296108,-0.004749325336296906,-0.02541019426899327,-0.021155984925554927,-0.015538223349565672,0.005512283483710689,-0.007325951717591095,-0.001125363417256442,-0.02135961967850064,-0.0011455508244619939,0.008508861230908549,-0.001599746795493795,-0.01889522038408009,0.015065161327296739,0.005754283370031699,-0.0051981164799894675,-0.02174253334640297,0.0003908493988424855,-0.011201264259397603,-0.02337115898710662,0.013770078361723614,0.015400460392517301,-0.008650978737383963,-0.01625815341891379,-0.002752159228960105,-0.041375731976936336,0.02091696409009991,-0.02855040409150833,0.005545604637408275,-0.01787780895935398,0.0070426940748822275
2023-06-01,0.016022667228774212,-0.032763131754878994,0.008039264638811883,-0.0023534370252572545,-0.00141522244204495,0.019609828346849323,-0.013233965121150604,0.017225105185320277,0.010659014854826898,-0.02891447350178533,0.01816217265513176,0.010986921726565013,0.007616880226746003,0.019787279590417706,0.016434281124773076,0.017170172737321687,0.0037244619726790607,0.006353583624754355,0.0117328883173069,0.0161362490963457,0.010225756158192656,0.024170267050187988,-0.007878066603599576,0.0023161582879900333,0.0020329944741992456,0.001409422748437139,0.006917099737881571,0.01022446806922006,-0.011932513892813468,0.019047238655106602,0.013369962206048358,0.007162284797563867,0.004510084761807365,-0.013103380200860881,0.016925068332940052,0.008015712153968568,0.00916651317922934,0.03092684724034589,-0.009487986834359585,0.02165841241933797,0.006917875365442194,-0.023155433889068266,0.04712041012737056,0.017428048710816935,0.011795291559986154,0.009565342355095208,-0.009860134825662725,0.004355006363575775,0.013779275099192745,-0.002606645712405653,0.005698923350208052,0.016369367252834888,0.012747481299107744,0.013871743830741412,0.01605388973305777,0.009680469936392155,-0.00012094940158613454,0.01675075413822258,0.02980487406550303,0.01039561252802712,0.0036021511266270956,0.004709739196538276,0.012759134745593093,0.04734897036428354,-0.01548561445467711,0.05117106671540461,0.0004717771698998785,0.007977763985683062,0.006102047861719528,0.0,0.01024570505330602,0.03375625504027879,0.015718844349884575,0.021338437286632317,-0.0031262495688095804,0.021163278747787784,-0.0012290597208290954,0.00018985688478001528,-0.008172198232269112,0.004245742801568531,0.004528608020060165,0.02219941910661971,0.010849897740905057,0.005085935239196093,0.0005714541100576565,0.0017568751645606895,-0.00182308158302813,0.021476589785619282,0.012172089146617049,0.017604137329555458,0.013114817656799005,0.016413949368653036,0.004970124606183068,0.024747752994695338,-0.010369947006581559,0.0025260237037776356,0.006279663780752953,0.0036767865376281517,0.01154827949658066,0.02766365055176201
2023-06-02,0.004775267815058992,0.025704267105667533,0.013421592524180515,0.020281835622747435,0.020127367161221876,0.004623720744199478,0.01743486737826161,0.027167790642259826,-0.013476191461464282,0.01773468020309288,0.01205508998453797,0.02577418944656218,0.03347727888750218,0.002425453944872702,0.02966654535881319,0.01946639934080774,0.015151556218621076,0.01968313928339227,0.03300617035025111,0.08399091535763614,0.02482682897073385,0.014365320018610017,0.0038422069721559815,0.028333278202179457,-1.9385282238326695e-05,0.005629267564764673,0.03824721658182395,0.026945202932779244,0.017135877914572495,0.052471945083287785,0.008294243280482672,0.0246077322595033,0.05326534681346251,0.017703051594815333,0.026121169354599294,0.034858995962610884,0.023121572150412995,0.01079581476660496,0.02204442308321375,0.038158662265102006,0.007678572269476769,0.022914045884611767,0.05466664669433108,0.026179849624591967,0.02574044265527764,0.020027688013267486,0.005782223122778207,0.040527142566688434,0.021006126942342718,0.01612798397719395,0.01933333824325012,0.01337954004668318,0.010718819186512185,0.02888385283154382,0.0076845304678787585,0.012432363408229063,0.01220554665399498,0.05140925051945744,0.0,0.08750508218485553,0.016823689452784896,0.01433333287256744,0.008479168747903554,-0.008947649244513745,0.0434698392332431,-0.011139103508287285,-0.0009434047238751075,0.027013072960432316,0.010264006942596104,0.008942435972839391,0.017782617569076953,0.03206956314607101,0.042772742234226335,-0.00181294686334188,0.013383326949153451,0.021150017332612014,0.020303665690345918,0.03168870986634342,0.003902943035107187,0.019079041563886623,0.002704937900960047,0.02905230697022576,-0.0009692782256344179,-0.037950713428068994,0.030354968359548762,0.01570597224337278,0.01904764721431751,0.0014633485143580316,0.02235836491251275,0.031081326211682914,0.012053511206527867,0.015228889323751105,0.013763819601800398,0.010110344441508934,0.0315302109503377,-0.03191482326812711,0.029455968107187314,0.009565063995766288,0.023219721087847978,0.017239869991312107
2023-06-05,-0.007571165047247197,-7.302214226712067e-05,-0.004222612880429355,-0.022287397681080567,-0.009726209243257955,0.02051501698944791,0.006590717761707721,-0.017572456129508085,0.0005939224033744139,0.017471492555452217,0.008450728786783213,-0.021282619487358545,-0.005921281928969457,0.007742673126513999,0.01718067181470806,-0.00787548840593888,0.004873657431817335,-0.002731651038156091,-0.0017270262061287456,-0.01835604370361754,-0.00540636312160625,0.022215200889729392,0.015310107100944492,-0.0027357962700610416,0.011041824649522747,0.003798471701563999,0.00500724774470096,-0.004799639076219164,0.012835967620385524,-0.01999641305522637,-0.006393248061889789,0.0025339038013407755,-0.0021314292467522478,0.005352438501719403,0.020274848209109297,-0.0024126161535021895,0.016141914238391397,-0.016068064236097634,-0.0021825098800243303,-0.004375688253040244,0.010748452022330657,-0.00568514149360988,-0.01517063412685049,-0.009596495230512092,-0.00839851561860605,0.0016614663617919856,-0.04631104085110305,-0.009616999174363539,-0.009824217606853591,0.0038943777242559374,-0.006703781597273029,0.004363296404608752,0.00044019495815961207,-0.014441663436980168,-0.008589187476959581,-0.00510517104209407,-0.0003583215758052871,-0.0060411216771874,-0.00447498475983521,-0.04437707309208749,-0.01522180839278442,0.0052434155524991866,0.0016099463787782042,-0.004038817272578266,-0.023937685391627883,-0.003966747574676632,0.009821546019814109,-0.004858269784170033,0.0007063516294607552,0.00756012151596841,-0.00395847957063733,-0.002427646304587583,-0.01040932813345441,-0.02499568051735057,-0.008651839298709496,-0.00343457902108657,0.004321448676449791,0.0007356735465207098,0.0034558079517459372,0.005504881041712428,0.003043463469989849,0.003773492022786762,-0.0012216905419616397,0.01183434964054686,-0.016393466919519595,-0.01966659152007022,0.009601854060024673,-0.0029991213622260204,-0.004339671844777904,0.017011727666879306,-0.0027823421196204734,0.00035244823366653577,-0.013459354915079214,-0.0088289538211489,-0.017205066776708633,-0.0034702993028788987,-0.01915620976521193,0.0065852454000001615,-0.004444032626687244,-0.002676035038002844
2023-06-06,-0.0020602408316797716,-0.010448706776342132,-0.010986989526327262,0.011791977620462024,0.015714848097402756,-0.002015056295658124,-0.006666804463606901,0.03134792805547293,0.0534215469808772,-0.002974680421228615,0.010454888481148839,-0.00713672527002529,0.02417653712765766,-0.01656677097571624,0.01398117238098373,0.012461252777755893,-0.007578089182547876,0.014699669143669825,0.02119368669388444,0.01892396584906786,0.0015679655605804754,0.006462451709044581,-0.00829360872154572,-0.0012734610573347238,-0.0038398407260142875,-0.007966568637529425,0.025266918837058894,0.0018004422876110038,0.02217809862260678,0.02760896845185301,0.006563152852963938,0.012747410223441724,0.02116504479816106,-0.004547530367641772,-0.002428846916490257,0.01038979781543703,0.027005602762248948,0.013064463336360799,-0.01955756784051521,0.03252271973798293,0.010316529680531872,0.015505988302336515,0.007419346954783412,0.009894163102843745,-0.004260018654458353,0.0003769629137724273,0.03683854961197697,0.012299763708849554,0.001797491186243949,-0.007319570690875188,-0.007242853476328137,-0.002678645063570295,0.008665316813577517,0.0018378236284675165,0.025477791403067274,-0.013486430670206384,-0.0015524721368878058,0.01424509681938213,-0.000995120092850743,0.003163812051615311,0.0004480624101781405,-0.02740687301989464,-0.006727424300591811,0.0016698539516877275,0.009410819157903205,-0.013198588665766398,0.0015897917280627283,0.000673279493917267,-0.014278886434327065,-0.007244717375397003,-0.009935419337603002,0.02514597235957483,0.008331730180070718,0.0322008005897958,-0.002022626243818104,0.01765021292849589,-0.017111892598952405,0.003675807618385152,-0.004591875296498293,0.0028565123357098265,0.0004137278587090787,0.03383466921902434,-0.00507286995829459,0.018193577078184475,0.024637748309944252,0.016079500215126163,-0.0024093289980081645,-0.004473748932722232,0.003326134113776691,0.017002881015874438,-0.021317138939260794,-0.011925858055549576,-0.0015490850984407611,0.006394102732230955,0.0175062632041465,0.0069645145632053485,0.020024599370030538,-0.00013360916219951058,0.008167929454343748,-0.009614355278943165
2023-06-07,-0.007756238872575594,0.007900781488380026,-0.009354822685121555,0.009706255857302004,0.013399792629304352,-0.03293106593732187,0.013662687609335311,0.014303654040976443,-0.05151735774723143,0.00013559300322629753,-0.04249267220189956,0.02238409735120994,0.008552953962479126,0.028808722887336602,-0.023603370488322728,-0.0024856209554544595,-0.004886990885593745,0.006028642642834425,0.01673021811076958,0.03913002567073032,0.005062337660208804,-0.0053571616389840315,0.022554387792747432,0.028153584869964332,-0.00974307906840155,-0.0006023986136535209,0.00815683325505101,0.025932402314174707,0.02770248649424567,0.02175620786807464,0.012231095538572934,0.0039060722376971224,0.02433917971287869,0.020278384503865432,-0.0026559274740552974,0.0304937369936491,0.051044068772851725,0.005878891321123625,-0.001574769822853761,0.02780934671648061,-0.037781766366944414,0.027386788515581406,0.0422668658746026,0.019256731434439844,0.010441133386009716,0.012736324414912348,0.010335993657415665,0.02046366272230915,0.009688346345787524,-0.0045716685401475665,-0.0014921576688622373,-0.015121748271558655,0.006802750502421517,0.019550043411864726,-0.022555006423158774,-0.0092784308107553,-0.008492835014469957,0.027153431750693846,-0.027736747495161085,0.027571492159598643,0.009852252036287812,-0.0127261387008486,-0.030867738234578335,-0.0021434578845652696,0.008475246148380133,-0.030401217103359524,-0.0172735620093718,0.010094249281256795,-0.00798633228036294,0.013552362028153908,0.0021454369381475047,0.00933694475312441,0.04368937845093712,-0.010140936072990936,-0.007489372048934073,0.011802057279668876,-0.003054545442762846,0.018678019636604315,0.01095560172368848,-0.01315997503334887,0.021644936601434628,0.005117768242653975,0.0051348549235263885,0.027441101488913544,0.009743691645921038,-0.007158870552315566,-0.007118356753491151,0.00875528026871586,0.004744280495705411,0.014730512862447087,-0.01115735470784529,0.025972892912568657,0.02333083300473282,-0.012926211885721517,0.038894449709189205,0.016138433809390396,0.019631874593695642,0.0014688037929766473,0.022421203055820627,-0.0033113613260838948
2023-06-08,0.015465125739837049,0.008351807069751027,-0.008656387129206244,-0.011895973006014637,-0.015812489295182752,-0.004971167139565691,0.0011821882984177634,-0.0017627957778048042,0.027327515663794877,-0.0022146037808071783,0.024911297199049942,0.029160610334303838,-0.008480421309436936,-0.01898432885865553,0.0012404057337378482,0.003465018307688972,0.0023018828304870453,0.0015801048180776878,0.0018745760327920635,-0.004669888739977535,-0.005140572454344183,0.010390268017412385,0.0029740937451223637,-0.0025759619283020063,0.017330789503871236,-0.0020089072978362044,-0.004475806778772906,-0.0036915341037023763,0.004524082971511856,-0.0027500225172334414,-0.008883654796317142,0.00010819114670845842,-0.02023389386439811,0.004695975686363818,0.012205870846156541,-0.0008602580997634224,-0.0007358808045045961,-9.425783114092035e-05,0.03049436330537003,-0.01021560435066482,-0.0029387506320431855,-0.0008338466209191209,-0.01228851939510156,-0.0020218712029161923,-0.0012097131378361325,0.00022335819008501012,0.017263421102849286,-0.0043867938231894055,0.00028444180772857486,0.006725613550964793,0.002490802966370609,0.021289272491629818,0.005240916177066124,-0.0035511009638510282,-0.010231858836464047,0.013763754251544746,0.0025333972402667992,-0.019872332763135603,0.0037177540494346406,-0.0023762103546099977,0.005765000811254195,0.015744369996707475,0.005813501872687921,0.0033414938941391803,-0.00831082775909009,0.027618619369485176,0.02118774179378824,-0.002505824224320663,0.011048982018284859,0.005142600386912166,0.011325918064525764,0.010191358965872643,-0.018901722981547575,0.010158039722428125,0.003662028490025282,0.004970117521678974,0.012561455014892475,-0.010785653694245001,0.013546531834785158,0.0212992831533807,0.005937213043584855,-0.014739287762071007,-0.004317040460149912,-0.0018634698802807437,-0.0038909365390799033,-0.003643421108507683,-0.004480931945777256,-0.010618615872177828,0.0007437678960118266,0.045820870777622646,0.01680040205509914,-0.0023330078565594325,-0.00011675804343647123,-0.009854735219973598,-0.009513578193719563,0.004821404756957248,0.00713082186002989,0.014466778090546528,-0.00313290539421196,0.005738399259398452
2023-06-09,0.0021597539425013412,0.003923267892624649,0.00902951284092901,0.004522792975150791,0.004709083357046673,0.0061450624751957506,-0.01180908437380046,0.004414701408215871,0.03197021907990205,-0.009059681521759289,-0.006599595129369917,-0.0036678879900926553,0.0013685054846983569,0.01523950519155326,-0.01561111090912326,0.005612920257551446,-0.007808836572059996,-0.001964588891583796,0.004158043332841421,0.0024738844289691198,-0.002348593163922441,0.005179232311920856,-0.005930349191394346,-0.006217788717452155,-0.005402903497302991,-0.00040237819048227763,-0.024036038026368445,-0.0023862522179413093,-0.003753037657915348,-0.004990051899047221,-0.00016979937034766746,-0.00648442270282501,-0.019704375352607273,-0.005217375030745486,0.004384928768089713,0.0008609987809387043,0.011782046597139884,0.002168407716755416,-0.0035714922862356557,0.0105999196635842,0.0007369629206979145,0.0016393853038083606,0.0059097000829977375,-0.012421437649200229,-0.0013121031781574422,0.006621724379883398,-0.015084901501829395,-0.0006293385074341851,0.001989501535913485,-0.0016329402026726836,0.0016564095211648588,0.0008526908458117433,-0.0031884767216461274,-0.006367005471360598,0.004434325696056396,0.0035341869306177998,0.0075811822516684835,0.002046203715790895,0.001398409658123878,-0.008535301758402003,-0.003086552507004403,0.0035352046764631773,0.004703831344197162,-0.013796519288796438,-0.003201448918109917,0.006751368579589023,0.02205043200315915,-0.0065315754407039295,0.0013728459429251938,-0.003069622591542087,0.0008191767214107415,0.0005431812906993017,-0.0038328366323838736,0.023721607855248905,-0.0009288558404541014,0.0026240677099138576,-0.012001987839768136,-0.0005450665322103143,0.0025323336399392105,0.004814692916033536,-0.009323057056536799,0.005167880934875191,0.01398274399081556,-0.00746732722376886,0.0,-0.03260453889671955,0.02057618919040105,0.005686250031567086,0.003945013993036817,0.0406199151040636,0.006915086219575262,-0.006567586212393839,-0.0057730990121444,0.0022865011921600065,0.008448955959128535,0.0011288704338605626,-0.005664361041471833,0.006045840551948123,-0.007394295108714699,0.0018017181079601485
2023-06-12,0.01563871762311364,-0.0032567313371866247,-0.0028516834694303217,0.008940278128264811,0.008684737540155973,0.03331847030241408,0.0001195000961580206,-0.011603405978933057,0.034181911103505325,-0.006399712663558765,0.025439515368102628,0.019557314655318958,-0.0047830182927912634,0.017631515743010695,-0.00030314615707549564,-0.0029516580466869557,-0.0006172843084757407,-0.0050404199300195796,0.003105534673074839,0.012211161131016057,-0.0031388841620937358,0.004174782162386981,0.011434295289938001,-0.010299322631899144,0.0071333963783797305,0.016512223628928124,0.009922228829219781,-0.009631088349568273,-0.011113310691193035,0.021801855078778187,0.01138623953113549,0.013162123203441789,0.001159647143146536,-0.00142054527545743,-0.015062122573312742,-0.02004312038490652,0.00291123130265758,-0.0006585301327520776,-0.0033281597533532103,0.012144574447080059,0.01153549382958019,0.010326847189214616,-0.018862073135515134,0.011804088726472983,0.0030824927560137994,0.00827779076403412,0.055200965834792726,0.0006297348238082368,-7.080700896189285e-05,0.0011895682950604503,-0.004299569768148936,-0.0016367467939827351,-0.006094779429844599,0.0202755172316198,0.01649421909533344,0.0062066448418172104,0.006568727971679067,0.002598703495920951,0.023023311119867662,0.013613753056940903,0.006855441751015379,-0.007677592577095216,0.01548403904255835,0.013989526054853263,0.009163150451578339,0.018364746538538812,0.05989992328586946,-0.0021915938971024396,-0.002467964726943217,0.023864556226917966,-0.007846309992624811,-0.011789344055276207,-0.020048566704927717,0.02543863753302511,0.0048915484487801475,0.0008053231305968911,0.005104041900543699,-0.01872724282995808,-0.0058939675343392395,0.003281219032795102,-0.0035884773118064484,-0.01136519047455442,-0.0025654922935436364,-0.001253861782398058,0.016562390364590618,-0.004016043575948314,0.008442562825242028,0.010633402455443752,-0.004726524228560125,0.02221770896144215,-0.0020865190066299277,-0.003555830043097563,0.005924070937691761,0.011674587852886997,-0.0027338467536314193,0.003947115448055261,-0.007120762262780578,0.0065975607883115295,-0.009032572570877084,0.008917989414234384
2023-06-13,-0.0026114851414836826,0.004211206183727834,0.004536411638455196,0.011814576531389731,0.015170422907653469,0.024939870400751074,-0.00669140150307479,0.00729272899188893,-0.036070930985723226,0.021301108126070112,0.0007111003199982147,-0.005325838097056224,0.009268778860635374,0.01779468772595094,0.0033431027593433527,0.009833347820821903,0.0,0.008363334813777268,0.004953640828260664,0.031693978528611,0.007032182101346374,0.01970114370742948,-0.0002458199894480595,0.005738295519747139,0.0020155895591891237,0.006339070697147786,0.012280624306298726,0.007499968955354541,-0.0022856597006271073,0.028698257110656877,0.013526564266687524,0.007622974636854352,0.02586867918248159,-0.006893394473980741,0.008865272612958552,-0.010533666403747532,0.025399212808976834,0.004800816147839226,0.007577691654490071,0.026724988834123664,0.0015368322333122464,0.008866205212997968,0.03057048945177243,-0.0025923518046124805,0.013148748818399225,0.008649688653815657,0.02540075071239989,0.018568278427538498,0.007234078973705316,-0.0014852842177771608,0.003986054465259681,0.0009207226062999396,-0.016309009293481225,0.01870084244520087,-0.010471353224829283,-6.93061779460935e-05,0.01744188633120558,0.02147749690568901,0.000996142239519049,0.014615817650449836,0.005051549177045089,0.0011830171801217038,0.0073526971573250055,0.009514607152629084,-0.00046812425865627727,0.03900516631249484,0.0021472311820873724,-0.007095729305436227,-0.001979114721034958,0.00952369981512935,-0.0024071117617344706,0.011380627786859554,0.0010333294562907547,0.018748916521937886,0.004207088937040249,0.0027158285334958343,0.008125142171200084,0.01445239089674999,-0.005505311899104526,0.01375708046037949,-0.00380489671451012,0.013685644724779289,0.006501763956153095,-0.006905235036880231,0.01698451939878276,0.017710310980151522,0.012495262728121626,0.004506628912183341,0.007724301788287535,0.035544128242966044,-0.002598501951321275,-0.0001508442574500446,0.008104785177271756,-0.01224741953401065,0.0,-0.0036508519790864336,0.019603190111919355,0.007787010465244659,0.00018804991853960118,0.010027119143217078
2023-06-14,0.0034912930521580066,-0.015038780342177094,0.013646163139274803,-0.0003492248141185872,-0.0152125843138885,0.0012190434329293343,0.005774152132604016,-0.01395012989901201,0.02248456660406961,0.0013062584138889832,-0.001894879884926648,-0.015790956117723187,-0.009523873678847328,-0.0004602782113798387,-0.0016296314200491269,0.004876055293642212,-0.009264983756226641,-0.0014567042141998554,-0.009242146812301177,-0.008637462870641932,-0.015894668072061413,-0.031147917176761797,0.003933190261740105,-0.0071560369546628255,0.009922795774585769,0.003149729509910104,-0.01161183233888019,-0.008958300210930359,0.003436463342917362,0.0020338836017641526,-0.011688133648449894,-0.014917457808815371,-0.006210026376195277,0.0009915158367463928,-0.009885813161708779,-0.018186632842854933,0.0049539226165788985,-0.01911178524943391,0.0032173599421172483,-0.007702608353729268,-0.0012921723439583976,-0.01191230193209536,-0.019877685183476768,-0.0012330989333503295,-0.002933935201754001,-0.0029071160507143645,0.04924806579815977,-0.0035534214572983114,-0.003731837619134981,0.00490853523374124,0.0067823849795509705,0.004487166202859161,0.00039792603327137854,-0.011456189573054942,0.009101152200131635,-0.0003813756874486707,0.025189694346423153,-0.022294684042420854,0.007481939298957574,-0.007689165299965217,-0.019410935785901584,-0.00549125727184907,0.009123740733700814,-0.008011396053427045,0.05693958368829222,0.04814471867927628,0.047908728824858304,-0.005104598927514026,0.008978909649788314,-0.022840111992739054,0.009375437292310274,-0.018159301079601398,-0.012180182644226156,-0.008277677372794057,0.0011406113777185922,-0.028388094538765007,0.014104498751722705,-0.007305960899759767,0.00042582985687844577,0.006477807931033475,0.004638076727151885,-0.011745724976787497,0.041989018864927896,0.0012643012010724597,-0.004534339000029419,0.03503723572233408,-0.013945455313708832,-0.010614679751135614,-0.014592348527927124,-0.007421371317580694,-0.06401259399452663,0.01915245590289527,0.011510278608290125,0.00017913391658441746,-0.011054276847858868,0.007046192211345392,-0.013364595721096717,0.010109528427889147,-0.012025627503357561,0.0027213223177331436
2023-06-15,0.011198682675263694,-0.002495673338411497,0.017142923629665408,0.02767824622741144,0.019275239755027318,0.036899974298354676,0.015189511860984162,0.02054793640606567,-0.024267681794154616,0.02771276133008338,0.005458016543269828,0.01157219841519641,0.008585262479019029,0.023244987032936093,0.0237221314132694,0.027063201664119907,0.007948866195397697,0.011670180110043171,0.006633578189195077,0.017877565353464853,0.017448849693009194,0.02168556470835803,0.015426107173273307,0.014415072635357351,0.0037556258844928525,0.019034538795025924,0.011397527436012966,0.007575284108426672,0.005898018832128704,0.01871947545896746,0.021220309881392563,0.005300283982871523,0.012687048680979807,0.009246184536537916,0.012203163652592997,0.009306842908482604,0.01760558283290159,0.006781344410248913,0.013470139794528935,0.017933477839553902,0.011482131306622678,0.0039003406074771263,0.020592701597997864,0.007707342838116693,0.01600841036419487,0.00874630136700194,0.00674527493255761,0.01782947720669248,0.011308015979129449,0.008881005789343588,0.013741704947425548,0.013870218670292145,0.007512919677488572,0.01894256847362663,0.011420637760552133,0.014457128747142223,0.0038675696528329695,0.022617877114655016,0.031022366955180347,0.018244241662424443,0.004550568477133643,0.00681013516684037,0.031896746041105706,0.014252002936658403,-0.0039873198345211636,-0.008000352233513808,0.03500462144177474,-0.0008552209705169345,0.013866875914237076,0.009908479834484396,0.013864249230032932,0.017941803186136918,0.013793136129684802,0.0017016025822629288,0.010297020436064175,0.011769743739163507,0.007152717025478816,0.021343031962047343,0.003972681791803989,0.01752777718071119,0.00882611566991276,0.01980861681993451,0.007085288351615482,0.011994880765213711,0.012905280417674136,0.03460192683233965,0.019774727924323665,0.02882026878948496,0.013944078534517068,-0.0034659239799892383,0.01727154643698192,0.015685037689438852,0.023558972771773323,0.012217956135275765,0.01967266716448246,0.019871279980794077,0.006653915752690587,0.005482236031069565,0.006941787975571989,0.020901885945893595
2023-06-16,-0.005859994293911264,0.020236944556960568,0.011235897556308938,-0.013064831915557962,0.012339082730218331,-0.03581264028397624,0.0005890532770467249,0.012009966437022568,-0.03348354881071658,0.005340754968135464,-0.012744888197649074,0.002643461197639363,-0.006128646542308713,0.020242941955862293,-0.011494575670313645,-0.011825220023000016,0.02304007937363406,-0.004443557568946543,-0.007619611480442212,-0.009690182856689544,0.019240707440570715,-0.002449252885652231,-0.006510739250365827,0.0073931042476433895,-0.010450058318836608,0.002695934689646018,-0.007801644931726526,-0.006444253750996887,0.008700496159974591,0.002730570757583539,-0.00702226350377666,-0.017430722172420143,-0.0059835332999870205,0.005343925984260034,-0.012275162219723579,0.015309006728987162,-0.0020761036871915772,0.008348327145178303,-0.0017721063040979645,-0.0018405601253387305,-0.012470935845995235,-0.0042091876298893105,-0.003974273780025683,-0.005430027300539653,-0.003730414545816574,-0.006647165772695973,0.015354429364604405,0.002910515468727004,0.0011880135957946791,0.009976395024914986,0.007186102247390913,-0.013702449659706684,0.007062305422700144,-0.008450183538845746,-0.006621957112585952,0.003725199340326224,0.010198106131979578,0.006163760312776434,-0.0029449445825161513,0.007031866702822187,-0.0018120018356927448,-0.0007312647751538393,-0.016575768428555016,0.026463560519821128,0.010497343427491534,0.0009142624585598558,-0.008613251804468036,-0.004621663138549836,0.001776968608392604,0.007798687029362927,0.007342423656664376,-0.0024847188581086366,0.0011338590564111684,-0.007523573092780844,-0.005117657115232932,-0.0026532294646651744,0.004833288586474582,-0.019996248996627775,0.014132336006628776,-0.011925621670675013,-0.002624767706578379,-0.011788447448786266,-0.004397163299721729,0.0018714062300262402,0.01663786938027756,-0.029236827262168585,-0.0027000649400923393,0.0040927600580731305,0.004432608130370941,0.01813214052015355,-0.015883627257465505,-0.006070174452037724,-0.002346316847892882,0.01211485128152967,0.001578551729046307,0.0005488210011661554,-0.004249202684172282,-0.013947943784609285,-0.007177380230976138,-0.004453750793146138
2023-06-20,0.0004867445346945498,-0.005914544690134083,0.0047081699668409804,-0.006697176449832476,-0.01854793917440578,-0.007072573802510251,-0.004591814250708759,-0.021291427073209968,-0.009576961262016681,-0.004659192851520277,0.002310948445805039,-0.034637984388856013,-0.01096270194969462,-0.00925913014499824,-0.0016433805360943632,-0.016833108458546575,-0.0019648872924775684,0.0010641597107348133,-0.012035534742226184,-0.01679786221493873,-0.008566679063081284,0.004538299441872118,-0.013592269301538895,-0.02754476980702769,-0.00754313655538652,-0.009986537505985438,-0.012056556186746614,-0.022764758799959317,-0.0030001940984525355,0.00085860731489662,-0.021505231111869416,-0.017192216270199734,-0.023325890683152273,-0.013343456270211274,-0.004882576410158546,-0.02715811322717343,-0.013869510746513214,-0.02135661606917416,-0.014582901489620603,-0.01685978333591287,-0.0034810112246383973,-0.022434774712577932,-0.033763049471900786,0.0034290234488874027,-0.01266196250620677,-0.011056185598204427,-0.03766827872912337,0.003513202978263852,-0.00509556149510082,-0.009369456150628563,-0.006648327831769829,0.009470445138522132,-0.0017204731004981655,-0.007462721292566976,-0.0050724976991463055,-0.002247155492182462,-0.0023555056126353113,-0.01765761310997027,0.011850361417255373,-0.02142724150287756,-0.013614533384953664,0.008324288196431828,-0.012502630808212345,-0.01665525999966666,-0.03565456309682313,0.0261408119284654,-0.027259751477110905,-0.015821165858662112,-0.003923955076368335,-0.017973141916233448,-0.009228174064729866,-0.015645561722289036,-0.03757840750667696,-0.023312714954275005,-0.006604608390179956,-0.00040913094250882853,-0.005889889863308295,-0.008639756719380776,-0.01978841023374389,-0.008527128079833468,-0.005195660312691253,-0.008268804317881906,0.01172075079703494,-0.017434568737443534,-0.0032434546586032065,-0.008145993522446937,-0.010706463848260794,-0.0184252271603349,-0.006732624532300391,0.05338912722001776,0.023773832938056794,-0.016074613811600025,-0.007335688507161597,-0.010659213537224876,-0.02845647721457778,-0.01782767859081713,-0.006875562608549712,-0.008808538002459398,-0.022923854340761385,-0.019916449023118288
2023-06-21,-0.005675368898978461,-0.006965707486423112,-0.00421745183748079,-0.013232320616788251,-0.008369400526038517,-0.01891603217942417,0.01076398088655206,0.0067759601271562,-0.05734465380748355,-0.006780614403242957,-0.00755284590127181,-0.0013655096896940666,-0.010391499101555124,-0.0022253105310787724,0.002711992855136236,-0.0027644320318557236,-0.008026737755283508,-0.00017724650483319504,-0.004200837200407981,0.0013684593168679093,0.003363252278543616,0.013997328905194673,-0.0004921451244723762,0.01636779585252679,-0.0001539347569141647,-0.013579117006866315,0.03590368356616369,0.00780853726855768,0.0022570148489182706,0.021103974334083953,0.004691334837663819,-0.012367728812019085,-0.0007702827961825198,0.007696591716718881,-0.01650296718261912,0.004894402693807809,-0.014064731743100412,0.009901751481129928,-0.0012866528277211131,-0.008306612399145097,-0.02071478919571812,-0.0170840038920812,0.013977193171084812,-0.0023555844208861254,0.006986053434120398,-0.016696039794970474,-0.060000031139614274,0.011872254319002407,-0.0014732261775493027,0.012904224063012837,0.0027751470196100136,0.0023232184107608855,0.016710910349951646,-0.005615939613760501,0.004057356210340535,0.005050533546492986,-0.0069710227172746775,0.0005503367600141473,-0.009460684579971623,-0.008113287914779721,0.011041978116251405,0.008436806101171479,-0.013282011472379618,-0.012064853710389456,0.004016775319927834,-0.01741710627851012,0.0004916770766527634,0.004193635232425885,0.0006475652321495939,-0.011184222232274,0.008639421969470318,0.001581529559832262,-0.0021396152209824937,-0.03388412555958875,0.0012726350745677628,0.014022483299680033,0.005924786201498833,0.0007418209591074643,0.018481913044142484,-0.006967129662320715,0.007257700619849539,-0.0017767593517229452,-0.0007721012009522799,-0.010773120096538635,0.004363592240344438,0.003767409586397541,0.005971015980922534,-0.002749436557981322,-0.0015381066184436687,-0.054618400747766804,0.015679751607895254,0.011272125217373752,-0.020533537684885306,0.0034441885505975822,0.005948357824396844,0.000558598449251102,-0.005729076378293119,0.0019459382021018712,0.011195532005379594,0.006773841096774147
2023-06-22,0.016525235974399255,0.004018655481986766,0.01882351891021572,-0.01899750500724673,-0.0054451187263940826,-0.006154432183822722,-0.00409605923581946,-0.0086786827540426,-0.012576965965863884,0.011539864318569348,0.04261789623803569,-0.030507361207291916,-0.021351052309265928,0.009143666365856618,0.012898002789610175,-0.014019423529929576,-0.003053309510810953,-0.0048728447708689115,-0.016452189395614103,-0.017144364282494107,0.006291248703986563,0.0054778736204939005,-0.0009845753519921452,-0.02188998498248107,0.008814121633008654,0.005309906979423573,-0.01161006823521249,-0.01446297308227007,-0.005442045530791861,-0.0021604365171896678,-0.005595056770522189,-0.0016922486281902849,-0.009444921796716077,-0.008183230067868807,-0.005215536832364864,-0.023631350752629787,0.01212551464066114,-0.0021893704762099286,0.006442497150912496,-0.009456955027414948,0.02156777121965936,-0.016888773537047652,-0.020363418578365877,0.0015962888246001672,-0.005698687372528322,-0.01884966364765317,-0.005775144529460485,-0.01714822853830511,-0.019252491890762724,-0.004777486440987411,0.006836928254531083,0.010331026433791246,-0.0056003394203335555,0.002660472378786416,0.0044132385829072085,-0.004142483466934022,-0.002510543044064395,-0.012648938032744028,0.01150401589986294,-0.01024941012080205,-0.004323125407188377,0.02303004444690604,0.018437474959415612,-0.010098717418209113,0.00436432149861532,-0.000464362381770278,-0.012448736707113328,-0.016530372485293543,0.010354338604711577,-0.004370340652861682,0.003412542808716612,-0.025422406663384134,-0.026479578632597867,0.005528688451619246,0.012469094623568822,-0.02170181111732461,-0.010012781526496206,-0.014081973084472121,-0.0047458687997905535,-0.0022358524467829266,-0.013333137399164752,-0.011228346845290726,0.0010753351598937755,-0.0019217580087713682,-0.009499465591180645,-0.006230319469998302,0.007542952831872007,0.004486960002089813,-0.0015972939199100367,0.019848894111198723,0.004824459749165344,-0.001374859581433907,-0.012958738098152067,0.005016441923744841,-0.011019582706860431,0.0005580424247755289,-0.014165592853447206,0.008351699716563799,-0.005487759711881313,-0.002925392788001857
2023-06-23,-0.0017111595587562256,-0.010843592790270917,-0.0018475594437009635,-0.028706360164978406,-0.002190038550610396,-0.02273825359281001,-0.01891877066100789,-0.013400057348467498,-0.006233015637157835,-0.011103458506697028,-0.006300361919969633,-0.000972700489511702,-0.007510708886426021,-0.004640863253470129,-0.02015391076891515,0.0015750276298014398,-0.003981784989235626,-0.005074761094615243,-0.013081706116721104,-0.012218738998108325,-0.009736526668810086,-0.0017435341276811345,-0.01207503210663785,-0.00956332788981229,0.0004578399127359578,-0.015453904859139111,-0.011400864611040396,-0.00845115869598767,-0.022264052853961824,-0.02703940950416872,0.0076148341402022535,-0.004407252318992083,-0.0005837725483887057,-0.012981245143521725,-0.011397207586833935,-0.013210089530787394,-0.011980247968520041,-0.009921756445450458,-0.008193554801380953,-0.013093104246140852,-0.006577397714941924,-0.015238572020266683,-0.012152338681668873,-0.0012284895262456574,-0.0027910027044453223,-0.013265287250401991,0.008865889850148356,-0.005356574875070574,-0.005229904411782393,-0.003782109960963953,-0.010509220327908908,0.0025345618387189184,-0.008782381100636671,0.0018621280262427486,0.005320085344976855,-0.011558004126000165,0.00080089534474026,-0.009840335725495364,0.013514569443335178,0.0028877574801839945,-0.007769766962459901,0.007738197709904693,-0.013805927131747109,-0.01352303557097878,-0.008509802519381493,-0.018965911392347823,-0.016089073490613837,-0.007961780458017875,-0.006832178690000745,-0.011102555934127012,-0.009936427013259697,-0.003321448915028058,0.0005507649979570317,-0.02551548768363676,-0.002618961131610309,-0.00010316863233306162,-0.024888455504682883,-0.0007518587229928819,-0.011921534131657086,0.005460498477552589,-0.018905366245762,-0.015787163745300425,-3.374114151399876e-05,-0.008343997546167214,-0.010408074913096033,-0.004229835666231474,0.007118370467061208,-0.00776053562602963,-0.007370995404998859,-0.030270888067223778,-0.004279433154613987,-0.01711171209861262,-0.012195022952403933,0.005079080590136842,0.008243436694703732,-0.009483992498753424,-0.01095973010030038,-0.0018619330561800984,-0.008712424601454716,-0.00542757742783484
2023-06-26,-0.007552973212829661,-0.007136434399023228,0.004257361967273887,-0.003417652818704875,0.010151034951267901,-0.006039610003480855,0.003473487218332183,0.00814916291126222,-0.022725206358092165,-0.01047948362712725,-0.01546431587167707,0.0008276041376493737,0.012252324601068398,-0.00732683852246252,-0.003113612134339583,-0.0004116066328967438,-0.0038436785952564723,-0.0033706335057792636,0.0047805036783956645,0.01070634294182371,-0.012730495900178052,0.005676039518017317,0.011723521538951953,0.014520291016287823,-0.001944929162929765,-0.002384296342782921,0.01362919486018166,0.017574976688768063,0.018718696297403303,0.014192138720711123,-0.0012595234641220587,0.006810396605243074,0.011487538924852547,0.012483149155922524,0.002075031604404698,0.029769540787487614,0.006419335634643364,0.006456073353146907,-0.011746493765279697,0.014372366324524322,-0.03269574726512514,-0.007467328471940871,0.025250918761602792,0.02353638462913632,0.012444427619528575,0.014756968412922289,0.01030296603647085,0.015540924279362711,0.00244858253687652,-0.004234467888188043,0.00032680408873919653,-0.01325089374117927,-0.014280726874501215,0.012731043595475056,-0.006292532436597442,-0.0028285288557103883,-0.00548695703624813,0.013688305420932911,-0.035534863292159824,-0.003077937514809448,0.01934604896323533,-0.013263515196693554,-0.019162873622155963,0.028138457520014093,0.020270368124453597,-0.037361655398715166,-0.015677543969070395,0.02104511733145742,-0.006341687147477071,-0.036814668352334934,0.0010102261112057143,0.005689808980463784,0.0072639391354647476,0.028211275033339644,-0.0013237707276257948,-0.003714700426444173,-0.0011185308564435337,0.004513809979310945,0.018168894636982014,-0.008581775904333178,0.015999938371144884,-0.0021108119814454707,-0.0034913335617640096,0.011650443955501855,0.006235542333546951,0.02025315711500908,-0.004143307869541535,-0.004158437644321111,-0.007656055365208081,-0.060600166336257755,0.004318729167319901,0.0072041396147053405,0.020438276416961054,-0.014158087018308008,0.015184163565855613,0.016896821517036864,-0.0004924135505351979,-0.002637347885975694,0.018457006704175605,-0.010103449752910665
2023-06-27,0.015059078658867131,-0.017413653465613854,-0.006635276482599872,0.01143194457272112,0.003394839150568929,0.030232131492794245,-0.0040584466365637395,0.014011217680386823,0.026788179668795875,-0.009433537799491742,0.014529104045574393,0.018727457974684114,0.0053398820199497266,0.015432924784626545,0.03234251218122175,0.006571838260034157,-0.0006173795533271909,0.0036513864435896437,0.003460204557333979,0.01578395665791743,-0.005398776766780244,-0.0022068656271374554,0.022682530308889337,-0.0051326003573168855,0.013201798699117973,0.012945542912667696,-0.011722078748244713,-0.0031165948227386275,-0.005304144625669083,-0.0016578017557905556,-0.01715145727832945,0.004058614721042186,0.011934472784191907,-0.003522846696961124,0.023240014148080634,-0.009272514461843295,0.02126153203283887,0.00449980701635444,-0.007183843663962519,0.021253462827509395,-8.44709762195528e-05,0.003489453991234237,0.023681707753853365,0.019000311015455074,0.003751591160418899,0.007613882679142092,0.022795245230899708,0.014393820504606136,7.173285625028392e-05,0.013783947755598547,-0.0021235654579917496,0.0259299278475964,0.0007729160933251933,0.02569284718972198,0.011578709684280986,0.007644612464727363,0.0017240529839985808,0.017018068598842806,0.030811149225146384,-0.02141229336090711,0.0018073986681128584,0.0021224007821767366,0.018167956940596808,-0.0067836926248184826,0.016735185313754508,0.030616244817236238,0.009076871975015388,-0.0020959823684169043,0.007193368948950951,-0.012740520765642915,0.009487914233843986,0.0022628750575803824,0.011472795424968929,0.027094125752218146,0.02318562755365039,-0.0002073753389741917,0.00498828054570577,0.03388889707796072,-0.00850399373777011,0.010335691038146688,0.0015064227577550326,0.023547788580415174,0.006434542991773151,0.013435710609664753,0.02082998097685662,-0.01479541283737329,0.01321589232071907,-0.02377275879899976,0.001160143366655264,0.03800042956291749,0.007305994472151189,0.008195303111813601,0.011114245167263004,0.00459554144675467,0.0208868833297029,0.012184886648562099,0.007883681105395057,-0.00361181928138421,0.0024931024992529416,0.0003725120446149699
2023-06-28,0.006327685816792883,-0.0006788541959269478,-0.0016701559958548495,0.0030250391881729843,0.0006768019537417569,-0.0026589462679665887,-0.02181177372895604,0.00017712014568038725,-0.0019929452116996815,-0.005839803882228045,-0.001083754432466999,0.006159617008242746,-0.006019759466055596,-0.007048471900815034,-0.012550160839151281,0.0008473028178379582,-0.01019308784614803,-0.0035486445231758257,-0.003663932861186603,0.004902563573427665,-0.02545469526312749,-0.0038432676774630137,0.004580552296519658,0.017065009929235098,0.004657292044260686,0.0001966806143414157,-0.006802676717367895,0.009053506303523973,-0.016187343745468596,-0.010524643077004958,0.004148868579211928,-0.0025824693881374428,0.007418618000746058,-0.015687037821344507,0.008319957819356016,0.020278803112192323,0.026370559629447232,0.020301096234704108,0.002236551024335398,0.018943480784636257,0.01563428129565847,0.000670055488174226,0.0043185114373280875,-0.023044538203950693,-0.004130964865679321,-0.004382608905333818,-0.01554230143040225,-0.0022402913895077647,-0.004382068072245837,-0.009474103223860664,-0.009330391651996783,-0.012486474914220613,-0.007701593157063091,-0.0046519016162202,-0.004086054707665099,0.0015105557161909644,-0.009064886027486119,-0.0020007254460566726,-0.006131319902772159,0.0031550957095138887,0.0036086738760516823,-0.007765583624981365,0.003825838319704511,-0.030145937724793126,-0.00510511251463408,-0.01812478307535703,-0.01111682866741559,0.005776178090122874,-0.013532331193640945,-0.0035695243895308426,-0.00019998674543508788,-0.003628710672912927,0.00896636944402518,-0.01878273667520125,0.0005733399543412787,-0.006837053214477251,-0.0011142253003049163,0.010141245282189182,-0.017576139902158783,0.0013042022191780411,-0.007793892878201425,-0.006199386944748753,0.005121181469460057,-0.0037879785402633592,0.002559828564598021,-0.00030183139274353454,-0.001690848187417382,0.0010400054256967106,-0.024450923980097294,0.0240996896954786,-0.01680615317878309,0.0005419592934257089,0.005667949473845413,0.0027272989449391716,0.0029475565599152986,0.007387084256227583,-0.007088810968659431,0.005437367711617069,0.008129995649625021,0.006553794135143454
2023-06-29,0.0017966236065818375,0.00543353847935113,0.00046469203521382063,0.021907880904515897,0.009196422166505958,-0.0005817274561380481,0.02009294569003628,0.013106533453823843,0.00971226025785521,-0.0006777620495012071,-0.008834406537251538,0.005267656624531769,0.021018910184640527,-0.00842949195267384,-0.0039604792524220445,0.00436347183924668,-0.001404357448340554,0.0082597929553756,0.0012979238076247235,0.00979862264300646,0.02260461064322894,0.009135882817409291,-0.004799608001538225,0.005365243780677265,-0.002083271412265719,0.006683595873020032,0.013347330636485522,0.008520715853313154,0.003097180426246071,-0.005743313367622127,0.013944484742882901,0.0013508336546084188,0.0052871283461533025,-0.00246893268144166,-0.005352308915969273,0.01627855831096614,0.010818133062122426,0.006445399378589789,-0.002231560026472401,0.0002618936764582358,-0.008986571076961658,0.030064500942865946,0.019348919203252768,0.004273876273179988,0.019605033656755477,0.01745604540322776,-0.019660418645552014,0.007784303810813631,0.03492324543651826,0.0014601040088078054,-0.008261834346079633,0.012622537555554647,0.017302073520244265,0.0013480734805730865,0.019567140936946448,0.009357662820717483,0.004747578566361543,0.02387463441262061,-0.013179600347400622,0.0067970096650344924,0.010561768334530042,0.009782878547255125,-0.002382162318451342,0.01869827551002401,0.003008135345111018,-0.00717480630427203,0.01072701063709336,0.018447698902885667,0.0009800365811289957,-0.004684543365664817,-0.004066927271527909,0.017157595492937272,0.012098426489237424,0.004424007043232869,0.010591407934144481,0.020131532444824796,0.0007098653942556599,0.024381540161488413,-0.010448070398578646,0.011033928646808189,-0.0016537674377478107,0.013862189513547563,0.007478378827910026,0.012674174775485048,0.009556502079051121,0.0033215743632308836,0.01306550807057083,0.008311459621005879,0.015561106925917834,0.004917303362650394,0.004194232678930598,0.00768134339975024,0.0022202700624567306,0.02789958804625292,0.007952207358226993,0.0046171902036447054,0.045051841397944825,-0.00675982149829879,0.012334081030358934,0.015537030609990454
2023-06-30,0.023102496173668108,0.011258697267153117,0.012632328365510759,0.0008107122257410282,0.012597234476968033,-0.007614667383845086,0.011289968151581897,0.005944163148846826,0.024002210082830766,0.0038885634243237543,0.019233769000189582,-0.003162904985855919,0.0010467221563426055,0.0192393840602878,0.016725095495706555,0.004257492919993666,-0.0007812015947521456,0.012139729581887249,-0.005400785276913345,0.007410807768007288,0.0182970396505171,0.01208311505708437,0.0019288871297578059,0.005336845050537331,0.012582324726145844,0.010349664004005055,-0.006932414043020918,0.007104441489601987,-0.0005788930598531472,0.008863873900259556,0.009378818306987391,0.0037099549154429035,0.0003756319467893565,0.009675924379956902,0.0020179828236603914,0.012743325648638004,0.01204015681974635,0.019584396039291407,0.01394547777037447,0.009424076313779173,0.00503778353744333,-0.001702301195327216,-0.006026046730962742,0.009161198149886474,0.00498849102003307,-0.0018649714971241682,0.01610441375191085,0.012180722120848753,0.014013753741103585,0.006561659248128349,0.003332291168375967,0.009666575217192497,0.006427002050853892,0.012925244467136388,0.014522543302878388,0.013380083073216698,0.015328038535638244,0.006230020545995529,0.019358518459303697,0.008565206656899527,0.0073382261383505565,0.016293865172368083,0.01638579584385469,0.016925019852469747,-0.026462041910018885,0.036254921857549416,0.011122357896023782,0.0047846899566050816,0.007287320978505374,0.015504224386602594,0.015798698217985407,0.002148335234204213,0.008991803460559389,0.0083008804611171,0.009808115200896195,0.0016357635295634054,0.0038508559872099113,-0.0080503886522163,0.016054585685528533,0.012757708542939783,0.00483116004376738,0.009240015862938211,0.011001919490829293,-0.0018772619331067775,0.012790084819097824,-0.007599307622013551,0.01253882472800405,0.014308080482878127,0.01561482586449281,0.016582481606492783,0.008815497595940913,-0.0001464952295262556,0.018176549807539688,0.013485804260272793,0.005917360162635665,0.005406724105349925,0.005418056525169579,0.01879711647388338,0.005154651695347567,0.009398259992040359
2023-07-03,-0.0077847203112269,0.002078185041242797,-0.01651073871866715,0.007745098754059931,0.01548435657625813,-0.004447503344874759,0.013301645287708164,0.006951559438468813,0.016767588195155003,0.013467147869505425,-0.0010739443770555468,-0.001136604892033044,0.01777622828654346,-0.019315293061785255,0.007576867530401765,0.0035303652711689004,0.00750586848791035,0.0029325513196480912,0.015204225334002563,0.005202183672717187,-0.0013502288122265726,-0.0009624584046441509,0.012118440173303657,0.005984136390961181,0.004940742380497687,0.0015461353233701125,0.012216396819273445,-0.0008899028733981851,0.015833155160860368,0.0031837383774075967,-0.013291625383836325,0.013664831839414582,0.009763395683316745,0.010920458624544827,0.012083247282602683,0.0022720041335204666,0.00727027404836722,-0.014292184515370954,-0.0045414198915502135,0.01037341345986209,0.001670929219422801,0.012618489547494782,0.019399956574644994,-0.0019958023399394564,0.003855392096216992,-0.001046109106837556,0.005382968309221914,-0.006897616892742486,0.00804453386243642,-0.004201095583524661,0.005978002554088757,-0.016120118295486874,0.004778596843841854,-0.004918071305425542,0.0016781939128884815,-0.011963588411642911,-0.010896685195315503,0.013267296352738267,-0.0033453177571082238,0.010490498989110586,0.013686390768897994,-0.009186227432791183,-0.007488192817490358,0.008907609576138897,-0.011416243365916845,0.002624070166244996,-0.01629017611320871,0.006972747658525291,0.002051648486024682,-0.0008180564698081483,0.005008412806281948,0.01254455773233576,0.0029356893338348122,0.008820496278028056,-0.007092244569251949,0.004389478709175387,0.0009084806358128361,0.01834851988007391,0.004555271195546551,-0.009902798617000497,0.005401778833107551,0.01585131342830759,-0.02323913540685707,0.01065843179246695,0.0015695439487883878,0.022441391102071995,-0.006486651934333287,-0.005059970918275036,-0.0032822871469095904,0.06895373445427366,-0.00574237799020616,0.007379557463769615,0.025216231259711064,0.0020633100459979126,0.0011081039771811962,0.0024200065795949577,0.016869843742295387,0.006489217086135701,0.001957997262322708,-0.009238530128519384
2023-07-05,-0.00587137280706207,0.019331914641554926,0.0013990731619437646,-0.003440620505527403,0.008992485836389674,0.0007364219809564698,0.005625844347000308,-0.00396954868261945,-0.016145767151695134,0.0038665371690966843,0.0012287180203460757,0.011331307654071088,-0.004109528508933424,0.010295494960487428,-0.017197288311114334,-0.0010812789018888047,0.004656316015332562,-0.0012865568462171462,0.0012836741731674373,-0.01010800912219667,-0.006136278139784568,0.0014983255493794534,-0.0067049905356446615,-0.002014963196889208,0.00016652101908065653,0.0015554761203337986,-0.025000094021672248,-0.005724721097640995,0.009123759953127752,-0.004477457198069579,0.002406947930819081,-0.007845176143509325,-0.01747852900181457,0.009810356780422191,-0.004421856216571096,-0.0035746078700791273,0.007217940649033361,0.003416859032460584,0.006777779394603112,0.0118070169489497,0.015429497141953963,-0.020085145176221286,-0.01278638697481893,0.0025156536874593183,-0.008977493276465576,0.004264214683337153,-0.0330160827024405,-0.007684342713692116,-0.006661466250604264,0.0011640202626361784,0.007428247437428537,0.00927582286556694,0.0003892122182904689,0.00400736792372669,0.001954482051283568,0.006986945996404037,-0.0030984208021869186,-0.00872912359059308,0.029193839245533315,-0.024817176170520705,0.0013067865151779046,-0.005510415902645893,0.0004732877960484938,-0.020678440546674226,-0.018421844809747734,-0.0022632686260483093,-0.010157904376720817,-0.005404465417789384,0.00528012765693564,-0.005184230660814193,-0.0017048932043947085,-0.009331155772306254,0.004913231353962377,-0.024648234812236214,-0.000879817976542796,-0.0015245705722762848,-0.00695920458804844,-0.01784474162759231,0.015728911526329048,0.006751796957348288,0.007163526847649981,-0.010895819107380467,-0.002113975518715616,-0.0031018630786455725,-0.006767369184674021,-0.017128908227185935,0.005460477537760244,0.0028702646747480465,-0.002888765520765668,0.009506123909958086,-0.013936550187774177,-0.010770044234027831,-0.020678145773194934,0.00621929122614806,-0.005790763587211756,0.005364900785181259,0.0018432177120002446,-0.0005689102735922935,-0.005118120740018051,-0.00444404532995224
2023-07-06,0.0025086511662031352,-0.002688516634967164,-0.001583351883062467,-0.006227869790419893,-0.0049082264933945075,-0.013735604453874561,-0.005477823871754661,-0.00190619511009249,-0.004124559928878946,-0.012838696672167638,-0.015493205988729275,-0.0032347402808287073,-0.02751032223535388,0.010411936776504094,-0.015448691377004331,-0.017609044056818846,-0.01122211559406494,-0.00029279220116651405,-0.0303418347104496,-0.017358862977622347,0.005703218320584735,-0.0062333095377703485,-0.006509340306642408,-0.03537773732294913,-0.0069484134285003885,-0.007765379922906712,0.001237917697346269,-0.021943640506698725,-0.01393869269970549,-0.008624497590344782,-0.01255370539346623,-0.01169402357264393,-0.0013248633214405503,-0.011461756303455806,-0.026204816871136072,-0.0178493442031763,-0.0241043182298879,-0.011780774609515654,-0.012946507931735352,0.0010145920675519449,-0.013470208728891708,-0.022027715641236623,-0.005722797703635485,-0.02824952281904458,-0.011723005628983318,-0.015494614498806292,-0.016610268421722196,-0.004318660093365123,-0.009886710171082003,0.0016709126834679733,-0.0077011239266133735,-0.005346938382910005,-0.0024202774420216677,-0.01804965180127993,-0.002587646755866979,-0.006668913483934391,-0.009209267138106547,-0.0012328658521970626,-0.008085062414406985,-0.023522087260961833,0.0023922806620140236,-0.01715039475514657,0.009226621485755482,-0.014472194259113502,-0.018674101409219768,-0.005057230039567595,-0.004398178374728889,-0.021735462619848267,0.00010713529719241777,-0.02276461052234946,-0.001641975117415484,-0.01947112384237304,-0.007593830246698796,-0.01630652239238306,6.28393877022404e-05,-0.0019339470964780947,-0.022953451886437604,-0.012877074294671775,-0.012416328090989692,-0.010610685627593264,-0.013746399139792365,-0.00924812412882614,-0.00568334359766598,-0.012445456171157221,-0.0035860354337569067,-0.012900829158467353,-0.0148759041565244,-0.006300586159399435,-0.009733966418698392,-0.021028045208104085,-0.003947234812960776,-0.0068658437362624225,-0.0038338350599655957,-0.002380394707297895,-0.02817978481147132,-0.00933833048894761,-0.013569387657261456,-0.0063246837713601955,-0.03732124340713383,-0.02019615445427958
2023-07-07,-0.005891029554408234,-0.012750443364301423,-0.007929093129741327,-0.007176173423886656,0.012591004005813478,0.0025864424997152913,-0.01218798094065332,0.01041682277762046,-0.0027318045366390153,-0.019418718680403124,0.011062622017709689,-0.0024456261199012896,0.008840127458552116,-0.006796679180259169,0.001602812294808631,0.005098323268049043,-0.012452544739338989,-0.0016400092913005926,0.007933228450619279,0.019120388809267697,-0.003537810666693564,-0.006738525175828625,0.0053386652926596945,0.0288019721620294,-0.02292650298931853,-0.00234786162698164,0.01200992026637504,0.008765214231260199,-0.0021011715202793324,0.010244988759849694,-0.00563134096787965,-0.0011268654488535423,0.0062535686190299256,-0.00872335255439216,0.009350088279046709,0.035189265211262644,0.0,0.008382362110809005,-0.023871793641264016,0.0038013809005523758,-0.00524522678171957,0.00693290782088285,0.07785507811947556,0.002615853142390767,-0.003676281540917259,-0.0006053188971726353,-0.0037534703483634857,0.0005981914051176318,0.007890560691841353,-0.018205394368319028,-0.013210177945225277,-0.024028038591745293,-0.006346912689037754,0.0023485022853828585,-0.011344678456208346,-0.009561979179076308,-0.002091387143978163,0.015870323547879872,-0.005000080856482292,0.0101754848142106,-0.0023865713136119737,-0.024608460995891313,-0.011867319027622614,0.01685139226813348,-0.006089337376455339,0.009500475341053916,-0.007275852579666009,0.017358053089578274,-0.018863813659842132,-0.002806622801375225,-0.020988300254097036,0.01396512321677168,0.042347875484156416,0.006248941320937007,0.0001953657990005908,-0.006425286145878117,-0.001559176891562708,0.014832123360531302,-0.0015539154137322875,-0.005336719917747534,-0.0005545315904920134,0.014138786102328105,-0.004768701946207821,0.0011544332377053657,0.006406162775961288,-0.0060378427258314105,-0.008868776822295366,-0.006939469627393224,0.00432972915065899,-0.007630056425625198,-0.016575809533913022,0.0015308775271345443,0.00267717149380986,-0.010172583724927686,0.012515406505603899,-0.01581825252490865,-0.002797889451230051,-0.023041087282181683,0.0023319227747504723,-0.0033605174270334714
2023-07-10,-0.010855894858828763,-0.007453956125771821,0.006299918542198801,0.00879778823229782,0.006793965374190414,0.028575652614682756,0.0005931764018201058,-0.002061940681750807,0.0036229006692860555,0.02780701188539525,-0.020419182854096718,0.005704815748508674,0.00455662755289632,0.007726293603398826,0.034859129651488185,0.017643581693836285,-0.002713649009985608,0.000674716897759664,-0.0015307780556583772,0.014805499080966955,-0.017960499732665114,0.00440253692742365,0.010137547909989886,0.010849590624735228,0.0037330329587523803,0.008040693100600738,-0.05602096465273898,0.006678629492766541,-0.012633973760079353,0.004465915986732405,0.005963620922246671,-0.006092042780491469,0.0032015673069933914,-0.0061268571042371045,0.031857123452347924,-0.003700506364502254,0.006007950080066271,0.02162839235767189,0.017065173413806534,0.0007573185469176291,-0.02535999210058637,0.004124741070136606,0.01180440173706776,0.02466881320582659,0.022040769104051616,0.006208230457088293,0.027943524378356566,0.01704033748031364,0.0056115883650105225,-0.0013300471272141845,-0.007529905828712158,0.0023891769185404588,0.0036406099116323976,0.032351132365725066,0.00895337592176726,0.00818205468999178,0.006519891502436703,-0.0034716347113150636,0.01228778007963749,-0.0010279686906373708,-0.022401091902776837,0.00880737928761044,-0.01598376927655276,0.008759299974335777,0.01263634539103542,-0.007599435587496095,-0.0020068801858458274,0.0015355602367339571,0.006663799720948216,0.004221723814381795,0.0004032528348161257,-0.001990322243239251,0.008950209436252798,0.010177602764715354,-0.0015951649324842387,0.0006159165184282944,0.03206646906021571,0.018313117464741957,-0.007639995752102502,0.013172200901405695,0.0022200294621779193,0.008391908629133527,0.0035001267901995092,-0.02178098206456358,0.010156017686421492,0.012994869644063378,0.01052004050844646,0.006073044763565294,-0.015030377351151647,-0.01756370459810941,0.0031846774631814068,0.010058205495070416,0.008733986562629914,0.007232051091226266,-0.019759711766704657,-0.021169835277029758,-0.010521359795387708,0.009055854086935655,0.014831284569889913,0.010191122277145581
2023-07-11,-0.002810042742680041,0.00803049920351473,0.004485179219957169,0.004117330964517274,0.024573307514049736,0.022765645005633495,0.019919300091967962,0.01153591430522094,-0.01989788783057178,-0.003871282611511595,0.012978852839820476,0.02554965548084609,0.012561014876563137,0.008324064008676801,0.019997545314675902,0.020153136750028722,0.004961587559690672,0.006566382910657476,0.01883088630801444,0.016237250625481536,0.02137263514041443,0.012215385540406576,0.003823183807379893,0.029611798998250505,0.00499047062654423,0.014007769012116533,0.007949732039595592,0.018486339236993832,0.007948808730237955,0.016482833160527566,0.013647735414888507,0.015777540077697605,0.002815692525396374,0.018605715852640703,0.02693251867192048,0.033082756825152604,0.010617205089820558,0.006242834361039673,0.005681012565558419,0.00832508216128458,0.005925398995583198,0.013934968063638031,0.04222240880670958,0.010893539623691328,0.0047655393395371615,0.011587646353207193,0.017104315794079117,0.004409153396389698,0.015639176996466553,0.00022229060390555055,0.003540621085164064,-0.030386587981230728,0.012837294481325756,0.0013529835695262893,0.014381847558171179,0.0008489659092087987,0.00971672069470464,0.03187598309283701,0.01424686885611992,0.048667468552547666,0.015350328577246497,-0.011458745410676596,0.0019288548102787129,0.01642804065315806,0.015220272397461931,0.005334352347767357,0.007896297959535836,0.031516188536384604,-0.0017364204390645233,0.009529263911872032,-0.005239745601435142,0.009013964944195374,0.01186087235870703,-0.002134585056483229,0.0026700058264215176,0.005642167537732057,0.009684287678860981,-0.0043230640356399785,0.008411822630824073,-0.005044851365838432,0.017237841624534678,0.015570677212076278,0.0037590096505879522,-0.002619512082758013,0.0,0.012524696249687661,0.014000237025806994,0.0046631554350728965,0.01945920805199086,0.000667717084456676,-0.00034548416911228674,0.00942090487238434,0.02156297573211874,0.010035175706148536,0.029659915586558894,-0.004268574735675212,0.009924271567278264,-0.0014850135756161453,0.012226572710962946,-0.004747592016645985
2023-07-12,0.008985560924880565,-0.004352204511820057,-0.006046442347167447,0.017109583667301864,-0.021622896342146536,0.015420911225654477,0.01418270569636082,-0.0017021978133818783,0.029284963574986778,0.008129972538075458,0.01568569880112225,-0.007542484631177904,0.011715988861886517,0.00760393542425386,0.0018214130284810448,0.022247241309243826,-0.008122335609169529,0.0057664065424598565,0.01826778056692535,0.002966226813531758,-0.009525663495568937,-0.046319247744331715,0.007855308356562452,0.017405097194236996,0.015784045515762957,-0.026477226244868257,-0.008987571635261982,0.009612720966635901,0.013464005543053492,-0.014813885552962147,0.001851335928912512,0.007375136128276116,0.012916701173347978,0.016285182400195497,-0.010447659179399493,0.017642307021240367,-0.0006564974673844981,-0.00018001776742382347,0.0034156017399378236,0.01100820394866675,0.015280826463782704,0.01720265418691258,0.010660798470090382,0.012306074996445426,-0.001006148796751427,-0.011901246232929208,0.02042052741203726,0.00673120943713168,0.004951682201789875,-0.004067886116270292,0.005376319372865979,0.0027536824509024616,-0.009286182390529807,0.011681052460756014,0.0072650697511182916,0.0029518694148118474,0.003207614665970304,-0.009115495751466862,0.03704439608260901,-0.0034340150500510314,0.0010956857289809996,-0.011315589275092686,0.014226972413997174,0.04386980870640511,0.0034454268141097533,0.0353023072951657,0.009923337008517663,0.012716799075739749,-0.00440257628607299,-0.0008328118016245334,0.005199881298051823,0.005850310885240573,0.004334077855775442,0.015487327578961985,0.0006498572414552761,-0.012343191563263356,0.010490613090885503,0.01441468773595811,0.012158835922991162,0.025578877776889497,0.012181779708758889,0.002378799351929306,0.005465605338934587,-0.007222664550886937,0.010195243765414252,-0.0035983240907834224,0.006018545466520697,0.012825875285871646,-0.007194305215024177,0.008154422401772665,-0.024174163606508037,0.010300351685835984,0.006747920797071982,0.006900897207275047,-0.007848219158278713,-0.0037153518401901175,0.012166583944729803,0.002521817999320941,0.004907079823217586,0.006931610416273104
2023-07-13,0.004057461907410298,0.0006742528772007983,0.01316524192689994,0.0042372112138786555,0.00558868862075701,0.005898146806950333,0.00045858856110214674,0.004092038008983057,0.011694853521353687,0.008773565723621646,0.026758409161619312,-0.0011975243245591072,0.01055868394094106,0.007330679684255159,0.01651816167552478,0.019008189179920087,0.0,-0.005241052632416143,0.006331931311862604,0.00891165854083642,-0.0014715790511560245,0.005098542791792893,0.005195992249736214,0.011344037933608053,0.000836606151294994,0.01556951314870103,0.010734788957893038,-0.013342283312077652,0.006642844354603827,0.004611616148505693,0.002939844608421671,0.003549621100158884,0.0018480397289646344,0.010285866868636084,-0.006033232474272565,0.0070659567512625365,-0.001971212703105407,0.0007194194015440747,0.004320528436570825,0.0022271697789542078,0.04717072466421124,0.006985331957360508,-0.004483054319681767,-0.009196166445181397,0.0009113324170866299,0.008130067350388348,-0.0032373328940674684,-0.00014547503477801982,0.004860026718060073,0.0008910859816744221,0.008522734531187792,-0.01339082568858796,0.009567987289210711,-0.01107230069831544,-0.0003244943194257166,-0.0013193386914303051,0.005481410757440575,0.008006743416077544,0.013157228293304124,0.012700612583455895,-0.002407657831697718,-0.010700550924032659,0.016191959698217406,0.005751153484324645,0.0007423598795728292,0.04726462364351813,0.012325439953521755,0.001956865481813397,0.02380296722137154,0.0019449253382999299,0.0006716838326932262,0.020120961284426864,0.006080856326902362,0.037411573733881376,0.0033946310600927454,0.0036149607936599715,0.0045481063231853636,0.026022949979366494,-0.0015364370172266106,0.013454418532597545,0.005580632521641871,0.02136084962835616,0.005402045522078458,0.0,-0.00210254554914191,-0.0006771070865480011,-0.003636526353056224,0.0013880922630009618,-0.016947065451677013,0.02172875427149612,-0.008744729345441349,0.008089286541342444,-0.006059252358277978,0.004541572968288055,0.004085442464913491,-0.00631110819637859,0.010402371660089837,-0.0058693397392673985,-0.018311597334838337,0.006291689569947856
2023-07-14,0.0007873401328759577,0.01811506601282531,0.0017634137423911955,0.0017766756448747145,-0.012252152000707506,-0.011311681008665198,-0.0006874267802744471,-0.02105613514742921,0.0001725696409327071,-0.001010281318614803,0.002829408900884234,-0.017200880245986983,-0.01887434253154263,0.0029965333063251,0.01142679564553517,-0.015909559678718765,-0.00545920997800009,-0.007131664860254183,-0.04047828893643446,-0.0009380800799708711,-0.00878941205609618,0.047026772397578354,-0.0129229282426232,-0.03129814410495402,0.01532167766289172,-0.02231715141263091,-0.006592211430085149,-0.02495075796307611,-0.007541689911197191,0.012354896287980921,0.007202294643342322,-0.02044866465113704,-0.0237963271689825,-0.0032151122842225544,0.00802081944519184,-0.023122186196773975,-0.013824887746501036,-0.008986320992135366,0.006257398825705973,-0.012345786799614844,0.0070659078272443665,-0.007575785545439251,-0.022781578166022776,0.006039407529298213,-0.012313804220823621,-0.0038828342678072225,-0.021257591832907097,-0.0011630472853429996,0.006045571180471443,0.0025967221059635115,0.009113591993004544,0.0339544597030641,-0.004438476396740887,-0.00348515094390478,0.004868301985900159,-0.0009484302112179321,-0.00454283341345918,-0.017069289222262474,-0.014485828846531046,-0.005444326310025005,-0.0019743656826177736,0.009593627884475042,0.007529346848119678,-0.010776553755397988,0.0010200240425397578,-0.011049208697212154,0.015495977715685116,-0.033528556891813555,0.0036261244978865736,0.007210202684119205,0.007384953342087774,-0.019104668716639406,-0.020666790243415667,-0.004548462863191105,-0.0025477556126901613,-0.010291221807614437,9.851445989439434e-05,-0.023527391861640656,-0.0013989413238474357,0.009683657522809641,-0.007488755041723194,-0.12083659990661044,0.009311080332697008,-0.04100520737749891,-0.008006638572198743,-0.01430516796090242,-0.00023550355519263988,0.005145662954534336,-0.013494239347148218,0.012522529912772917,0.07240640090444272,0.0018043000274681198,-0.0005395127890354123,-0.0006165286102703949,-0.017574150183393478,-0.018187101856503962,-0.0034319113475229646,0.0034384804870064567,-0.03443648417616496,-0.0028687861783716073
2023-07-17,0.017305515043783748,-0.008675731793678976,-0.00861650918816892,0.012699150520535385,0.01739119555797175,-0.0019146523922572989,-0.019949559658769433,0.02515175074612408,0.020527835115587312,0.0018027883362250474,-0.008315972513331604,-0.005865240374619329,0.009962220584369685,-0.006615461489457464,0.02886025669114889,-0.00021991968249657212,-0.0014530664350738132,0.009264427851994217,0.011147520502592378,0.007198269803128099,0.017734701713242096,-0.005658546093420425,0.0019044071712392974,-0.006069733171725433,0.011450622177937797,0.008535123800718525,0.006267260869465385,-0.0009117477559876797,-0.025265929305489876,0.014447389394584897,-0.011516192515344192,-0.03452953662142233,-0.009259307868168642,-0.013224381584170275,0.014838617654389097,-0.002102059166914527,-0.059412480402303736,0.0077983422198217855,0.003756850971980974,-0.031249839108883237,-0.006139419577124161,0.0030962677183423715,0.01274072180156649,-0.001421825673717958,0.009847588877020641,0.006296921711747672,0.03680215920090957,0.009605735577892016,0.024103603440836396,-0.0043661507496461915,-0.0014778297460060763,-0.005161761873688109,0.012190152043489944,-0.0033663084870828586,-0.000770224580788681,-0.0008817368674678416,-0.010724442172514559,0.014442798490202025,0.00566561467347837,-0.005864988242200608,-0.002418340151519094,-0.016489705221265694,0.0014194370674418533,-0.00800344925954155,0.007040224544677454,0.02181706553606233,-0.00318605075831091,-0.0015156480662813498,-0.013707955554581042,-0.012665193826610577,-0.007064078323921419,0.010891241896429982,-0.014135064362196581,0.006853836522377144,-0.002303031648470344,0.0015598466030808389,-0.006692294085713368,0.0020505745015408916,-0.01681161159170108,0.0032932934965934635,-0.015629248778664007,-0.02334784791699096,-0.012597822954308668,-0.06689659392476288,0.01083246030287821,-0.006950829094001354,0.0021197551180238694,-0.007745142137563721,0.015908441337028068,0.03198521516746822,0.008142982782187724,-0.005355711587446743,-0.013602650064042487,0.003413444163698598,0.0020267864692742332,-0.07497788955651052,0.027089211921057288,0.0012285316123956669,0.004358811215799063,0.0013280257324488343
2023-07-18,-0.0013402298733843354,0.012979125664133395,-0.0004673158610473127,0.008286909257817943,0.014957388951971629,0.016422635267814956,-0.009475872707152666,0.004568481970191218,-0.0032961408946444726,0.020760230901335275,-0.005465676406731013,-0.0014159050355517788,0.0442177516464588,0.010741123596278657,0.010831934652610231,0.015195039803451937,0.0024253238135398814,0.003166292920524727,0.016428910957708487,0.024663973214195778,0.00693910561641764,0.01301760437232713,0.008315502197393965,0.021702365024697468,0.0011394925031045222,0.008462891970042019,0.009342376096372229,0.002020429632596965,-0.005067239290103442,0.026058151332817747,0.012743970493178436,0.004558088067428523,0.010490149402798243,-0.00947908704114142,0.017800447465369462,0.034462406450025185,0.00567783034829028,-0.0007197209088044554,0.009550861008894795,0.009806332110508409,-0.007139929782716048,0.03077633885711384,0.020074777131066757,0.0022464698007507167,-0.014026996800101776,0.00834321664206672,0.003782371936109419,0.001153208697162178,0.0018255236874435976,-0.004756980139072997,-0.003946866273001115,0.00907993455576861,-0.03036356791080963,0.008509933887166365,-0.010044785653872013,-0.0029182664206975906,-0.0012686831596721015,0.006271142603083035,0.0046038511451733655,0.01288095903766151,0.0002204704744617203,0.003599504817489052,0.039799572276020045,0.0080680212583073,0.009290933165607251,0.02223378349170657,0.01581293395547001,0.013324393023782077,-0.006356977982183598,0.010596879048733854,0.001879054387882384,0.025086455498424476,0.021405651345107968,-0.004375999180805001,0.00770156484729112,-0.0058140106722301965,-0.0016842077050236437,0.1256821038187126,-0.015531652654565686,0.010685421934578665,-0.007254292430690867,0.02676279037965168,-0.006630514210991922,-0.005912779130320733,-0.0014007041861971992,0.006153390829397809,0.0007050904203140806,-0.003008081416245867,0.014413582775303357,0.010193509901870401,0.03288714000016202,0.013151583270911482,0.010014331046819036,-0.013197222864784197,0.015038194440514685,0.025746999700718032,0.01922215668185623,-0.0018081666341585034,-0.004537372973049014,-0.01399763607262483
2023-07-19,0.007071628983620792,0.008054032955228996,0.0030854913435174325,-0.011258312424519246,0.0030959256320994832,0.00842387122436472,0.008267489304728315,-0.004210954858825389,-0.01271940978646946,-0.0022358559404288547,0.019046892602732513,-0.01403791235943841,0.027035741111475886,0.017003096592693057,-0.018020632589597962,0.011327231121281534,0.0009677289552818547,-0.00842648894703224,0.01063378556740302,0.0009143389631971477,0.0009843190227285525,0.02752613675284099,0.006361908056545573,0.006712675168744298,0.0009390939452944558,0.02322396438401997,0.01978223165612336,0.006113776793489345,0.018021607425680042,0.010682241477277588,0.012832723629012,0.012681876363432432,-0.0030199620204618416,0.008139813306289545,0.020820212327602006,-0.0026877965490234024,-0.004940167295048092,-0.010534911960613735,0.009460505040181921,0.0025556262803700935,-0.013978691903748452,0.009725207245204981,-0.028863874193360894,0.008587150571503832,-0.00038973472097836304,0.000886543270300022,-0.0011593866713631718,0.00028811282786112,0.0038395521730978377,0.010829219402549217,0.017665576417946083,0.0052304533945124465,-0.009194630392001524,0.004262483472759371,0.00027622150967165915,0.0010552133828456434,-0.005542620481182259,0.014990813383786161,0.012690216422074574,0.004562647383755891,-0.00022042187794579782,0.0,-0.012267252518029292,0.004446578816553082,0.0014581256026173772,-0.008780103628608593,-0.017222761367737927,0.0013314370027539546,0.009813041720437843,0.0055186448724273696,0.006833287239403463,0.015496626442505379,0.012850770204843265,0.012697324617671368,0.005060324316496834,-0.001984198573159457,0.010619209775645677,0.00045451967002119176,0.01519778041565134,0.001611931003982603,0.01013397350816403,0.01596119834027232,-0.007281578288136914,0.08475845580783292,0.0036471798183694837,0.01444838689170913,0.005049189832078804,0.02266639399810577,-0.0026897695449680237,-0.007090702250741598,0.007399991684486684,0.007666285384146931,0.007856150640531023,0.002699572585870502,0.022526412163905718,0.05268064063660427,0.014473556178145275,0.0003234501674085344,0.006936431678374877,0.015615738927043932
2023-07-20,-0.010097408268240127,0.03275716472573831,0.04241226235563711,-0.01985564767554937,0.020123546653814994,-0.0369745096668016,0.016984781157184603,0.018944700979991014,-0.05307910580586894,0.005084898410272709,-0.03989357175040831,0.024017230873664364,0.005074648077663779,0.030094236022928378,-0.003545171133155778,0.004790545565471538,0.027553944129583563,0.012206853269827178,-0.00231480208669832,-0.006317735948972336,0.032092805165381266,0.005330403886390167,0.011706735698175041,0.020186400365219015,0.005143547139219384,-0.0011444139683233212,0.0076526253115400955,0.011054353721064336,0.021935809035944276,0.007932530243637492,0.0020501565845778558,-0.0095359157497944,0.00435447486225371,0.016912151939205256,-0.0038751853186513863,0.008575463200790612,-0.004964540258666439,0.01228500214041417,0.012411440106421479,0.0007645552237871556,-0.023191032382852472,0.03027446129286715,-0.01513085589469143,-0.001220980875590083,0.013598533507083177,0.021405468000917915,-0.03163074883618955,-0.01007647803090328,0.012317667196791726,-0.0035464734324828218,0.012167380196754563,0.022621038987062914,0.009966531235978238,0.0004331821194833996,-0.0005272848830961685,0.010199517087442267,0.03750572151577303,0.011284403626815154,-0.042688450843506476,0.007827663978142274,0.0061701584703257595,0.0236904426629847,-0.0231215141894493,-0.06042502378102055,-0.02138690908269769,-0.03307351417438642,-0.023675141006678224,0.004986657076440304,0.016321284398127522,0.009056037151738527,0.008108607527811396,0.012238485468610838,0.015518405560891013,-0.029737936592089342,-0.002154953839205276,0.01663711288284797,-0.009329373944416464,0.028770479085698852,0.013259185766489878,0.0029820819446995106,0.0210194301254909,0.013836864611612487,0.005297462473628389,0.004797673683186288,-0.007967019792484042,0.014619505373077102,-0.00186926386604358,0.005079048395667973,0.017999562279607195,-0.09737009860008494,0.0010720177289733623,0.011808634596223166,0.004945675652285653,-0.0074558785579408315,0.022962273310379144,-0.009714621489853137,0.018806871416812587,0.01849704676693764,0.017614650558962053,-0.0003678532061344164
2023-07-21,-0.006161573078336757,0.010900812922566727,0.021997826868003,0.0074568006885225024,-0.005930028752840655,-0.005071845845511347,0.012785058873868937,-0.004814111103113583,0.00634917866886342,0.006817405653861464,0.00030773533446226686,-0.008473374623950258,0.00915103224343139,-0.01481027800855117,0.001967372710621751,0.0004395215392281049,0.014270101726320927,-0.0024522536045099574,-0.007593371175897867,-0.013175702471298623,0.002106358768029004,-0.0015294844071176428,-0.007405611540649559,0.01074386937438132,0.001615912587341617,0.004964732211891532,-0.004768744969351757,0.014641951157245758,0.012615239706051495,-0.006141565520916714,0.04705797900700226,0.01125165261923522,0.0,0.016952769745880447,-0.010237498604956041,0.009069577980751031,-0.007127563523598335,-0.008180485292439421,0.008756442638221174,-0.018084311968237676,0.006879218359039374,0.0031352250686942362,0.013442982920302216,0.004324960766862507,0.0030774759348117797,0.004046715241211585,0.019478705419792908,0.002908348559906848,-0.007685090687576723,0.016905116529404962,0.0008014592387879382,-0.0038375677212445503,-0.002741223378773472,0.012078272733683226,-0.0014319568747601652,-0.005115631681795629,-0.004364859612493999,0.004266517153017624,-0.02730397634413506,0.0003835883820926256,-0.001314130938127711,0.017794557574531966,-0.008937148240810489,0.0179033513260638,0.014228621542501374,-0.026603676384027053,0.01527437387200048,0.004631227512884584,0.0045430081887918305,0.017133468554906273,0.01574120832629622,0.002015085977646436,0.016145962929429603,0.03313447500067146,0.036940287378487646,-0.007925181020927763,0.019230779847790203,-0.021489470822285472,0.028000487522806816,-0.0011798068768243963,0.00975873023687357,-0.0009951776599932405,-0.0015201443770176404,0.006821454419823292,-0.006692410906009472,-0.00415938941415428,0.001755825430563407,0.04443858483424745,-0.0046650657679914165,-0.010954754468143868,0.0045415423272752165,0.0,0.0019256709614401402,-0.0015440518768390366,0.018719371060684775,0.007134447471058403,-0.02482494107400035,0.005651454913708331,0.004641589064063423,0.01221657010257804
2023-07-24,0.004220079888589412,-0.0038958645185543928,0.002887470813007331,-0.004796822230145992,0.011809042505544376,0.0030014526018671273,-0.0037529914305423073,0.005170891880102557,-0.003064410520436822,0.0025551408865533976,-0.009230745755709147,0.019216203998047687,0.020950646484222624,-0.0057661462647665696,-0.010084686067667326,0.00714841659837151,0.000773218000525322,0.01119272040688224,0.012964930942991115,0.006675779365522327,0.003653556206026032,-0.005820943789808242,0.00932619704258486,0.016210558057978774,0.010880680526581088,0.009120291071851305,0.006211280591365664,0.01972405830447732,0.0020452240995560977,0.012954084643394648,0.00820684312501685,-0.006652806984344339,-0.009425145772213095,-0.00010553419593406499,0.012412197671513026,0.012358485587544044,0.013062502732777759,-0.000725092288052509,-0.03695426455408202,0.019455068583866808,0.01258123749833051,0.019803317813114507,0.035733736324996546,0.01447869093273213,0.0034515099130920657,0.004318324915074223,-0.01146396668006866,-0.0010148953660815696,0.019684076833027087,0.0001457488418956654,0.0003202496426510937,-0.005887076500101673,0.004485774989210878,0.0009411251928075348,0.01836529184634772,-0.001015049668272261,-0.0022481816538776345,0.01274504237568852,-0.00900575914697399,-0.000575068196769335,0.0,-0.014493987164580835,0.003898029064284936,0.0004628444059777692,-0.002659085038019038,0.0068384006513566575,0.0035698750006876168,0.026012556415173416,0.00399661654556005,0.0029410063552119947,0.0032040417702603463,0.009980676199709215,0.010593018630786766,-0.004971202277503695,-0.008450559566414828,0.0064322873735884745,-0.00038899527943747625,0.0012030905168305406,-0.001505746194015667,-0.0011577300010441327,0.0011916002287615246,0.013803990454343218,-0.016441672230533277,0.012872485987942994,-0.0037589095058988553,0.009919614518677289,0.011801750683598122,0.01659581000311272,0.011688465883715304,0.03476659075024635,0.004244490108085364,0.0007380286031084538,0.00555262271293544,0.006227704530815448,0.022115728837617032,0.0029515489353368896,0.010008551274172994,0.005872305876648998,0.015689671865764643,0.0029084929255742686
2023-07-25,0.0045135270062612864,-0.010825666251158328,-0.014744538350746184,0.013725262971466812,0.03537477878176776,0.0010924605940845211,-0.0006849156261733436,-0.006140017823590083,0.02160744396040415,-0.0004672543091762682,0.002562125956798944,-0.008106731086226171,-0.015313863433350505,0.010770496729398893,0.01681891992880291,-0.013957548491756788,-0.014831081284058634,-0.005863393535786465,-0.011959672533143006,0.010371192633784831,-0.025032424187898417,0.009004906313020644,0.0002309308437427049,0.012726628192022638,0.0022343169877232505,0.009226156676584774,-0.008289184483181944,0.004572838988119443,0.004268064621446577,0.00845025127846366,-0.008837797094477629,-0.011201068681307214,0.017697474018547377,0.005486973196848766,-0.012873033100400555,0.018628729374379427,-0.027220728890739676,0.06267576239188077,-0.005536902646082975,-0.0351145136285258,0.005595334649645123,-0.011785085143863783,0.004181697383013772,6.157535848272389e-05,0.0017198568365672795,0.0056616405794585045,0.013975325120410886,-0.0010160415312011617,-0.00746837320146132,-0.030983478711141932,-0.003362124457609861,-0.0038750975147009425,-0.005801075281992807,0.004465466976689703,-0.00867123481747456,-0.009989399896313866,0.0022532473632614902,-0.0041948618366834944,0.009807634639559915,0.05332291098658626,-0.003070146785767669,-0.01158205388127398,0.01700909369930903,0.008790346689542927,-0.004321118798570445,0.023917327179761694,-0.001016298353177958,0.017490317957410628,0.002304664389106037,-0.011996630205526437,0.0023465159084119502,-0.015191787969630832,0.008048634229497198,0.007816259329485042,-0.0016156859796180312,-0.1021545358485314,0.001362052000428271,-0.016826734937982257,-0.004660534384581694,0.01118745209879557,0.0010577615778706306,-0.007158882693587443,0.0006192489919052413,-0.010033379597325198,0.00519684194901382,-0.013366708119832094,0.007968560886155274,-0.0010672048195072836,-0.015557071589449634,-0.014048906614123058,0.004423309191772029,-0.00640710523658472,-0.01937984802888415,-0.008515370387106258,-0.009307154989768751,0.007651570087562565,-0.020249872717523765,-0.0008159706426804636,0.0015163864059877241,-0.006887137449825387
2023-07-26,0.004544996378311517,0.0019064183586356975,0.010183382942882346,-0.0034005442047216894,0.009878139420379961,0.009442045668204502,0.0007996158999603598,0.01586244127528702,-0.025752244797428103,-0.0004249130125744127,-0.007589335934878205,0.08724083859775345,0.008087065455333553,0.0030738153751801445,0.005346066704921437,-0.003833631871931864,-0.005645212303697744,0.006387022574562362,0.00849427832230254,-0.014271434486955448,0.05303813275757707,-0.013573463208509495,-0.00900682603722236,0.005594833554116052,0.0017339279568728827,-0.007089443629238246,-0.007824933843186943,-0.007504799005325524,0.006097665801874763,-0.02997777047136574,0.03586231260631112,0.0026860031715385535,0.0041137234175270265,0.002833484678515852,0.010142892979420726,0.0063814470378777965,0.006627440695293085,-0.02082627810986426,-0.0005179652375580934,0.009757525646512999,0.057769398004314576,0.008063228111002019,-0.005465705905746909,0.013717419645428164,-0.006772316445707971,0.005273229271074875,0.007625098124625307,-0.0011623713389278256,0.005993955903306647,-0.007748974654141705,0.012851347011317626,-0.008633176588071279,-0.0029507038707343725,0.0005557270845506501,0.002816038031957513,-0.0020863814560885263,0.016187017003231663,0.018308541576695703,0.013923468197234667,0.02558493854057642,0.002199854126177847,-0.0036268648192695485,-0.03763747501566028,-0.003668884317726051,0.009233665103675737,-0.004969525673710229,-0.020771415264016824,-0.008831417137842301,0.0012540996007974758,0.004047432283563301,0.0010404201959099968,0.018496278500688357,0.017454265708166217,-0.008395234505058413,-0.0010315848266685412,-0.009184662937302468,-0.011562196863787677,0.01803179674960198,0.0066104848148555995,0.0020583822175581634,0.0035664531936621113,0.010462357556939361,-0.0027157536760625822,0.006081198165969859,0.02287527846777282,0.006511905771224846,0.0016041483773212573,0.006130306069443536,0.011852280748120503,-0.0035057022016762307,-0.005734693425418991,0.10415195151111245,-0.0016244100931520622,-0.006661398495915183,0.013168393968607583,0.002920579148316227,0.021108179187407927,0.0035810178933308734,-0.005582983453291113,0.002262973123377643
2023-07-27,-0.006581022008249948,0.04897834086729724,-0.012535130751795465,0.007298365307438104,-0.01277334196284241,-0.015464128254443321,-0.026823361015062552,-0.0032873164568627544,0.009174331636187416,0.0035711972978009765,0.0007803832093540297,0.004080742851326313,-0.014193156699372933,-0.07088871245644668,-0.0007640845869504309,-0.01895952744309526,-0.0422646461795374,-0.0014007725885485378,0.008212281007774047,-7.750144543228199e-05,0.025790492381410735,0.007086652603383037,0.056863189592017305,-0.008987503220881266,-0.007665643763638319,-0.0041338954798542105,-0.0035849788777599922,-0.010412912214662451,-0.02001844050744883,-0.010001143330798157,-0.03624421762187613,-0.0058233194009056355,0.023091171329356452,-0.011720262848798457,-0.10532797262168636,-0.0043304756381767895,0.004389152411485631,0.006101917240522781,-0.008809550025595025,0.017759113112929548,0.0010056302961931607,-0.008530040326343968,-0.007327934816046322,0.000364236924610184,-0.05689988682385927,0.013468356989941865,0.005529523436440531,0.008290841487361034,-0.01102911501524717,-0.011903687249935735,-0.009674773785613655,0.003086470202669833,-0.009209026602080894,0.003545859401288931,-0.01965652851202271,0.011791056861925053,-0.020907070798523386,-0.008432784494126433,0.04400969885030781,-0.012872778274567565,0.0008778164205140992,-0.01745394358034813,-0.02087229785319289,-0.0308401124864629,-0.014913007099389697,0.009856515548431588,0.0077921095894111225,-0.01591092139049688,-0.016022895018364736,-0.016304422963992593,-0.011887650196291566,-0.02124835681573012,-0.006387434346052823,0.014755592816281915,-0.005386195531062343,-0.013094068292877292,-0.009338544224795187,-0.012008680736018795,-0.0031467017272943654,-0.0763988659313064,-0.017044999756044454,-0.01385207298190727,-0.02795400475812848,-0.025520625136777886,-0.004015711701485847,0.0002228638229395674,-0.011096061935717438,-0.02505158882915648,0.004076646980968324,-0.032683938680391544,-0.005452670401196569,-0.024789859314362506,0.011551681750785914,-0.011218870962440342,-0.005626842751000893,-0.02300526733724695,-0.01442714686280333,-0.003630924170269001,0.003140127314414265,-0.007793256435762008
2023-07-28,0.013507964414539941,0.013436249316276294,0.0007101900790125182,-0.010256616098964222,0.006993747134280026,0.0015754156482787884,0.0018765690907092125,-0.007915632754342483,0.01674167989106512,0.0013557318755781367,0.030877245332297854,0.021133700284091006,-0.001564937780042408,0.03364112437061739,0.01906361714254312,0.012714862999249732,0.011197087904204706,0.0014313933282603664,-0.009816145939963716,0.008246247958087372,-0.0247160435794036,-0.002220372538602633,-0.002646178558037726,0.001295671969278045,0.0026522130897912444,-0.01716974398410287,0.009893794409840506,-0.004947921272544731,0.0026237426661717134,-0.003523007733611583,0.018803665718651663,0.009020449833542665,0.009464919271022998,-0.011647688649982113,0.03092090789834634,0.015066743623896928,-0.03423152479860081,-0.008923939176098017,0.0045746605216765435,-0.023607875959216096,0.024574979617908,-0.0036105391856821045,0.006063795332565292,0.005034616979867845,-0.006211440707640126,0.003357417869840118,0.06599130659517627,-0.0018751588135953456,0.005704040573764502,0.0007672492227661643,0.0006406281583977158,0.007670366394601835,0.0008022548401389606,0.0008087839798445184,-0.003903759983318267,-0.003929932698354177,-0.002937522815189997,0.0038510692472089048,0.04417569986819059,0.0062057103337400665,-0.002412023144659936,0.010164529811199419,0.023131526297037297,0.007361537389656059,0.008823219900963686,0.018518617071699994,-0.0035223269626231124,0.0037187885353862082,0.009441464187523119,-0.0035912768859042155,0.02826901652127023,0.01787858998501357,0.013408007946411615,0.028843897717239386,0.0024632917507212415,0.025478606011473337,0.004663589869986717,0.0021272944228323265,-0.006999659542459513,-0.00889604711644032,-0.000401855673469953,0.00978994147950063,0.0035106318928277425,-0.004135037665073393,-0.007507860258742172,0.003717611136818677,0.004627168976980789,0.003267687873433456,-0.009207016847112337,0.04196157931177735,-0.004592098155415392,0.0028867682759345925,0.007345127022622577,0.005587797839887942,0.02869215444985307,0.014306979445328993,0.008083961730424916,0.00471227426324039,-0.011952074008579672,0.005211711364133009
2023-07-31,0.0031659102493013513,-0.008418952258040235,-0.012419052632247296,0.0025352463179328932,-0.016552980610023416,0.010486735675855785,-0.007960767875510144,0.0019946974813036533,0.012747897070443548,-0.009392128055871307,0.011118568090654923,0.0006703408625112761,0.0031347185870933547,-0.03786424269385669,-0.013760473389846872,0.0006905852682104197,0.012701478865857041,0.006146176242788126,0.0052731122341731496,0.0182008902435713,-0.007622054659830013,0.010270495732401574,0.0006633443392436433,0.015440280508196569,-0.0047044150314594635,-0.0009598258017293748,0.0051658020339049315,0.030150337292159657,0.0009345765239119341,0.005829933290298017,-0.019263989243711088,0.032044657076121474,0.01821134148629544,0.002999842155178234,-0.011108716625243265,0.014001594974805798,-0.0037707208049198027,-0.001311283494039639,-0.00936762091521004,0.008409901325376667,0.0010559218819023997,0.007473800338422931,0.024109093031672968,0.007453971346951915,-0.0054307021845235726,0.00508873650991104,-0.02878089111672355,0.00520311139023244,0.00669198643525859,-0.010121047634933378,-0.008802772346213628,-0.008571815528249926,-0.0058573292088996975,-0.003487843665060386,0.0033592270976554595,-0.002822526445032225,-0.005552354627806899,0.0065537598166414135,-0.02113807628028186,-0.0033966101914216784,-0.0015389790116558943,0.0029152191341024203,-0.007240548828792326,0.011786981478168146,0.01629535568013707,-0.00044927781632198016,0.010690655125831006,0.01691369471795312,-0.014975520376758977,-0.00027690089283483044,-0.0007032424264019621,0.010258330097050239,0.01087458905001304,0.020775374641717415,0.0013200757365909865,0.006755060005631197,0.003160609754631283,0.002122422357179854,-0.000138290704389199,0.005992533778488518,-0.0018752870295892787,0.01784475244515127,0.0014486976966716636,0.004844302646585197,0.0050431030857329695,0.010888878350263642,-0.00368464951681835,-0.023476050158163453,-0.0037514649889838214,0.00371562162326855,0.006880083576783047,-0.0032221238786079853,-0.004044926744928401,0.008398745163311405,-0.0012396251037668504,0.001469395816414476,0.00043339646689100064,-0.0003126489316059855,0.02956984084614378,0.005330838516429237
2023-08-01,-0.0042758192101373105,-0.0069528038577097995,-0.007185893331236315,0.014604015309427787,0.00023563717204933,0.0021698733108101997,-0.008378472856800045,0.0016589935614232942,0.02797200092273,-0.008669704614889473,-0.014886223394710907,-0.0035169000427641706,-0.011874919316951726,-0.005085106249273719,-0.019015108421285176,-0.00891924305519387,-0.010612563303627809,0.0008524216326593059,-0.012379504033457667,0.08854661455479373,-0.0058216167120799245,0.001829908092050525,0.0011047520879050587,-0.002888239547540916,-0.009274606909480898,0.011913769123782947,-0.008683435627625968,-0.008309849434199545,-0.02334267556656444,0.008938473465134544,-0.00023531670369669744,0.0015749668037037257,-0.012218980663803336,-0.01570171728939529,-0.021343466915601517,-0.005885553526364218,0.015896970417752287,-0.008928824182618755,-0.006041605752234558,-0.006515412711161295,-0.00881552017656917,0.005198682660597642,0.004861741597467217,-0.005301950299587022,-0.0033482258557839817,-0.0058952263403297955,0.0008385583629981763,0.006901344144017552,-0.004938189996069098,-0.0007746887307861217,-0.0025836150418785397,-0.0032118685335226216,0.010999844293492655,-0.008195753965779318,0.007076247981557815,-0.007264820272395833,-0.0009116979985864804,-0.00238211305800784,0.012900118873107491,-0.008430463109662223,-0.005283910599108821,-0.01284578629419475,0.0012502318399127965,-0.028191990448281024,-0.00896829568097357,-0.004750779687696882,0.005800510646087664,-0.007761793761173474,-0.0034139557178125557,-0.01247925703855568,-0.0003198069285963445,-0.010665707040345085,0.005020060568287743,-0.0006809891508363641,-0.0008112689172351528,0.0004550476976179496,-0.0030521082286993906,-0.005748778112073638,-0.014652964427589121,0.00963209385209618,-0.01194465541107459,-0.004279419862498912,-0.014607854540707121,-0.015151458938716278,0.0009060033481693708,-0.02550001668280122,-0.0018489575075831821,-0.005139573621312232,-0.001737951227452017,-0.023781870118334214,-0.0032190343417122236,-0.0022412146396123545,-0.008710489149526435,0.00862318659114103,-0.0010860494188050795,-0.01907292028269969,-0.00974866960372589,-0.004691566544180348,-0.005781422883737841,-0.00951553086706236
2023-08-02,-0.015489972075828473,0.0056550112055875346,-0.01728024972395381,-0.009938505436978495,-0.002235837412879471,-0.02668862438405517,0.005593208230440849,0.01473996513718867,-0.07015306213473704,-0.007366840056715063,-0.026425663778747666,-0.027855929486326758,-0.01359902433722393,-0.024222130809487874,-0.010084760088062916,-0.020238678394089105,0.0035754435465678025,-0.0030375498056980366,-0.016146024152899896,-0.003741320365416745,0.011465456802259855,0.012717966070314057,-0.004855491719683469,-0.015249547618917503,-0.00561674471644813,-0.0015190679913880123,-0.0007149758117722671,-0.015834900833982868,0.0007648000211881723,-0.006713683107685053,0.011254855102246442,-0.0306637320919515,-0.01936167521768961,0.004123508813637544,0.004591199328665141,-0.012978989011440678,-0.028315810862581503,-0.011040258493631327,0.0,-0.019150083671401363,-0.024097172584586546,-0.018506128106177577,-0.006111673676541973,-0.010750848786586498,-0.002997792975047875,0.005860552874416447,-0.039385418765338076,-0.09253177590605244,-0.011324500072051547,0.003643380773417082,0.0030759574686218816,0.0030677854167486807,-0.006027391667908222,-0.012308984154875469,-0.01775527911591357,-0.004981594982116033,-0.025319316302638617,-0.0011143926239731705,-0.026029467486609947,-0.014923952362749016,-0.013501490636148028,0.003989246366117749,-0.026282973285841615,-0.0251737271324749,-0.017276093071648013,-0.04812177453711275,-0.018658321906397712,-0.01867817800086069,0.007975553451843531,-0.007301438739562349,0.002175727350182788,-0.009672729608035113,-0.027829803107323192,-0.02127479645831587,-0.003024347442199704,-0.02853252237868853,0.00859167781294623,-0.00578219644437139,-0.004348966717807046,-0.01019305584521224,-0.002513095598665527,0.008041143888548152,-0.016829634187534137,0.003496554117368378,-0.016084050868779398,0.004135535917144217,-0.008799518219453795,0.014509514754595054,-0.007022257958997136,-0.02665954157355066,0.00011884004167672657,-0.005615553893393188,-0.011590413313104841,-0.009258516444752396,-0.011272064960974104,-0.003290279426299003,-0.013344954944956022,0.0006913006833753066,-0.012474227720342346,-0.009973292046391302
2023-08-03,-0.007321655235954516,-0.002209192204255639,-0.009943027729247267,-0.002045377295439965,0.0021227928023201947,-0.020118017635494256,-0.029704132388561066,-0.0021217467734325757,0.034750828575979664,0.0012585930367960962,0.005459768439170398,-8.64563576747912e-05,0.00705359920843196,0.000683043232935221,-0.015601895689185796,-0.010133223736646157,-0.00842107378975454,0.007460335143295138,-0.0021593810843894,-0.02128181018360986,-0.012892388790026077,-0.039278326381919304,0.0017742319716815835,-0.005190859485113775,0.009667770409214071,0.010840533258123397,-0.003756657088045845,-0.0003755721462375128,-0.03056933938838846,-0.01530668271624347,-0.0015899034268919143,-0.009385973807088388,0.0036563670606530874,-0.02334357599543424,-0.0034275946707392757,0.012688345042472182,0.004601204336346143,0.0034828678028497873,-0.001982070701822991,-0.012570081613662798,0.000545113892020721,0.005867149230527335,0.016910225708903326,0.004109563784602477,-0.012389831403756157,0.0019420979920963255,0.013957592533736074,-0.02376079824271693,0.006113359100567539,-0.006256242832245573,-0.005164663377715151,-0.011705660839065768,-0.0014266755237299922,-0.012070225847586435,0.007666364521339952,0.004833843358883261,-0.011350367954556462,0.02661362963506697,-0.0035632631635732492,-0.01579280983050102,-0.006058012350106723,0.00028396565623478587,-0.0025648451571438358,-0.0054108851420782145,0.010510619296197232,0.00555691540326575,-0.0100250839382936,0.012038367962026175,-0.006319411224685156,-0.00990083942309794,0.0026184302260034986,-0.008201549244587603,0.013028798260597885,-0.08176693383441924,-0.0003869563454753644,-0.009243915337655673,0.0019582725974351956,0.00811136669752055,-0.03311268685693769,-0.026708873747170236,-0.02423902500181463,0.00398833231307516,0.00382428675322366,-0.01811862524541752,-0.009836703504135902,-0.006065577814164724,0.004789172325103452,-0.009715395500876856,-0.009935704126437517,0.020502958173047814,0.00011888803536019843,-0.0013465954123694779,-0.010089953956647135,0.005051480763547778,-0.005621128118471486,-0.007803195449388123,0.008938515271601055,0.00025111490093632227,0.01738065668035982,0.004592310420028278
2023-08-04,-0.0480199488140175,-0.008856117783834883,0.0010229033060513704,-0.016176331110667297,0.006825916807039478,-0.00518205418158002,-0.009147344911619615,-0.0073602987512524365,0.02359697863843735,0.054529821295905556,0.08269337801006271,0.0,-0.003502129058563619,-0.0004551728121525711,0.0786116990895902,0.00015484578490210232,-0.012085484843429417,-0.01079677609614782,0.000656619992046803,-0.017800735218523323,-0.009758439648285266,-0.003685177604540457,-0.0073056779737051825,-0.011131286046323408,-0.010131119788926779,-0.009783668511417098,0.005925588640249613,-0.0022546908118470377,-0.030153762712042842,0.00023581547398543456,-0.010525991578721472,0.009474905017406332,-0.007103918149908184,-0.010069810871581653,-0.01284119885993773,-0.01435186836875213,-0.016030619163936666,0.006230254179592887,0.04170528616875724,-0.00948011250766323,-0.0026469185408909413,0.00016999553490459895,-0.003527341783230442,-0.010368221361902963,-0.006823778460310015,-0.0014535529202144293,0.011368593640535218,0.0116054587604848,-0.002110513065105124,-0.006917475045442156,-0.015087621938646545,0.0007345562135305794,-0.004911667953423127,-0.01587864686795648,-0.004223820183676841,-0.013744869833286821,-0.005325908069766849,-0.013815655300947194,-0.007854739404002387,-0.01567319684597923,-0.006772073120895894,-0.006904381466886433,0.003428587338489386,0.010633023001280106,0.0015648452396173074,0.0037066878230791467,-0.0009602567655521144,0.0210577262874867,-0.013467241597953317,0.0005712087212632611,-0.010955555638476056,-0.011727564433693383,0.0006338675071682065,0.02358889916400253,-0.008676677099991204,-0.0014175160072308346,-0.016124231715708537,-0.01442242626185597,-0.011366900295329052,0.008130755406839052,-0.009559611817861358,0.0019179411317442607,0.02935209916797299,-0.0063874821093526934,-0.010148426208711148,-0.0015067163564945751,-0.006626265262528852,0.0004742445502421422,-0.0044273963188236065,-0.02105509239416581,-0.004219091931325192,-0.0059159108102804225,-0.0030853616103851955,0.0009632381485051855,0.0102708046961979,-0.01330912747513091,-0.006644692375011085,-0.005776616583363481,0.002800501203600758,-0.009364340255269443
2023-08-07,-0.017253753165554664,0.017599793215855808,0.007431469019032244,0.0124036095094473,0.019404004536204722,0.010666239114761611,-0.0044314130509842675,0.020102273005309312,0.008547728081316652,0.03970724356876043,0.01898684357254843,0.029780426052350872,0.018530366058008063,-0.00865203938910164,0.058713911380789297,0.003196002978032464,-0.00033069710402355845,0.03597244689615153,0.00262546283980325,0.018846766033363993,0.01045190589572953,0.01828438123939269,0.01360405679505905,0.0067715870569891035,0.011539061549090235,0.007220259082491465,-0.025883501610083348,0.0036407204190951337,-0.0014225894383480542,0.017144608966066954,0.0034153253444426657,0.00614141644846411,0.018528651721487988,0.002235651856015375,0.018583003623775296,-0.01671807469150066,0.0038788742455668768,0.014770886551185969,0.025292248106734805,0.014219413931829461,0.026695730473482726,0.006624721069372175,0.0010114508723075843,0.008393899628272417,0.002061274077091557,0.013449585163736844,0.0025610891052390006,-0.003027444257652556,0.004742808074148952,0.00633961033447572,0.007906470605388183,0.010211634018830518,0.009108875082344037,0.0008067071170183571,0.014105060090151111,0.015260242113562361,0.008091255519805385,0.018568553602933857,0.01876223945007016,-0.0026538855951709905,0.002727318775128884,0.010380931940657812,0.007108479843860538,-0.009542364237846712,0.01534783558736752,0.016495014096798544,0.014505528350748254,0.005982272111992648,0.012405114691967922,0.018846509857728178,0.01056157145627723,0.00715037212748304,0.008689522947785022,-0.01777772326187388,0.012307094470116464,0.010881197842271817,0.010528392092693739,0.016173778936252603,0.0026532766796960594,0.009151102804695332,0.003240659292890413,0.01039097245476861,0.009023276515126577,0.0007143413841095292,0.006642583473128072,-0.004451980358215035,0.009830284921648502,0.0057414524121623955,0.00871616370500039,-0.009493435973824349,0.015933100661422728,0.005119708472517415,0.00668713402918697,0.010544337649661228,0.01891393475483616,-0.0027591332890999354,0.004682486270976893,0.013578387227607402,-0.0020480861835269204,0.005656819462626306
2023-08-08,0.005311639505923393,-0.004722992165174911,-0.026463710765356585,-0.0022793414070564344,-0.008829350160644012,-0.0024052890743565536,-0.0007418225606203865,-0.006622566114850126,-0.030648011955178522,0.03107443801226606,-0.016031491771390738,-0.0008814552523281893,-0.019134300729468978,-0.01768496210923498,-0.005254301655059357,-0.02185108454720297,-0.005126508684611397,0.0031717812804135104,-0.0146192158872267,0.004402847801319387,-0.00955552776380486,0.001130918443543072,-0.001100222134184814,0.009696023161207767,-0.004101093572226766,0.0009432437313736663,-0.007146950761159565,-0.001501093244392404,0.0026457155811174804,-0.001970725421211017,0.013496349652953876,0.014971666330727107,-0.009185901480924241,0.02754844590948613,-0.007525555492757685,0.0060330286027105995,-0.00463668059884581,-0.0102850064355966,-0.007313617013023577,-0.006740472430221023,-0.0009884677979804524,-0.020530937367245428,0.004799112429524355,-0.004131606343057759,-0.01028483551751802,-0.0018468954625090461,-0.005960755716023836,-0.01901867334019225,-0.005613755126675279,-0.008088511026720258,-0.0044124777377225755,0.1486962987283662,-0.0006892159464602088,-0.01070301130969964,-0.009272583052290617,-0.00624550311336769,-0.029272967561012164,-0.010595311228050686,-0.012383020809290324,-0.0105483310334622,0.002719800709328757,0.0030163204427120505,-0.012298971021764249,-0.015810382099023745,-0.0071504989230080085,-0.016579633521237924,-0.007493521550792526,-0.0023473353367478023,-0.013109291681977164,-0.0011209956489098838,0.0010835722913442591,-0.017749140562425825,0.011127064464725889,-0.014077463079432362,-0.0028820286358585134,0.008658071964093184,-0.010222176760434687,-0.006821276488115813,0.011614260695656409,-0.009913409685874286,0.0063905112817364,-0.015832147913964145,-0.013763511654810379,0.012134154777329043,-0.014488682950117626,-0.007275983026867161,0.0033608789522827642,0.007230997414332974,-0.013167153270314258,-0.006959634206558429,-0.009554891110794439,-0.004658221456325773,-0.008783875632912719,-0.009192131340418963,0.01585584526910977,0.0012297476877169977,-0.01287171098393114,0.0009969483671417034,0.004944079739887641,-0.007179289963362923
2023-08-09,-0.008954393661353532,0.007686305363503676,-0.002652001945958715,-0.011486568063110214,-0.006825542701734411,0.007577663619038333,0.009001199896517598,-0.018861731266703874,-0.02437518373579961,-0.00567468622475753,-0.01493494570121734,-0.000756144685170157,-0.013111495823033725,0.004910149386140095,-0.006605782259057835,-0.007015919943317628,0.007646311598888733,-0.01569851758223728,-0.01594355251026236,0.0057970710001591375,-0.0003979353701020205,-0.013075558559029976,-0.002643264201694362,0.007353653992988374,0.006437565687130498,-0.0013192968054814846,-0.01495008621814542,0.0013154697369461843,0.008524379267429216,0.013079036315988057,-0.011618347916966365,-0.0072620496274675705,0.009634763259162682,0.00748944381675698,0.00344649633906835,0.01876955881532405,-0.011646155878665243,-0.012153340568223703,0.00112391975996462,-0.01574382830475951,-0.01324177225617218,-0.015993877681826696,0.017093955890126633,0.001220099681181308,0.008473329604152813,-0.012201106750840962,-0.02113083807015137,-0.012870641534515004,-0.013407669259519972,0.0021169506855700515,0.002298143065795566,0.00887665608128163,0.0074309042043558815,-0.0057490235186097305,0.0012209508580218742,-0.00466201464385807,0.008511845177527455,-0.013700675292398268,-0.023765433188460583,-0.00393759037618191,-0.0033905792016676317,-0.0029133013160748122,-0.01171585767076433,0.001757136035493323,0.0,-0.047241790557042695,-0.01848497796511961,0.0009411679064941225,-0.00249410059032118,0.005611502474317298,-0.0012732984487389132,-0.020761349529440087,0.015441850196107332,-0.00926392119775088,-0.00553652895697998,0.018095297547886968,-0.007745851131055748,-0.0035100738869476844,0.0055223217697741855,0.002975486488317358,0.0033493242518261024,-0.006874659449223275,-0.0011687011925699542,0.006346940663609635,-0.012299742564055638,-0.0029010777245481734,-0.0003131128463934596,-0.014753925039801663,-0.0035142279787943043,-0.03007606967809695,-0.007413073278131677,0.002711754102842079,-0.006535450074037996,0.001964213015916094,0.01987213007923816,0.004298302666873921,-0.017086420749183873,0.0016184458114458788,0.016986923426382194,-0.006411316901529407
2023-08-10,-0.0012348346011780142,0.004443747100863593,-0.005318256921050701,-0.003595025912991545,0.0005825148536577895,0.016066773538546464,0.0045843310223037115,0.0013258094538226572,-0.0021725161683491256,0.01056607414561861,0.005150463718840648,0.0016816358171107826,0.0025922493371901556,0.00023276287954598907,0.005782201435453604,0.007108941913492206,0.011052445831644997,-0.002904804366395397,-0.002250138334875862,-0.002495331628880826,0.003034862297119467,0.0020116546792574574,0.014355078704153534,-0.005238799756938528,0.003198306981559318,0.007171130446158358,-0.021735079794332535,0.006067941347889461,0.003823594410488962,-0.0034854918117470657,0.005154988127982207,0.04880569076178154,0.00792213558123267,0.0009696873336910716,-0.008701461470083216,0.0018346991567135262,-0.04477599643613972,0.01248101035742355,-0.0021203954886733767,-0.05791484483350229,0.00023140686624500972,-0.006682353563876808,-0.0024715106449992863,0.003625827288750161,0.002815924156614802,0.00533359089104235,0.011668645892638496,-0.01534904469003473,-0.0014955655188624295,-0.0002345996646121451,-0.0022928737139691346,-0.009292502912676248,-0.006095321297713174,0.005554542737393975,0.008814430785391458,-0.002185774988728628,0.002170117092711976,0.00047897771159588487,0.0017364517334228502,0.0018319044685963792,-0.0038557562777657983,-0.004995319461752801,0.0021722788911555657,-0.0017540539241349684,-0.006017066489672818,-0.003900822194405573,-0.00097249886288997,-0.0012537310645823752,-0.0012502559611904385,-0.0033480902655561584,-0.004971619794561288,0.005810785082664971,0.0021849496034023197,-0.00823540692502922,-0.0011871097146533005,-0.01765975361769756,0.02283950705758464,-0.007687740523099618,0.0031798165366461184,0.0003868896000227551,-0.005494114804420858,0.012460045578677192,0.003581863033282451,-0.007007736541734255,-0.005231796618287654,0.0024501500937157417,-0.0002319278068706465,-0.0005478581111340031,-0.002092309770914902,0.013006292021680244,0.0027285290622409697,0.004580250915686923,0.0056307905563088845,0.0035518186818233044,0.006793568104209724,0.009477409346519305,-0.0011436713657833053,-0.0004989904965718717,0.005111460169131332,0.008178243284115538
2023-08-11,0.0003377162064774897,0.0048863231613465175,0.005442066726710104,-0.0043814756665601085,-0.01257283079535465,-0.00048058658992533587,0.0003698955045199348,0.0018205660722481198,-0.02413139418581045,0.0017171741809600682,-0.0010825194798443905,-0.010660594916029553,0.011312163948078213,0.005815110459348682,-0.005261954487057019,-0.0020086798736492772,-0.0009790068740417324,0.0038377362177850483,0.005187162553180968,0.004932609493041307,0.0007936234673078246,0.002076757831831255,0.002177273411932301,0.017093934230831165,0.002617861935592991,0.00786965182825572,0.0038307238737149696,0.020642580423613,-0.0058139194467646815,0.0011505242165570362,-0.0076152287315864875,-0.029860608240412034,-0.009467739934355679,0.009794255337004287,0.0279511104833281,0.009767203894754939,-0.0016446410155356306,0.009069392150887756,0.0,-0.007904202269682692,-0.001002491688362639,0.0009694603115575351,0.0084242501713514,0.0051912886916440915,0.010225614161864849,-0.0009074565148995406,0.006055288731720898,-0.004525653500935811,0.005795730207172944,0.0014086283690486479,0.004103727836775484,0.013311904712242528,0.008887912240359341,0.012813566179064706,-0.005438855172032575,0.0035464258631934253,0.0039702409018880225,0.015799589494914112,-0.013410029311561433,0.006256097261338356,-0.004325978035193412,0.01771336064805662,-0.0059455629183100545,0.00878517646916599,-0.008621413553752566,-0.03616585253496474,0.0006195406303262097,0.03310822799426427,0.0015784402883374238,0.008958389348562301,0.005829355814344961,0.014443005709566803,0.017179831835207215,-0.008649791937214824,0.002315518115022508,0.007190909273899093,-0.0065906979608305605,-0.00712738518839473,0.0012965134765738906,-0.000309487746703363,0.009440727643783786,0.0075207632452580775,-0.003180375099342214,0.014114308417895849,-0.01451864533460867,0.0009929579657865784,-0.0035963473014025693,-0.006395218973656025,-0.0004790747758479652,-0.01096438608281991,0.008997400088172958,-0.0035171774416845603,-0.011971371693007216,-0.0004997311117577174,0.0311434462376452,0.010296697439565516,0.0013738861095413668,0.00586541084823522,0.015528517206462755,-0.0012650803866377514
2023-08-14,0.009393208256547991,0.0005914887502695976,0.007501738636754851,0.008607067568150217,0.001414821807473432,0.01692627861142082,-0.013685070491504248,-0.01172964931814402,0.04099659453956073,-0.005866435624690469,0.015605834874352187,0.004199921466304213,-0.011505168554210021,-0.009944456140682179,0.008764277919691477,-0.0038527956376076533,0.006369476675850194,0.00036278744411388786,-0.010545174167510662,-0.002384007092906426,-0.0004956794450250435,0.001140050635112022,0.011514269074475392,-0.0010185678935417108,-0.0026466651581930067,0.001673218604893112,-0.007822993830062241,-0.0007309186280933799,-0.012099177108216952,0.005907138805024248,0.006890653613117914,-0.0023590002988986836,-0.0012622751667250576,-0.010978364947462405,-0.010561857454362111,-0.006423232915180321,0.004942227256061971,0.00828963377960057,-0.0018752422994361417,0.005311298088636729,0.013661532300732526,-0.008775174737318814,-0.009582391791276179,-0.0035033809696229934,-0.006083812675801381,-0.00845456864312577,0.022642694899557503,0.0005051067865187164,0.002071859430974543,-0.004141896120398725,-0.004740884840198856,0.020582295674950846,-0.008743467107584113,0.00983503520613671,0.009114226059690589,0.0006584599880072872,-0.0034751963169005196,-0.0012569308752012898,0.015084205024429309,-0.010808254014644691,-0.004573562571912881,0.013682182666484355,0.009439026167188835,-0.01816382444449216,-0.00416320731573816,0.07093371200620324,0.02220054218485812,-0.011087306871337077,-0.0022822059063891675,0.0008323197885331535,-0.007833575592754105,-0.020470990647644904,-0.016889670142408608,-0.005147993397553896,0.014516163997916776,-0.0046061264121526335,0.00019810799032682347,-0.03589274737800641,-0.009640158008723643,0.00257949044845307,-0.012677626812354403,-0.031758955051893745,0.009499937338263598,-0.007654845416446343,0.003157157468108185,-0.012438042502549096,0.003725737151079933,-0.0063260662829262015,-0.0035359932346851197,-0.011910156448968756,0.005747966784669822,0.0013507613947942865,-0.00628482638385508,0.011914798510756386,-0.018409412695791327,0.005995241524206607,0.00022868198651382343,-0.007444203543252925,0.0008047435839406702,0.004396577345336272
2023-08-15,-0.011200359590041287,-0.0009850906289732286,-0.010933145345260131,-0.01382689870756093,-0.024381618680789696,-0.009220715848483718,-0.011250118419366184,-0.01738554482125343,-0.005626048079355517,0.01931244428450052,-0.020630355012962953,-0.018799425798717406,-0.0320078528657437,-0.010745309751031051,-0.01044111270733461,-0.029021657908376297,0.002109676311291331,-0.011102462799466695,-0.020181331168192318,-0.025198587747173096,-0.01140480812607314,-0.0018977397740208568,0.01009440850398291,-0.014251521639919718,-0.005271868799730628,-0.009836789843275073,-0.02596154854522381,-0.029201980288595775,-0.024290580472985823,-0.013618582535050328,-0.007582153376358591,-0.019704906467442274,-0.03340561495076433,-0.014549040619867504,-0.01022026531376774,-0.017797421047537898,-0.018032789186133602,-0.014712162959225061,-0.002629761359030147,-0.02260042615802338,-0.01180216087320296,-0.01637367825228675,-0.02034229149249367,0.006637316692685857,-0.00902319393288753,-0.00028174924997304007,-0.025504495546847084,-0.004880478592816262,-0.025457077286749064,-0.007298168852560516,-0.006734532987765274,0.016022240952437095,-0.014441858093547144,-0.009075260193968537,-0.010361664618010025,-0.0017658939816262986,-0.00384812584756411,-0.02689946911794172,-0.013847652688433354,-0.02204601058701061,-0.010567281828348873,-0.0022955294921988,-0.006727696551300122,-0.02508843841858477,-0.010126403880681756,0.00427388974650289,0.014882773162400387,-0.023959536914601287,-0.01236237362419712,-0.018852152728127014,-0.006418805921395987,-0.02891262168661357,-0.010813640671927471,-0.020522630360716998,-0.0028213278696181954,-0.009023620450371417,-0.009603043740052053,-0.013110958482343782,-0.015255007895609296,-0.004219426081294109,-0.01740123618113465,-0.02495084754406196,0.00024578136183794896,-0.00841506290779137,-0.02240383756959219,-0.02548314611507796,-0.005103997090811108,-0.010937677543576219,-0.016779934364192672,-0.028361644764614224,-0.008298597560762344,-0.018537940867835556,-0.012819544048513709,-0.01263898139383035,-0.03926732728369209,-0.008939397257018422,-0.023090873908222842,-0.005124939151000318,-0.02567348689366855,-0.015357196596449296
2023-08-16,-0.0049590515098294485,-0.0037470779618643535,-0.003907033514814584,0.0007808501390671463,-0.0031542358700663575,-0.02806283070237625,0.0011378738503287078,-0.002892091200675573,-0.037359641578097236,-0.003721517543881947,-0.018885675014943426,-0.009945740175782869,-0.021710052405786606,-0.006375253169666251,-0.0016278117133348147,-0.0008620932920543334,-0.013279241281928034,-0.0011001823651269893,-0.01319154357386254,-0.010311049097677438,0.013341976154502388,-0.0011407000810234047,-0.014671273869113044,-0.007531860978447047,0.0009668569918084291,-0.007310187246010735,-0.01263577579676689,-0.00383068486315008,0.005857687265312883,-0.0179298499976972,-0.009559976874236487,-0.008155427488582223,-0.003922964637723014,0.0028433969878749465,-0.014915252761509401,-0.004181440586688456,-0.014190250009714855,-0.002459486017788892,-0.02059280570710631,-0.014414326531345667,-0.008321880995790454,-0.009331571417709239,-0.005064637445415743,0.00267961172502873,-0.00697553983206034,-0.008669861783694,-0.035662997877255576,0.002536705986749599,-0.0042431701191671944,-0.0011857240978686567,0.00016527484927975067,-0.0006951228274028054,0.003494390494496402,-0.007549939635432157,-0.00020299810297996768,-0.010058918000727446,-0.015330513802812473,-0.003233125570548223,-0.025368393860041416,-0.0034606914864862004,-0.007429957967607814,0.0006442418560068663,-0.0024284218199265295,-0.0046790633485229716,-0.00018762388353288362,-0.010332147618191012,-0.016625472028589217,-0.015735540974211593,-0.0007720194205774744,0.0025431739782231233,-0.010207430035273357,-0.007038863131091144,-0.0014106124491153338,-0.013699826136483462,0.0016775027317275093,-0.006070432143169158,-0.010595712461332174,-0.008528717241121586,0.004868646534880394,-0.0007750787512955659,0.008997606020887394,-0.01049462152689773,-0.011409298560892345,-0.0028288506159355187,-0.007817910209589884,0.029588153651535443,0.04127332581605181,-0.010403757467776664,0.011561077047521184,-0.03159340830287438,-0.006177434911492696,-0.004079016034175487,-0.014544780724631945,-0.0022516268274116458,-0.0015251619781043724,0.00030085073507524207,-0.0119354423623379,0.0005026268550658575,-0.016826830418385508,-0.008740294045873176
2023-08-17,-0.014555303039469836,-0.010095618961036501,0.0038267167193448692,-0.006501130230898267,0.004502900972295887,-0.024306393796202475,-0.005177357849381559,-0.009384079622493768,-0.02565537771587645,0.0036517008717071864,-0.008069975106044458,-0.023526869901751235,-0.000341357208394677,-0.007842224336534143,-0.026066057307524648,0.002618081404286432,0.020022910331921384,-0.002598014594936915,-0.004221263530115538,0.002404201986241361,-0.009849911926393617,-0.06378047332040948,-0.002158009212184231,0.018231065416680403,-0.021357632598025034,0.03342144240940326,0.008398362106754709,0.016738915904371154,0.00020800340164095488,-0.011275273540041542,0.00011861193558693195,-0.004979627374104401,0.010127476656910384,0.0002758264533930799,0.0004660693760194512,0.008786833667411287,0.001693381350078127,-0.022981312871801385,-0.019230751149111436,0.003046736035734021,0.009479471311060417,-0.004831266154433966,-0.0005090217176557665,-0.01726563890904287,-0.0027348219116355432,0.00014203227005227248,-0.028332703689420313,-0.002024176399012978,-0.01038669414520943,0.003878130927934764,0.0021496150144817427,-0.01570740785219149,0.003482150395470285,-0.01800593310324272,-0.004437468502323516,-0.012403670599685501,-0.00012264753695589992,0.0029192707490042213,-0.03126163321146491,0.010020928448307709,-0.00421054587612002,0.001747298905051542,-0.010986295240534183,0.009663120929784608,-0.013892890587599238,-0.003265406717974817,-0.003988133428615703,0.009752214069598919,-0.0152309859094788,0.02903055868078197,-0.007179616597953298,0.006273861352428023,0.01220811666668098,-0.000635549704074645,-0.01797678824783,0.007096329408372126,-0.024348547367491924,-0.011248931033016052,0.002055638378331004,-0.0061280557753347065,0.002972533216949902,-0.00770001558549982,-0.013067475628203984,-0.006382951627257549,-0.007915593347836758,0.01056302935374065,-0.011420906198585268,0.01340604582013949,-0.011852342937295424,-0.028280162722535862,-0.019064257628785275,-0.0010684739247518449,0.0,-0.008023800827128502,0.008248028323040835,-0.006312025747195804,0.005921425595388996,-0.022416186407817063,0.0193717500945203,-0.012465836402723363
2023-08-18,0.002816269861566356,0.0007998275012532918,-0.01162686535053492,-0.008833900482770662,0.0035134825434737227,0.004932036953147589,0.003046483646487408,-0.0018944994723937292,0.009670571459461375,-0.007693835899862167,-0.005672447612115605,0.00939699239975833,-0.005806078971036577,0.0009580977961640702,-0.017232896137246434,-0.005563830967829975,-0.0014481565095447735,-0.0017837562741233048,-0.004945858748654164,-0.004978760464167453,-0.0006999683623053476,0.02025639338055485,-0.010380811365678588,0.004797350626546848,-0.003966463342560678,0.005664249231668306,0.006543723146752223,0.007198676613711763,0.007070037628032821,-0.05281993501737203,-0.0055770510379200555,0.0004655581785466545,0.00297077601089768,0.005512594508196189,0.0009312443666571468,0.006937476736344594,0.01098914022466424,0.007480239297360969,-0.008104594378819052,0.006075317363361199,-0.018934793373176384,-0.007907799796864401,0.0033104773146315214,0.00027486227666218,0.003226111247874641,0.005332262539977428,0.0052177583781449766,0.0021973278423597087,0.0022873892127843742,0.011037413233342175,0.005609551106466437,0.016311363842247184,0.007566824265278882,0.005500885069948058,-0.0011459990004608622,-0.00042573655300270907,-0.0004906503248773841,0.006791675478631021,-0.006454070592324723,-0.0028912664000485533,0.007986859418418923,0.0025707427147814155,-0.0012622509801514248,-0.011898413029307275,-0.0022846071073742147,-0.0010382021403342323,0.013753465976194423,0.01440776330787541,-0.001513032732239572,0.004108482018180926,0.0028268079699391713,-0.0024290602794350136,0.005722477937413206,0.00018169082213614907,-0.00491042557950494,0.00763348926946783,0.006834493490980087,-0.0041827246090409,0.003848830592587893,-0.00619176724192072,-0.002046478167898269,-0.005124508311750375,-7.192461674732087e-05,0.0028550996766723014,-0.0010950987228219855,0.008454526986380051,0.013931261471686884,-0.006679525376726114,-0.005752347872450381,-0.017014851321818125,0.009069557949426876,0.003921951767140497,0.0029284920366512424,0.0033703091589261103,0.011816484642510838,0.003629708862877168,0.0007063059869714117,0.01438753154469219,0.015129247655644384,-0.006157673918814055
2023-08-21,0.007736844061762893,0.00013328755086750022,0.0015428954982763532,0.0117844642002769,-0.0038633589705995286,0.011718808506163914,-0.005821299143689451,-0.0027611145314516694,0.026268414913473537,-0.004277617190990957,0.01095925117625085,0.0025149231836250063,0.0013741467847983024,0.005742988545826666,-0.0021024305656428544,0.0019993340306081464,-0.002417050069589477,-0.0013331098932317653,-0.004260324145711869,-0.0038350140772561714,0.0007504355576466448,0.019021298721192403,0.0021854500686795397,-0.0006820734324193278,-0.0031744840898941806,0.0072674186056349566,-0.010835302027905058,-0.0033561713612100252,-0.006400902570337097,-0.01569179698475931,-0.004932229211899286,-0.0009306830699782331,0.0027765219325128765,-0.017214896500030608,0.0011630873763643912,-0.0019904067625463595,0.0008361163611971811,0.002057230791018716,0.0007908245452006302,0.004529295706601655,0.007139495989160638,-0.008832641333514246,-0.010152412714294345,-0.010110828058472854,0.0019831644726533426,0.006152216506480235,0.011908471221362404,-0.007421174102510086,0.0034236274744554596,-0.012008616901124425,-0.008531560661757531,0.006624749223652415,0.00317729020667179,-0.00802381707243971,0.0026264075586068802,-0.006033836659025238,0.001104207526726908,-0.004979106839517855,0.023477489386769745,-0.008199133458292374,-0.004194845891404286,0.004029359076791028,0.017062558683453855,0.0013085001975778887,-0.0186051156482685,0.08471331178962616,0.0011163219975629524,-0.005306627579903744,-0.006341857389679295,0.009547043813157075,-0.00504789961829355,-0.002191503775184067,-0.007965687866760218,0.005268004680046845,0.0034067842431073636,-0.0032634422686217412,-0.007919423175897444,-0.0020162692613959754,-0.0029493607322105264,-0.009214547564596498,0.0055859075834996386,-0.007799795469666249,-0.006009264869724973,0.0035586953174617797,0.0045418981319391705,-0.026065077649704116,0.0011173260165948662,-0.00022546914171950316,-0.005354771720541107,0.073274828918382,-0.0015247529212059074,-0.005726677431371452,-0.016059340087388296,0.005416347620881945,-0.018116500871141805,-0.005424872586209495,-0.00023530029370966155,-0.002659307706132097,-0.012086592057442891,-0.0024783425414229843
2023-08-22,0.007904892340946823,-0.012786489772590892,0.01232301320387208,0.007797244816380333,-0.021088559903663318,-0.007128019062231816,0.000763727937450609,-0.007786758933065574,-0.023655493713892195,-0.011814519029176296,-0.0031926989840012077,0.012542936749425415,-0.024356742316940294,-0.009992912618520311,0.007172284515471805,-0.008561682172416485,-0.0008075463482084544,-0.004317046861544993,-0.024958444801928437,-0.009349133246567054,-0.004748855906641536,-0.004230919534907507,-0.006323536884051517,-0.009043488096450836,-0.008910102219656713,0.0003606875649317942,-0.016530520133080095,-0.008231488429634726,-0.006650055256724019,-0.014278769131964242,-0.0018788248161629717,-0.0010479263523259785,-0.007014789236172603,-0.000446377248382257,0.005343802734442349,-0.008667476681175734,-0.00835426795348193,-0.0032135600687110966,0.005399089446220806,-0.010219537510509857,0.005530868550236212,-0.010153366915129136,-0.01076904379745236,0.0012960918737912053,-0.005028100764002508,-0.005552225743602035,-0.00754376125864642,-0.0033983224143735447,-0.020738631735231605,0.009865756898455924,-0.006122746007075519,0.006563216932393479,0.0032117161045857046,0.037455954778253586,0.011800577462887984,0.0009639623416586307,0.02585475004501636,-0.01016952102478419,-0.007933784056344262,-0.0068556255565223045,0.0009362640204633177,-0.021980954007697173,0.0018019626806038413,0.009150364928578236,-0.013610707371738084,-0.027657694995692927,-0.0004288552714452054,-0.012866767385443678,-0.007624983906909022,-0.0045931641709983095,0.0003953899410713557,-0.0318067414942782,-0.003441349173120445,-0.010932453683290988,0.0032511179761327558,-0.002221547578613925,-0.004043050388724545,-0.049494950423860096,0.0017748987861971877,0.013369204570311766,0.0026719884593540133,-0.023286904065230485,-0.0027512050568057056,0.011347427941304167,-0.003975630798513485,-0.02230222767331136,-0.005802481214335686,-0.009788397255823922,-0.010272293776408814,0.008258403978685713,-0.010729765699678984,-0.006965306687455097,-0.00967413987566923,0.0046355742895236585,-0.0020585482866338767,0.006060578832451258,-0.023299557598606024,-0.0031743543839022337,-0.0056112809972898026,0.0050465084745596744
2023-08-23,0.02194895318789336,-0.007824867769818611,-0.0001902300878918739,0.020848331365403316,0.0044571794324896885,0.018845342231478934,0.01030276817946807,0.004883078210739633,0.035680451565405,-0.0010091732596984038,0.009459994580714559,-0.006476313494719554,0.00035162983134928716,-0.004806414761710287,0.008025702546054392,0.01941892031671877,-0.0048495953286579185,0.010525722007911575,0.0014629201062030806,0.010473752985029394,0.01094934101122913,0.006284048847255974,-0.0024140266837646696,-0.002927314880837084,0.004625124880246911,0.009376235496767915,-0.006075239830262147,0.0013206238792435876,0.0,0.023545571055708203,0.02066490693297318,0.0004662636338672588,-0.007250513570218997,0.008371569097298082,0.014559886976077463,-0.002708253960929774,0.007582193777312396,0.016209947501712563,0.009037215409736232,0.01913159424052102,0.025488129124904058,0.011104469705825792,0.003628725352920137,0.004961822836979435,0.0057523459670243415,0.013569678257525863,0.03314081956244319,0.01091206482467233,0.0067630004125545096,0.005939866211590816,0.0034963407061827656,-0.0005418559199986683,0.0035987886297967897,0.0064232899653631215,0.008093747505457882,0.005565406457069377,-0.0004777015762992276,0.0066862650362000675,0.02308752679941195,0.011572514280750346,0.008183228370010953,0.03795569271468091,0.014079214777527271,0.015285170897077816,-0.026709901193076924,0.031707067770068154,0.011154887123261625,-0.01732634775158337,0.013773451314767371,-0.004886037917139374,0.009352542593467073,0.0032767615289321927,-0.006020815727362683,0.015529269524445777,0.011280337313909872,0.008320514308866489,-0.00926415622185739,0.0276301713318996,-0.002657512187426936,0.021353705363021946,0.007854037682164083,0.02581612521405585,0.0017424443280360524,-0.00701250304159573,0.009391745725022771,-0.01384673766332245,0.01021336604714751,0.03451280388586597,0.00618968679618348,0.01573823118710882,-0.005890214907790181,0.0032373441638975375,0.012105968043148119,0.007191214950213132,-0.011612943737696613,-0.00030126495686666477,0.0026505762238682173,0.006942121911740928,-0.008788078751696182,-0.0003862062608455119
2023-08-24,-0.026170539746325328,-0.003059773018959211,-0.01312650298578899,-0.0038053524549850337,-0.009860781272862607,0.020747726954886803,-0.007553933891980669,0.008156848892850288,-0.06972491302329908,-0.0028753691643730317,-0.027154721211281152,-0.0493044193813188,0.005975394985702875,0.00120726197855614,-0.023291517058265154,-0.008264804908703294,-0.0045485482369309604,0.00011284939378342074,0.0,-0.013661534005579234,-0.0005465980890738686,0.001951453097539746,-0.004839205443225247,-0.008721180619895907,-0.015060001339143758,-0.013219003708630384,0.011613645458024457,-0.008226164799816083,0.005648552729659473,-0.0193770554680065,-0.005100963982926809,-0.03914717210481877,0.0026217818042193475,-0.0038742743587866224,-0.01731228094375059,-0.02490490555830971,-0.01755862254840468,-0.021415315329264772,-0.009216055631847686,-0.020262340711786453,-0.019566298339661836,-0.0073527189931997805,-0.012396667614547607,-0.01073323382499991,-0.010262855084432365,0.0009762568015569961,-0.04090639978459387,-0.015516982155741377,-0.0009498240384543388,-0.0013209235850192291,-0.0026545750046446104,-0.009686274042294163,-0.004443884046268387,-0.018574853189384122,-0.008452516816124134,0.0017029985046732588,-0.03130996473660308,0.008747816426013966,-0.025455304828004732,-0.011540409080921799,0.0064934453498031175,-0.01662171912411392,-0.021498333635582068,-0.003317244324553492,-0.011341860249872493,0.0009974532659970947,-0.04183637755812053,-0.00760279641395778,-0.005277414986167961,-0.013638829028218669,-0.0046329415138918195,-0.014571769755390429,0.0011579547640061527,-0.02392723588581236,-0.00884245367978076,-0.010343923297676527,-0.0036771865265836645,-0.0031023593654138093,-0.001776654030071545,-0.012023585293243877,-0.015029242789326047,0.00296085495844034,-0.00913169589553986,-0.0007062696876032337,-0.010932677456945483,0.0072234781751674415,-0.01888698322753668,-0.013260260066463858,0.005654742259780354,-0.02879341090367582,-0.0027378520149216046,-0.0027338805833908575,-0.011132220030337314,-0.011679898062452843,0.0006958826777085925,0.0057245938656789175,-0.004325996700404233,-0.00765342534430391,-0.007466234201350175,0.0010820392762815878
2023-08-25,0.012642987412088136,0.0004092145302501127,0.004433573613174868,0.014706754003701805,0.006224590672415209,0.0350910443492376,0.006342772755680626,-0.00413148636508609,0.00442040210954997,-0.0009351218963288277,0.010770617478674804,0.028070526768428472,-0.004193019825627697,0.0016884956736582524,0.005326524237830199,0.004159505508354089,0.013054925830300101,0.004600634882790278,0.003894668392216083,0.012105356818442603,0.0022866777144476824,-0.011155303300370067,0.005083892047269112,0.014982407869586822,0.004325674853361328,0.008327304962112647,0.005840656643950837,0.007471133834442867,0.00936131845859034,0.009233276332401896,0.00776951034326534,0.010791749944580209,0.00821814804270904,0.006556261416588605,0.010431390449830769,0.01113935855392234,0.013617047864462828,0.008375267193331704,0.006943614849669988,0.0021289653086786764,0.0007704854684573714,0.0005937442767651735,-0.0023535449054464808,0.0008367727843703321,0.006156841218883269,0.012539134687913123,0.020251496625444787,0.002741136856092785,-0.0012226259202533507,0.005212547543167245,0.004658088462181631,0.010310242187523633,-0.0032261735138130465,0.0004485738950283924,0.013126414113322049,0.007897704168073894,0.013940484004840492,0.002248280073439357,-0.004359319377751469,0.004568581803452876,0.0062214304948020605,0.006943877798415432,0.009407055006645848,-0.01920121775097694,0.012393502075368934,-0.024277336332179877,0.027898252627212683,0.007987058483874598,0.01264257412653591,0.0060840366061700735,0.0065556679571514564,0.0005950272486829888,0.013346408613351457,0.016680453503779225,0.012440895309019595,-0.005402288765495533,0.006854491626943071,0.005359609564079992,0.009787943231817309,0.005568236406062077,0.011020070192445663,-0.0029521141765427306,0.017115008237439833,-0.002826926131755836,0.008466578019427962,-0.0186140745645339,0.0057752498763756765,0.0066541883297071,-0.001235868026615683,0.037167463490241914,0.002089797367835544,0.007460010681497264,0.011197488919274523,0.01294530732528898,0.028271084706805505,-0.0008987281663994651,-0.004827355307264081,0.005927729046630192,0.01786560127935899,0.0015439342598237982
2023-08-28,0.008846307159867006,0.0050445483228023225,-0.01362628086043749,0.006744866746146272,0.0004947196242199858,0.00541866514851419,-0.001638818803900377,0.00034580442446219273,0.0035207883652963456,0.0006630161635030607,-0.0009004586682715976,0.016337647538848366,0.009122919176906663,0.0028895195441160926,0.008907190389105812,0.004497236330740062,-0.00708773338483637,-0.0010676393971627007,0.0019399261921841937,0.008181904780486526,-0.004265167724545549,0.008308742605178443,0.011216180501183226,0.008582295151362773,0.004082399397551617,0.008976613635203634,0.019823944540814376,0.006850281027998895,0.008450028419570987,0.011481077260890649,0.023363171985054,0.009597018613559216,0.011485658951179811,-0.00618221794956364,0.006423272784251477,0.0026754625271636634,-0.000839626563865159,0.017772652715480675,0.00234190522880251,0.005159158062763236,0.008700184091844143,0.01817909963618458,0.014678815166584425,0.009446896320211673,0.008480917386007425,0.004609711601222033,0.011127849894522424,0.0017087220092690814,0.0034682209815624088,0.002167005029113378,0.0028150601487337834,0.0004875232250027839,0.002726806105771029,-0.0015690582087426463,0.011293370652909474,-0.0031623941459955063,-0.00973365439691698,0.0019226645796848185,0.01667261100638262,0.05224862436599187,0.0068696676221233766,-0.01161431526095491,0.002229274220418187,0.01905518308103815,0.00799282479291441,0.017753771700892873,0.006720748170015778,0.006468288659312815,0.0046259691830865535,-0.004673162883116921,0.0015631213092681673,0.005690596642578205,-0.006673161409337047,0.012327810537446915,0.0017179382921448383,0.012398048962636299,0.016338437705017972,0.015477252641715067,0.0005875411456306434,0.005563089770580731,0.0,0.012583423191456333,0.0006833752644270774,0.007087275886628053,0.008628770505043404,0.013465914434895865,0.016437752316613707,0.006647009825211825,-0.005010912180141269,0.0009640428763089126,0.004416020604249837,0.0016058565116436885,-0.00017757946073382325,0.0051943445990192405,-0.011418107737059424,0.005997039556867811,0.01576524876260943,0.005702688813491896,0.008406493666281323,0.0013551175670025728
2023-08-29,0.02181026514346307,0.0010853539021551395,0.010506973223421978,0.007915128999128163,0.009150472660216735,0.010640737010278123,0.0054293939302139105,0.008294384481786654,0.03225804053118608,0.01204454299503177,0.013294308852149106,0.0008367939903515254,0.014255926828961263,0.016326286985827387,0.013438211628294727,0.017717271127948298,0.019630116600990455,0.007706429042401153,0.009680460133188795,0.019069101887204898,0.005777726624405899,0.00031955078756973343,0.017398806672884737,0.0011913094890212417,0.012271628261822043,0.006405723638923222,0.007461268812635202,-0.001560467295705359,0.012875548557425898,0.02384160596159135,0.009560212444446936,0.00285167316574908,0.011721820526049198,0.0029992494446484663,0.010257630987113187,0.0033747114270401557,0.012604981935647075,0.012021771268851067,0.015186765012159098,0.01026582481787952,0.02717373177841531,0.02018580739359943,0.001033399204739549,0.010647222446911853,0.008728860982541775,0.0029445444135449694,0.020523509618895375,0.005628332051097695,0.00813235970679016,0.00015437062943646218,-0.0009907733114250528,-3.606225547370112e-05,-0.008666524770237438,0.016567901849328548,0.010332718656315132,-0.00031719782731820523,0.008477819219947724,0.005117649940201252,0.026631141154439097,0.01392622745224359,0.005685497109374715,0.009730935440078747,0.01455046108487168,0.01229498295322018,0.02147961579401403,0.04161426930485068,0.032608691299557124,0.00257071270430953,0.0037724884158885086,-0.0016567093272678024,0.0005852299251412063,0.018410444289075345,-0.0038891246987219352,0.018803650920900195,0.0050640057641941905,-0.0045485221337160375,0.021743555699455408,0.006773907649904709,0.006458211444305029,0.0053019350797662845,0.0020962053762125787,0.0017542699483799051,0.02410947237588501,0.03940896366455604,0.011098231758473576,0.022117749999416292,0.007642965661468271,0.018745738185866,0.0027978708349174486,0.07687791972402569,0.0031550297619389323,-0.004898928602209529,0.017235363740427445,0.0061928758380804805,-0.0015956859481952579,0.033979068177228955,0.002865404749796019,0.008379581384452495,0.005954476056515778,-0.0031706614798283628
2023-08-30,0.01917220692005328,0.004946264778510567,0.005198748713868051,-0.0006184996171559876,-0.010537868979152543,0.009799495055081264,-0.002386008543620699,-0.00017128488911677398,0.006325511523108673,-0.006778636551477146,0.0011860029483812262,0.0070407309285616115,-0.004456653464383731,-0.008504353842554213,0.006342211244292573,0.006917102458381619,-0.007478022582773747,0.007731136642412428,-0.008389372764662228,0.008213311742460983,-0.0008418403234934368,0.0036572409192796584,0.007268031201577596,0.00883900347736244,-0.00093941760053462,0.004420132868451887,-0.0009745170287683846,0.0013753452214098072,-0.0012104985302532345,0.02269214969297062,0.0006439884747226898,-0.0014218278811323204,0.003850218007821704,-0.0037655288670344067,0.009702206612551167,-0.0006257884994974594,-0.0016597432247208443,-0.008844185638502311,-0.007032182919067043,-0.002092061627734232,0.009734634565831124,-0.0036991594835926733,0.004129023273270693,0.010205134349343226,-0.005065362317020705,0.002799721797361432,0.006412126688873476,0.0011872677655020425,-0.00403332546534374,-0.00038586700705856014,-0.0004958447069708383,-0.01066980375081017,0.008943014620652612,0.017225316065046403,0.0054901217655214385,0.0022919489044064267,0.0028019862700012776,0.001431903295950887,-0.009698179731489676,-0.010609093605305375,0.0067843253809440895,0.0020003915504978043,0.0011571183410588048,0.006072927739593892,0.003242433575825876,0.00983925462013091,0.00389553261157749,0.0036858219907520695,0.000829230319768115,-0.0069156219826059795,0.0011047420145449127,-0.0009120943700031692,0.008518809609364686,0.0025667860078286697,0.008973301610808448,0.012653796889363411,0.0009076308599600402,0.005550892401644969,0.0007291384157355196,-0.0003057079112739336,-0.011992886413832005,-0.001021611104414899,0.007438499675677779,-0.002708403000526105,0.0056406205144068355,0.006261896388079169,0.012861302835742272,0.006463725776351126,0.00024809055902386135,-0.0010887269121663268,-0.002637772037936692,0.0033762615545627206,0.0015136923743983566,0.003627644684454756,0.0004565261343143501,-0.001441315778226926,-0.010952384148132155,0.007185184532426225,0.009744143535716399,0.009309576413968568
2023-08-31,0.00117247602297188,-0.009169441414141666,-0.014462167385970615,0.0016086126082286434,-0.01795663408328274,0.001760322203910425,-0.01309178370323627,0.003085353040352512,-0.008162070992381087,-0.005971950135749249,0.021766395374215985,-0.021061862336322235,-0.004513871858558449,-0.025911884008647856,-0.008164555355324232,0.00679779774793654,-0.011702443828528253,-0.0023818350340041317,-0.0019336353632554149,-0.004250311563205211,-0.004411355148030038,-0.02267655812306424,-0.007640079657509569,0.002780190612037492,0.012945773424519746,0.009505270533179955,-0.011546111267901282,0.0057434612356213055,-0.005979670939409432,-0.005637808103606701,0.003141939140151484,-0.00711917012785801,-0.0034702528071123284,-0.01278487237299486,0.006292013554747067,0.006652598632709283,0.008312601721305768,0.001312116739795588,-0.015194478878701623,0.0063062165633203104,0.0021342350942041843,-0.0026478538475662727,-0.007453252324127302,-0.0009984397821635183,-0.003288034917912852,-0.00020418951285727793,0.01766586955081073,0.0005083216083034969,-0.012351594418292478,-0.004866502238735526,-0.010583844716161694,0.011332563780618976,-0.002358711998882379,0.0007381426878516617,-0.0030682261490279084,-0.0055530019668909025,-0.009840813519565894,0.006355295710705144,0.002677132482107769,0.021254167884159125,-0.006738608468479068,-0.01116055207805422,-0.003132720365696229,-0.008551298250261019,-0.0038196661085633243,0.0018472612529301102,-0.006027096729832482,0.0025547048981657827,-0.01053871069516088,-0.014484915099444273,0.0019477138183556786,0.0020750908373163846,0.004487560251710487,0.01112391338037133,-0.0070827983698187325,-0.0045123920873657575,-0.018137751212320197,-0.010538576187198667,-0.012969911988247373,-0.0038739040608316566,-0.00889197112275153,0.00423678493132007,-0.012502851187985997,0.004073494135218292,0.0034866838002229894,-0.0031508421708665857,0.003690040954443141,-0.003398956667225117,-0.0005580897675259155,0.004593198535678855,-0.030415275046421386,-0.01040877763777992,-0.015173589667447085,-0.0022337829314839075,-0.011791478117627374,0.009815217998101922,-0.006018262075229597,0.008746993395013725,0.0027957583007178766,-0.005534164185497126
2023-09-01,0.008463210890324646,0.00843770693899537,-0.0004860122791866539,0.012261888149784239,0.006178966705649547,-0.008650978407789278,-0.011224239551902992,0.012303384004064721,0.035281835834945374,0.0014434988098361856,0.0007970481467276525,-0.0028121451870075642,0.01081263392618026,0.0,0.0031755098322765463,0.008065355187758083,0.006001608213566323,0.006274234235028153,0.007265791722050885,0.01821222541878109,0.01204775859183771,0.0014840746931501503,-0.022027300363819502,0.02612780177846563,-0.00915741382967139,0.008543978079671444,0.011878937848293303,0.019863515424138,-0.013597180218453686,0.01937022668121391,0.0022262687931462466,-0.024378494815798235,0.01337975942042502,-0.00979741801872569,0.007146136176315876,0.018348739966766336,0.000824486608202335,-0.0019219498429117188,0.002222806816223999,0.0008954242122800604,-0.003745394257212209,-0.0009458119433618517,0.03081319957473605,0.008416680539753862,0.0023943077329464657,0.007559514817670809,0.04183270406154027,0.0121909018322508,0.0033487722473735104,-0.010634179295840873,-0.008691134895806751,0.005250635581883545,-0.0003792017714129292,0.008807694467754201,0.007100554576714879,-0.0007470318952584876,0.007729958730419595,0.015156424216460351,0.0016561240996728621,0.0026250131336482685,-0.002487396346841808,0.007891299524666717,0.0027457651989777343,-0.0025369242260228075,0.009766235667168166,-0.01714113283374552,0.004485469959690347,0.02834868511277211,-0.014613228543714718,0.011305718820044941,0.0011012751504417828,0.012341453176430095,0.026366452370117477,0.007508927392602116,0.0009617122888623264,0.0027893942557057905,0.005747167513851403,0.022823319084700477,-0.007529806226514668,0.008647640619650288,-0.002278590199945918,0.016147680762976346,0.0031742097754625664,-0.009466020838900913,0.006647073088019706,-0.00813907930796609,0.0017300809349829471,0.0002154645170566738,0.006636596790131621,-0.05064318329763218,-0.0007134594010743678,0.002085520124171625,-0.00826431146434492,0.009890930509748763,0.02832945050118485,-0.003430357044357346,0.008718757688800816,-0.0063958193956797915,0.02095509904423909,0.0020095205582288944
2023-09-05,0.0012668231312897849,-0.014170015816518,-0.019154049797730388,-0.004820812060248092,-0.011404898282148968,-0.0025452120158141467,-0.019607933348313678,-0.01080355636503838,0.012151684496470416,-0.010517723445317873,-0.006154002858205887,-0.0037152488582887777,-0.011387173766124747,-0.03965514118031255,0.009550887687097775,-0.01452891193931205,-0.02225092052025701,-0.005490234181119602,-0.005530145401029474,-0.016139734688993435,-0.015888729290036485,0.01201702889026146,-0.025584838874761373,0.0056493074552066425,0.0008819029851176996,-0.01002772513787309,-0.002934795334321949,0.013146579176544604,-0.022765262554071852,-0.01067090705587559,-0.017847027901783497,-0.005511942652788204,-0.01989519689125052,-0.014557098574771499,-0.017960119726578294,0.018399593679638837,-0.004118596175788247,-0.01190492990446701,-0.019438901169674394,-0.0077521296548450636,0.0008110023269980449,-0.011148550348928477,0.02648175636299155,-0.015911929972444838,-0.014278828079001493,0.001284521375976233,0.0027313694636452723,-0.023920987469570387,-0.011034142865908758,-0.003452157100519826,-0.008261743159426849,0.0019385350376623922,-0.006671336117517024,-0.008945846848593675,-0.009793735190909647,-0.0063358874784748,-0.023499141117150346,-0.008242724291768866,0.01271985702795031,-0.000935127405927938,-0.0004535362470310389,-0.021212668613225016,0.01487865508913,-0.012207533894420197,-0.019929651867187315,0.0008038928019138414,0.025221194056818108,0.024933908425534668,-0.006616590123214916,-0.011179328475701689,-0.013397105259544295,-0.014154849865987806,-0.0036699820855901066,0.010052912398992087,-0.012311245301571905,-0.014255823020672409,-0.011836795739160522,-0.013553834669143172,-0.013686484866646698,-0.0017501798073611408,-0.01227522000479997,0.003292940442119363,0.006468447603130034,-0.011604063523961594,-0.016957942373888257,-0.0026290432979995115,-0.011010290942071288,-0.027296126359833695,-0.01176825154099137,0.046855214011356505,0.009595980179267771,-0.024069094968980242,-0.023988043788247926,-0.0111643454579623,-0.0034437671750786603,-0.01606444292845477,-0.00264103033353158,-0.008045857767680298,8.82413547531602e-05,-0.0074050883557340574
2023-09-06,-0.03579329759764516,-0.0033539127989294926,0.006740576047169711,0.00042911379076260303,-0.01800201658312839,0.012485146042793271,0.00499983681925098,0.010068304103746595,-0.013540350392929668,-0.019684283358006316,-0.013914209970579572,-0.02075756042568022,-0.009075009888528274,0.01667100865934401,-0.0010907967847473277,-0.0025144039228546244,-0.01599610012632291,0.0033290210085930028,0.0002415066502150509,0.0045094572645647535,0.009397363674144898,-0.011192809493715372,0.008303264324314164,0.0019539946485567228,0.003597795959814576,-0.0017462565069420455,-0.009026738316711636,0.0010212453018709766,-0.017952558890147907,-0.0003377779604375464,-0.01479775853421339,-0.0025866931281635086,0.012917542728758225,0.009694151267756412,-0.003838191590447626,-0.0020241976960576613,-0.0016544287038157135,-0.0017717378690005336,-0.012240762535039806,-0.013821931344235261,-0.009648708156729024,-0.008092591739370159,0.004422622216086136,-0.005430549612555069,-0.006408143381635312,-0.00047257469429340393,0.007354884092482639,-0.013196203024132935,-0.0016526666130979306,-0.0033853014723804753,-0.0006801231595445767,0.003153178328205719,-0.04773245911560753,-0.003558446415481198,0.004082658397450256,-0.013325706667464243,0.006359050854759296,-0.008938326455473766,-0.0032649319483208927,-0.004492325869272618,-0.012701273580722372,-0.00948751378400814,-0.0020086994901712396,0.0015609848444140262,-0.0013955704173707062,-0.0305496475799637,0.002823049503560604,-0.009217242696955563,0.003272884061795489,-0.028547246485321254,-0.0019679490308782688,-0.01767774154839541,-0.0008564090475172703,-0.016044572850494987,0.003263080152248854,-0.018107071473628444,-0.009190331290292897,-0.023625903579602148,-0.0007541028573206932,0.001524618325626781,0.005924923120014469,-0.003139370700558697,0.009815308098843456,0.008977871182276553,-0.007251567470925702,-0.01182207687975434,-0.009386631618437113,-0.00979700188407795,0.0013716266943470945,-0.017817428513501543,-0.008048800561050728,-0.013351254709570215,-0.010123802994307263,0.0033422267717975185,0.0068361066171998,-0.0034984268135838104,-0.012518095976433496,0.007487326331615085,0.008632030851606798,-0.013988177373219335
2023-09-07,-0.029249394095263948,0.02266323963482164,-0.008763195677937707,0.005822947731071393,0.013813449130168687,-0.005355546614536855,0.012568734854188968,0.007771703386521223,-0.02461568879442444,0.0216056764729331,0.018395430569861038,-0.00871756789671152,-0.009158189798911587,-0.016902115301816067,-0.012020824299237676,0.0027277981269688834,0.00502779281607979,0.00035937279953768275,-0.0154699609000023,-0.005196116005014795,0.01030001257317048,0.02053482092152681,-0.0020030517831254313,-0.011050674932906457,0.0035305292292111545,-0.006473021444697413,-0.01861383988694476,6.0017706687398586e-05,0.0017410446644197108,-0.006179094901124449,-0.008054790617373464,-0.005063003317409831,-0.014392423137209898,0.02183121000516497,-0.022665668164953745,-0.01179370184103723,-0.009113373063453611,-0.007898342763333677,-0.004040703172138005,-0.00761732688301342,0.005949572419379434,0.0025845282350858145,0.0048922375610565005,0.0074233556167437875,-0.002113806804874274,-0.003647253242917925,0.0324500711460145,-0.01007294196982711,-0.008554157057459544,0.01371504443175886,-0.007655583351837358,0.023716317616631066,0.004717622768400043,0.01742078489997967,0.0034850433865589725,0.010492348465703127,-0.009664234875658817,-0.006803807726180611,-0.0016713782218843454,-0.00394844391519078,0.0043648372072462305,0.013616335657967715,-0.00892203933546487,-0.003636277345075989,-0.02245954122729199,-0.017424073535385443,0.006112705824252496,-0.01254001675150418,0.009557585589194062,-0.0026184053389746165,0.009530700002071013,-0.021882459692303402,0.01808970238953833,-0.07220093873692102,-0.0013334417655083142,0.00981918573465057,-0.008858796217251164,-0.007722688967029545,0.012981209033125385,-0.0014462295367843048,0.012210942907547873,-0.005009960287878257,-0.00027679737916475045,0.0,-0.014454798236139932,0.006062508419880874,0.007602372797594903,-0.009390624803573888,0.006641085852964856,-0.0017068620153485314,0.01650092221477495,-0.010618834537931998,-0.00043119977088967865,0.003981286236723891,0.016563577680386965,-0.010825004931600657,-0.01438321780814189,0.012386306599636798,-0.00489044533968197,0.0024432261778637443
2023-09-08,0.0034915450316164165,0.0007387577412811819,0.00059600888137612,-0.008318221914248802,0.0035655908956837568,-0.008234885800032843,0.00517197649825718,0.00016755192367057248,-0.004690871725100743,0.01981202428307438,0.0027565441218631026,-0.02212450225308149,0.008176391477149325,-0.007698299224824345,0.012776104826886403,-0.0006366860400086605,0.014173630876143317,0.0037313602793378475,-0.003437453769363108,0.003020223224418306,0.0031858860359506025,0.0006754824154682204,0.004237182028474784,0.008298348132446787,0.004684536438420928,-0.0021131757303343157,0.00040358078244051576,0.0034206088045474203,0.023680225304879787,-0.029315437025527857,-0.02573351560032011,0.012535754335719407,-0.007208879274318458,0.01812066088332398,0.007189345876175812,0.008969845775354646,0.028428045762337817,-0.0006263314833253597,0.0278603176422485,0.011667357349093077,0.008280455486260774,0.011057368552655378,0.00486851601531213,0.0008829617130248213,0.002172467746172524,0.0010845750298966728,-0.0044526542825611415,0.006140325673863245,0.0007652908376523104,0.002753236962540484,0.0,0.023079765807942465,-0.006691085773006145,-0.009931145412322318,0.0005307347236596094,0.0031975938222954525,0.00037539087195104237,0.008602814779564927,-0.0026113579338437054,0.0027371744915312135,0.008234154393397919,0.010283490807595497,0.013215667354849137,0.0096453526457152,-0.0026549236195024806,-0.014467754126587407,0.009832893057641012,0.010995517468217253,-0.0007369573923197148,-0.000875052577058999,-0.004297132640208812,0.010019931018934392,0.029305347665337766,-0.002443655037967951,-0.005724732475442362,-0.01007939277269454,0.0018927341361807404,0.026115555490772602,0.012218675846967342,-0.007291987670925981,0.011212131076289378,0.009351177232859165,0.0017992515165241585,-0.014373681151566009,-0.0024964347460115777,-0.0061866377089495606,0.0,-0.025185219880938248,-0.004854746166519486,-0.01188916230408743,-0.004472613054682717,0.005841300416743689,-0.007396586791501458,0.0006068340492793034,0.042642149772218474,-0.010647892708765094,0.0140984186055646,0.0018351003732735016,0.01456783275782847,-0.005189136952109541
2023-09-11,0.006622706224163721,0.00013396466254600448,0.017075306719183336,0.0012289394872149195,-0.0008880520666701974,-0.0020529994216432756,0.0007719923993574351,0.0005027706812812394,-0.007257957108547819,0.008827050849811613,0.035231212663680456,-0.0012306989178155758,0.004231327986821576,0.0007758948081153516,0.012592634181409323,0.007688787864411184,-0.0001643493700269616,0.0065262154950305185,0.0,-0.0008147291324841488,0.008208384306628957,0.011865867894642834,0.005107780879685997,-0.01857887302110206,0.013770324738828776,0.0029999046365374316,0.004638954230347769,-0.020632825565097823,0.003819972484877532,0.001776452323806632,0.0072878126368709495,0.011522508679396859,-0.0007447707421552874,0.00834986769541346,0.0018419316389226559,-0.01928715731274,-0.006504033915780472,0.0227354874678094,0.013684193483812335,-0.010015180895875164,0.003959519169284498,-0.0026726472633895604,0.0009689856807570951,-0.0010343364231732988,0.009158992605620808,0.004739929502704188,0.01525920329659125,-0.0031386511758412228,0.004380291311892881,0.004471197814985617,0.00942913128385725,0.015516823769250898,-0.005743457065366164,0.002680679270230968,0.004459537911869482,0.0019340068169917402,0.01800896594651702,0.001421499344978594,0.0324614182409253,0.015530723692809945,0.008620851918984318,-0.0041265017482366995,0.010979260411928982,0.004647479157418921,-0.009009889661542592,-0.008645585271184086,0.003087375066345821,-0.02205860823889494,0.015090479854174443,-0.009051326607600552,0.011900830108446891,0.009321735155706223,0.0008998620701605731,0.03900507089282601,0.012919316030234107,-0.07882140692476702,0.004093121291963708,0.008258802693592582,0.0029441502257960828,-0.0034553261075642716,-0.0012631499245838729,0.01753123927179079,0.035159238782540125,0.008333396293968232,0.0041451950468436305,-0.00824650744149813,0.0014215710441944918,-0.006425483130222065,0.007755376887340626,0.10092549928477124,-0.002891213065375098,-0.0008971484691738807,-0.0009314757362240966,-0.0002829800306222152,0.011825889899141684,0.014648701026120259,0.008048701207218123,0.003480417880750153,-0.012542216531356565,0.0016596450120260897
2023-09-12,-0.01706057033791719,0.0015435249474680113,-0.00048807030116404526,-0.03369425309826968,0.01219189699817358,-0.03172717503485267,0.0002568197360914848,0.01474298342201319,-9.496901119876444e-05,-0.0053874030504532655,-0.013067856717097759,-0.0017060832174937701,0.01720494794636318,-0.009560751731414685,-0.002906336749340155,0.0020261190485819647,-0.009373468113804795,0.006182999106898235,0.026854033041633585,-0.0008509948310354565,0.00940147491438581,0.006003775491937757,-0.0015465995705836733,0.021919670006052216,1.7693310688793318e-05,-0.007917031787611606,0.03653887036160319,0.018624924085078653,0.005708327771484445,0.004720568451409779,-0.007355008207720615,0.014057089640422848,-0.0007453258390336392,0.0037045742689894023,0.0,0.03011427459184457,0.018821513268513446,0.006476516712752067,-0.00311535047084599,0.026057675344678177,-0.011539676476987282,0.019251491205530824,0.0251696205264631,-0.0063646590206901665,0.016110799835465928,-0.0140178653175832,0.006996774886386392,0.0027987425287967493,0.013013707535409313,-0.02514640770952148,-0.009850540414439335,0.006279596714485081,-0.006727561733768428,-0.006338762590957225,-0.0010080258779178175,0.0033956989772432333,-0.005159669469572692,0.009306120052891664,-0.019183219767018755,-0.006766116218920981,0.009221670190390219,0.003867291401898232,-0.018257799337402125,-0.002312887918652029,-0.005062556294196496,-0.00681765038619131,-0.13495375252373787,0.040570399400074564,-0.0036885110605678895,0.006187590979077617,-0.017576584471465928,0.05787158149226479,0.015857475204065885,0.008614442252908416,-0.00837581574369306,-0.017425062782020495,0.005957976096457207,0.011701815684727501,0.006898401584684466,-0.005316426042723754,0.001826643113430615,0.0014007397735134042,-0.01651545023631895,-0.004132262367088524,0.0006230726975782197,-0.0022009751529096233,0.006551626325681514,-0.007670680319948775,0.010178244863128683,-0.022296863386701782,0.0010848320412863988,0.010680131083854905,-0.026850472150361737,0.0003234526993036724,0.0175316756949766,0.002946521486505871,0.029276556652530372,0.0010952598766842403,0.029169675994598077,0.010415061718631824
2023-09-13,-0.0118549089916139,0.012661359330659039,0.0028320671516928186,-0.0031122921945491155,-0.0007528027016131533,0.002171819869925651,0.019403920802338437,0.0013207749339498864,0.022789873530702165,-0.011831974585579053,0.025632022130484877,-0.010681225089926527,-0.003106571573695649,0.020349510486797895,-0.01821066803610849,-0.00015782875525627293,-0.009794162224650127,0.0001087839062881013,0.016554711021197654,-0.020900598334989695,0.007585562099016174,-0.004606819618878211,0.0,-0.006256148579862564,0.0017359422653822065,-0.0019506105828271947,0.006972673821220132,-0.0036569342738372868,0.0037839229693545917,-7.433175171456252e-05,0.016590804502287115,-0.00239001050556098,-0.015103466393473708,0.01910548871370521,0.004596814597643828,-0.008799815951561762,0.015261143945394906,-0.012174035529296301,0.00664074188037822,0.0056765218486696245,0.010122755889081292,0.012329961637375764,-0.010859364999985077,-0.0012261002672374621,0.012578701218738164,0.0017085324411572067,-0.003860133344072536,-0.0026164895699053448,0.00047847217818608456,0.001281775826185605,0.0024012834081703627,-0.0007005800926617178,0.007562823539288166,-0.007030009481644006,7.214327981275304e-05,0.003776165978701451,0.004198500308753017,-0.003125568484454333,0.011270908578262517,-0.05701742000848575,-0.0026742409779406673,-0.011098830633834433,0.012930641442440605,0.01133421127220302,-0.0017653972070577062,0.013706359752626351,0.020344871228377803,-0.0016562206536858692,0.007909341323430574,-0.0020499077715518954,0.0069721639380218026,-0.009931927949626163,-0.008931531275046312,0.012676417056286748,0.003625717243878057,0.0,0.007169674596259279,-0.02957700168270938,0.013119693447059655,0.006610114466144124,0.008837203506379065,-0.0033570049150423165,0.008650809254136638,0.011065065818649522,-0.0017124736087050785,0.004330042779854715,0.008027845723984406,-0.00017615046358476771,0.0022117067136779855,0.014281354305895722,-0.00012515743933738666,-0.008135845428154043,0.008111138915152472,0.0021432344135257075,-0.005333037411134667,-0.0052880055158111006,-0.006817012743356776,0.00024308543790696469,-0.008936948807762968,0.007886992889978517
2023-09-14,0.008782546113418332,0.01640663754340488,-0.0003894211343690168,0.008537491382858864,0.012682062274197436,0.020776424084790746,0.01600900875218536,0.015093631545429975,-0.010026941233261755,0.019709703817673674,-0.0008975138235036706,0.003119045941989418,0.01108030633978041,0.0010227182511344246,0.02629327949996063,0.013740163970045183,-0.0026823467624532693,0.00456743146737093,0.01817320909496778,0.024064958359139466,0.014209819195365236,-0.006661764155233119,0.017260525361691315,0.017905386764907938,0.008950192322598527,0.0015991187485349112,0.011925421118533786,0.006197328456353457,0.015916212946549546,0.02349384892112094,0.004079958919290361,0.011978866744729588,0.02309735270855362,0.01672346047893325,0.014870724868929042,0.013166813368139074,-0.0015822708448393064,0.018045785457266872,0.010449141045274501,0.0,0.010167553457542278,0.02862862664125365,0.007398587411595603,0.011507415883756256,0.010282196933240728,0.005459098988908506,-0.001033397868098418,-0.001049396898453736,0.019397719956609105,0.007120476880575266,0.008278850693113737,-0.012139445027469442,0.011639383853706775,0.008958984766931799,-0.00711019239165489,0.010611540486613613,0.00787009318839571,0.03354757682243914,0.02183175644069535,0.012568041326287194,0.007539294629641979,0.010833075734042685,0.007855829936865621,0.006622750402735411,0.011026788134736343,0.0021106559302761507,0.016273199829343943,0.014777005855778347,0.008626371482326034,0.002054118525080195,0.01097390866725223,0.02718225966242227,-0.0016237273815987718,0.012428986479521953,0.007951966949439004,-0.0007939383622165286,0.002372851547525867,0.01753780575792896,0.02014395979161243,0.016262599245330467,0.022386096266412414,0.016000082062223697,-0.007803110470045005,0.030095719008075728,0.007329429218906558,0.01496791181015733,0.007210528803398564,0.009969831844814703,0.01734806858265925,0.017471511114000693,0.00783597961950111,0.016829359044936654,0.018309747988660474,-0.02554174669247422,0.0032306913262574177,0.005316117172743162,0.018934937819098163,0.004193001605773183,0.01786322615255065,0.020298902841453303
2023-09-15,-0.0041539343427532405,-0.009893316834151178,-0.008865080978508244,-0.012824209788583896,-0.016119061544682678,-0.015322804696019654,-0.006947680750826191,-0.00032686489867184143,-0.04820406566674351,-0.0060235436070154025,-0.029919857618376344,-0.004496543543094367,-0.012328746926509981,-0.0017877506836712076,-0.01169960914853474,-0.013299150203551435,-0.0077323577574569535,-0.004438469955175939,-0.009967527070052218,-0.012068338874429818,0.0010378753245103844,-0.0003177014422253155,-0.013704674507414416,-0.007469940111156204,-0.01489084776332883,-0.0058542642719180416,-0.0011405509673795278,-0.004365086966748866,-0.0008245401055018142,0.0010445159717245023,0.006982820701684211,0.013020852380360326,-0.0037009598593169546,-0.0028287120730559057,0.004508643856387939,-0.01841688064746072,-0.0007925588005954776,-0.0013833914066126995,-0.02184569194280117,0.008615581359766367,-0.005068910673799443,-0.0058913099364131805,-0.0023691371021639096,-0.02496743928967393,-0.0026863076314033174,-0.00922963248276576,-0.02042926664682787,0.00017508321485837364,-0.0029482744995531496,-0.0069112166209178705,-0.00889512498042877,-0.02696026912644056,-0.004320471835839834,-0.04699610866877557,0.0023465815458345585,-0.02293160124273741,-0.002318228093395769,-0.004246940871239446,-0.03660336250587093,-0.01231437734730223,-0.012925284265124515,-0.006651968051662016,-0.025037024358103954,0.02049579284187586,-0.009568914900284775,-0.03687948951252884,0.002199553118864772,-0.01708780213331529,-0.007669925903784902,-0.0023425598416393356,-0.008399533173987228,-0.004883016173269028,-0.015776234394316635,-0.007891835456052099,-0.007228411801544543,0.0039732648616011,-0.009571977913088392,-0.025769594744500468,0.0026797845035040346,-0.020015535832289655,-0.005848185086721691,-0.007459661044633026,-0.007559229802648337,0.01128814842958148,-0.019428707730927086,-0.013785344951197875,-0.012287760829429062,-0.00021349126932446172,-0.006989700319221637,-0.005977372284481253,0.006410276697047967,-0.011033782092820021,-0.0014930927228860025,-0.0017803837980344683,-0.015553387556633824,-0.00734437846351732,-0.0023228489901014893,-0.0036912589301295595,-0.015356108110482158,-0.02809616436360829
2023-09-18,0.016913220827956765,0.011964296541977504,-0.007273570683056896,0.010719086721178606,-0.0020162947591235714,0.0007968041438106699,0.002373684758987249,0.008172685876891128,0.008670853299196368,0.00932031179360715,-0.0029204620264398073,-0.014367428208134525,-0.00277386699884552,-0.00895618651744945,-0.0005759144066542765,-0.0036134621304343417,-0.007623139833679349,0.006986373692595471,-0.0016390954793432666,0.006412292165286493,0.009000855707921085,0.007485164521352949,0.006616728091291879,0.00736425921923578,0.011431378452469554,0.0012492850747134465,-0.012940043575599192,0.004324355260673762,0.003300882131708205,-0.0030817309416332206,-0.005798187350117612,-0.006543619012550295,-0.008543758568305582,-0.002311449532769849,-0.014587235278224475,-0.0022695278467561586,-0.021411478167528197,0.009351517452471203,-0.0006607657737832673,-0.017967565218046433,0.005895244258965926,0.0022769980940264833,0.012585927024642896,-0.012880997468681321,0.007355891105477852,-0.006165056272290914,0.0029039592425910143,0.0075268438806668225,0.002083211662904816,0.0008799680752171746,0.0062133903118593015,-0.007608801122234943,0.013701212535805585,-0.01045360375305604,0.006806703289981009,-0.0018331306625345434,0.012596458745032457,0.00990094071345804,0.00745906128361562,-0.0001978685504387956,-0.004134980569121649,0.0027901643964922673,-0.0035127182256098344,0.003471279017199791,-0.007791414444518363,0.0015035482695937574,-0.014924066324254803,0.0025698902366388943,-0.002557651069778011,-0.012621176093874475,0.0037792833330736464,-0.01321723999975899,0.011732656881619175,-0.0034471562091843433,0.006756593776048314,-0.008179271661938547,0.005507736490542925,-0.006183537245212922,-0.001969330580615325,0.0032453052147243255,0.005609040487285055,-0.008211498675081641,0.0015369111542153924,-0.009192337141367024,0.0022891729045504405,-0.03015038208321552,-0.00540881133602078,-0.015130085084212652,0.01243928622655499,-0.033200974462619715,-0.0013150127856130789,-0.0007970893154768399,-0.01277341898309492,0.014891803937812975,0.01809593078147631,-0.007694531334652255,0.01117589327192925,-0.007410223598065091,0.008054964208380921,-0.0032815490531745706
2023-09-19,0.006180983537011242,-0.002923316547509436,-0.00326726072823158,0.004590376267136653,-0.001136577839382924,-0.006837798260832528,-0.0021189214747281415,0.01102468714842475,-0.007424070683204498,0.0044082164673355795,-0.016788047695762587,-0.0031201219036827155,-0.0038248745914768456,0.0059385587613784985,-0.014431710518377883,-0.008533686854017009,0.0008534514284859185,0.00013502770168671852,0.0009381637281218325,-0.004520421956526133,0.0007472829545165371,-0.002453066310937335,0.001971891072814813,-0.01060400510060866,0.002896717717236541,-0.004812034127116838,0.01291691710695364,-0.00011980636490760421,-0.016039450473537387,-0.029573432699441238,0.005753301505627917,-0.03622673288059186,-0.008992187659363826,-0.011794471410892848,-0.0066043712200872795,-0.021838065880775637,0.017828289385303453,-0.0030882922651412903,0.0019832878783174746,0.01859630187073047,-0.0012300002928572473,-0.0041649820310142305,-0.028377127187139806,-0.0083529823686328,0.004576838193549371,0.009856208935698607,-0.043432443480508676,-0.005212000021218688,-0.0012741631479611382,-0.005994284914365822,-0.0020583180059553507,0.00644180392957594,-0.010584826737166653,-0.0010104861841898627,-0.008630473376586179,0.0014764175743910979,-0.0020533513865200748,0.0009049886588810008,0.008329302404582073,-0.00801664523063883,-0.006689662911927741,-0.004266358108366064,-0.0012459246649461075,-0.004447563934774412,-0.00931828652995692,-0.010144282789580128,0.0049906388169183025,-0.007689790614487824,-0.00590935420634664,0.010404369964311488,-0.0029210209183948566,-0.003930032725915855,-0.01821153433867284,-0.018004363382494115,0.007212170070003632,-0.0013302694021632977,-0.01519225468521368,-0.002246751240325806,-0.0005639708270588351,-0.0005392006053759335,0.0001357909145112135,-0.00996357632572853,0.0016712184883957981,0.00795227584521152,-7.873984459272343e-05,0.006954858383140916,-0.010224125127382355,0.0019892627136619545,0.002037761192738907,0.004598918977371191,-0.011109656701217108,-0.0064742108443419655,-0.0027141041109990383,-0.0044960455919247355,-0.02474714766506536,-0.0038770660794911205,-0.004835493227804855,-0.0002446503596859051,-0.0026351725163613615,-0.006271049016222441
2023-09-20,-0.019992197522005095,0.0007819557024142387,-0.0038741358633029854,-0.0016703152993640114,0.0035398966124464692,-0.0204187582802281,0.004871222367711869,-0.0006414430537183824,-0.012498811778685837,0.027051632225423505,-0.01700219075536713,-0.010318860790485607,-0.0034903458048818337,-0.01257681423223933,-0.014083960946516094,-0.007954096735778737,0.002558382709778595,-0.009879085385377073,-0.00890344533339793,-0.0037903132536696305,-0.0023800585782316475,0.009450530637178378,-0.005029418507587757,-0.01615799446693056,-0.0009213488136001757,-0.006088773167834072,-0.014655501232125223,-0.0030501764826939004,0.002507911412820585,0.009129648548385383,-0.003016900516794485,0.007566608665489083,-0.00831760621130051,0.005647965242227437,0.0016047600884119273,-0.027131927258043254,-0.015923659955448644,-0.011702950409495316,0.0006601069207066157,-0.022379383033319322,-0.03115028926387209,-0.01518062387638075,-0.0033792186376049305,-0.011919434729441236,-0.004658365174490808,0.022590743132161695,-0.045404577310934946,-0.013098164348388952,-0.004230078025429185,0.004502678429029849,0.004468864534207695,-0.009252789701779895,0.0038560990319262967,-0.011908063609824326,-0.007278904352102544,-0.0033438491687168836,-0.013917269223710727,-0.0040686765105798495,-0.01770093838552178,-0.012371554692872988,-0.00046444588087735106,-0.00046576988164326316,-0.023977031584389352,0.016381113956762672,-0.006129798825087462,-0.02943475098529169,0.0008867649433272895,-0.02370464802540262,0.0003366376488005418,-0.010885783804346127,-0.0008465058697224581,-0.001932633903920511,-0.001247594772888938,-0.013547767431212887,0.0027647071445868754,-0.00865732124689178,-0.0013641475933778846,-0.01836147786680542,0.004089675373565971,-0.007885839728195232,-0.002584071010324096,-0.012189974459090203,-0.016138339250921674,0.02235365083148233,-0.011972272343685919,0.0019971679143804266,-0.0037361824912333086,-0.007567757344051129,0.01046727411237991,-0.014671683535119606,0.02386298507113538,0.005713699325043953,-0.0023415060804781174,-0.0069797465365672995,0.0021729509667529623,0.005987868324923484,-0.008098131017532872,0.0032440157647608547,-0.007926404993676917,0.0022087119391271948
2023-09-21,-0.00888954442814649,-0.001171964599614661,-0.013462197946110366,-0.015151360277777748,-0.00629888119857569,-0.017667155656032052,-0.007085167907628143,-0.015885747577633058,-0.04215662628982697,-0.007551752752200103,-0.04405345369833069,-0.011958285454046425,-0.017513132903959616,-0.009358107643763547,-0.010635653336265039,-0.02143438990157409,0.005103778567058015,-0.0096505328887172,-0.01394799541573788,-0.023617153023033133,-0.005941287989013944,0.01221591506714903,0.004395521970224081,-0.017331026528410454,-0.015519002180574448,-0.03891909562043161,-0.0046360036926618164,-0.008998732375047669,-0.012090933443022367,-0.03651209855967785,-0.018981422130331493,0.002059077275177401,-0.02783063901451599,-0.01017264100533144,0.005264219483243959,-0.023187244937994067,-0.012945008757719867,-0.01619519362265287,-0.0072541510449694036,-0.014759020429182867,-0.024674768009147252,-0.01918602955907822,-0.012835880150098733,-0.013189251250849798,-0.015480434257516551,-0.016351802077974154,-0.0011530399143219183,-0.022827921337473467,-0.007821950145680212,0.0027214320252704205,-0.015400335009061683,-0.034249698493599046,-0.022040105866449444,-0.020008354783734972,-0.01744131419608863,-0.02157274389160735,-0.004084693872284273,-0.021183175756708583,-0.013147765330089767,-0.0151529975629775,-0.003020551726835463,-0.005404780506431339,-0.0038656507368006743,-0.010500611400746984,-0.02605283432381944,-0.028930647926270314,-0.030477576965478148,-0.026303551798043334,-0.016818141516840024,-0.02290297338185754,-0.00866618803172614,-0.014360596658414937,-0.0010827687286447674,-0.011536400044424244,-0.01689986790816489,-0.024049640097186353,-0.021647844268255167,-0.011646325593948736,-0.018258247519222892,-0.03606565423879926,-0.01868283064834897,-0.012483731425217415,-0.01564168325548443,-0.015433928613155401,-0.01769766061237754,-0.025662268385559628,-0.016435077462951142,-0.006536008809857163,-0.0019534077118148474,-0.026238620989897266,0.018308149924661343,-0.007418501114463405,-0.014019328481204352,-0.021706754481697232,0.023291718852208376,-0.009226115184890693,-0.012829450293415756,-0.012140905791247492,-0.014089229023331429,-0.01857532960597641
2023-09-22,0.004944617404130547,-0.004497031494670178,-0.007884390681083375,0.013108877181332357,-0.024087146408441784,-9.803132755203947e-05,-0.008888276439278808,0.004076251858464941,0.000936388901457752,-0.006347198253758735,-0.0016238050792075631,-0.011202752030823104,-0.014616847500889096,-0.010758321401839632,0.008651964199172468,-0.01305263906512244,-0.003046815409821435,-0.00858840323626786,-0.018940412114850647,0.0037863716837769346,0.0027767057149914454,-0.0048136763843640296,-0.008752747948071127,0.0007559874325389071,0.006323448013211719,0.004312077699869521,-0.0021346468756185955,0.006598366695302893,0.007596590853327978,-0.017464780314130013,-0.005047474691726284,-0.017889578671574147,-0.014705932685288525,-0.0008565407505185529,-0.017987132908988568,0.00024480552455852234,0.01885254515587831,-0.015399548581332523,-0.003454006457728087,-0.003974359004736194,-0.0014567738160597976,-0.00711601083738056,-0.0031894036508332,-0.003357568499632424,-0.00861918502218606,-0.0031891014859465328,-0.01356422244783051,0.0054696316488498375,-0.009582859743432315,-0.010377559805159753,0.0010428216623028508,0.000745377867130026,-0.009316504327468444,-0.0005697000571713851,-0.0028261301615936096,0.003686975016514271,-0.0023614814803002426,-0.004173895909033831,0.011327913751173702,-0.00461591232376235,-0.013516618450154505,-0.0036541510872852845,-0.00788651121773909,0.005429639181472989,-0.00807940127772755,0.014457292331460536,-0.003655251266012405,0.005274965553432098,-0.0006271498662731023,-0.0048705919153239075,-0.0036806720642641455,-0.01080457597148321,-0.011338984585996803,-0.0025934676404941737,-0.0013315604898869182,-0.014592508046574748,0.006229807699337009,-0.015354275554240293,-0.007582154318096612,-0.0016652558007571594,-0.0019455008371208615,-0.014676096102268943,0.002917872671234445,-0.012410396305326588,-0.0014608918048070185,-0.04023185511245664,-0.00011204016050303522,0.0023923725627035264,-0.004566779262412557,-0.042315182614647506,0.009897489970815299,-0.010217631286793316,-0.010615738381808959,-0.00646631996460878,-0.007040303032253337,-0.00030051503862837947,-0.02575625491961686,0.0026557587535585014,0.0015683118272902252,0.0024861380401610678
2023-09-25,0.007380432690265781,0.012504733722250805,-0.006928062399283452,0.0028473164596463096,0.004156741305383571,0.007988653873981955,-0.00618909006247137,0.00893152664564334,0.012266115827536339,-0.0031380278839823195,0.01665124873434287,0.005411926706260228,-0.001447111938246426,-0.00530505293453043,0.01154934210817915,-0.003863121965990368,0.004414343032469015,0.004303608888295285,0.002443895877154878,0.004431147945696656,-0.00398918494781253,0.016929197501569515,-0.009492354277103154,0.016028887989737894,5.36616645576693e-05,-0.001680165134171463,-0.0029171022358660537,0.014614023908185114,0.003350827039865667,0.009242121688689098,0.014776173489237987,-0.002953807182068169,0.01671643958702207,-0.0002142970440210945,0.015998075266029366,0.024710499921824614,0.012067520255456765,0.00494741886870842,-0.00239973009760297,0.014733129296632397,0.006602713194491017,0.0028971134048698666,0.008614338020680679,0.002485762269002656,0.010959997342567807,-0.00292725395377047,0.003218200483416478,-0.0010880897771554654,0.004940623824480239,-0.003952523703834254,-0.010416729470859809,0.003178514883351413,-0.0018131075888287995,0.00954922143254433,0.0006712032936488921,-0.008963362580749479,-0.0037374231231314115,0.009779724814092061,0.005851173874202198,-0.02318629095415181,-0.005669669694168489,-0.004701925592555445,0.0016719890515390912,-0.006382157843476732,-0.002751909030830446,0.014708114653935622,-0.006695279768043627,0.004293132541727029,-0.005363117123569627,0.008871311101848134,-0.006069477794690248,0.014646277796402929,0.014167611548492554,0.025538650162160392,-0.004808378812121039,0.006566273403759704,-0.010034170670197295,0.003626466199075251,-0.001153167418002643,-0.0006187316864392223,-0.00222771545199707,-0.002949502067190246,0.007361102482132065,-0.003968144466669821,-8.125486275345484e-05,-0.003019569440322223,-0.010094351355392384,0.005708180538863461,0.0,0.008616467528091087,0.008259092061481121,-0.003632273412140008,0.00344636604187909,-0.007316679083044342,0.008742287041262564,-0.0036057149885287965,0.008003994775825474,0.004434739443262448,0.011223284786553211,-0.00023992233504133154
2023-09-26,-0.02339856100311999,-0.00478479625983419,-0.012721961082965305,-0.020126871101212473,-0.015912017884086804,-0.019497226345779328,-0.029740684227871794,-0.014002938296967415,-0.014582031310290233,0.008169162561936005,-0.040298626825268746,-0.01579635480899033,-0.015579734678500712,-0.004799980153805894,-0.012049896552759898,-0.016470132157573314,-0.010480053239476095,-0.0063309780803446625,-0.019502617002616462,-0.017318493418242542,-0.0012251283141980762,-0.019942711653372358,-0.014040471229133655,-0.007681634449481001,-0.010132041193714025,-0.01439791953694236,-0.009362279532086015,-0.005393793686620407,-0.03861406374071763,-0.012383259898259058,-0.019004646378833034,-0.011850327370620861,-0.011939693626363379,-0.02347007812875368,-0.00753061557837742,0.009789062691907935,-0.011923631589729089,-0.01602225191400619,0.009354349111271087,-0.0241985367318015,-0.019372884883892216,-0.015265706698882164,-0.004636352088906559,-0.012887959824570916,-0.020692186921009936,-0.022118911456114443,-0.013414809326946497,-0.016518371068055093,-0.010378818788625899,0.000404917866462684,-0.008245691117968246,-0.004128253716639496,-0.010050956952029289,-0.018635402252218825,-0.017665105151040472,-0.007635927886511351,-0.01275466844730977,-0.030591851647356227,-0.006216164208087016,-0.009600211953127546,-0.00451427842976504,-0.004251603953006833,-0.017005892065388273,-0.02667977130727428,-0.004746186108161132,-0.0073657367418004105,-0.03157910956445653,-0.00015824268313247014,-0.010382704937466514,-0.01758641627808999,-0.0088941365390941,-0.008399994267477728,-0.006984913888288036,-0.006429459282182082,-0.01853462907996084,0.002914485137069489,-0.007979244730262014,-0.02077686940470036,-0.0314620096302034,-0.01989446454221422,-0.025962126666092655,-0.011536714377376578,-0.04812426957117211,-0.0026560390503459486,-0.020401485898706717,-0.024763799459501912,-0.004418765265491231,-0.00804889874783321,0.000715028017958419,-0.011619945391094011,-0.009465332770368096,-0.017459560299145083,-0.01561786002088228,-0.015898241939286795,-0.033847321668264874,-0.005126581224510263,-0.0218960538520101,-0.0034954298011248275,0.0015487535295153343,-0.007681934220488018
2023-09-27,-0.008897371315711555,-0.0050678459580182356,-0.007274237520247917,0.01213733499096703,0.0038123162194612092,0.0030744575321257628,-0.006287712151090252,-0.004080974103176205,0.021988335040459495,-0.00022285462647753107,0.0,-0.0009200198136515292,0.003680544374455419,0.0002679162179646255,0.0072141091036124205,-0.005148993151531056,-0.011103511210583616,-0.004562947490867053,0.005967070033750854,0.011835723280659627,-0.0016039712907062187,0.000485072670247888,0.008137353061418606,0.029697223717015664,0.019115274955392225,0.009296247919880596,-0.0007874614124794288,0.019308596717468873,-0.013026514662067168,0.012459352671185586,0.0007683215710703184,-0.0018738401266349403,0.010301118353033045,-0.011303745909501006,-0.01379651166574003,0.023092692279892413,-0.003218005401455115,0.008732894458227003,0.0002649672295367278,0.002789878596736184,0.015322318299158422,-0.005774827592344711,0.030399493641244613,-0.002379741645698652,-5.3179991539864524e-05,-0.0004887077495070447,0.023056483333981026,0.006644549187642568,0.0058648485244525705,-0.01513809865157445,-0.010259986891417272,-0.00045454321265536723,-7.322270538157039e-05,-0.007576410988752502,0.00025297534566548485,-0.015239578060517234,-0.009246404757145332,-0.004123150538151932,-0.004080769472574741,-0.004473753473210218,0.0002387035625244227,-0.013758450946901202,0.0020823923618449314,-0.053807053682543904,-0.00831755356514563,0.0132899238619264,-0.002478931572388099,0.03879645222802841,-0.01709925842870319,-0.00925930156745125,-0.013260254578140729,0.0018093192261581237,0.011555918472868187,-0.004830323142871684,0.006556983852459064,0.008580300713150413,-0.009021852811934239,0.003321084346673331,-0.014453918810025224,-0.002774209066294997,0.0027447155374595855,-0.0007480973429390136,-0.025626160752086236,-0.009986689009177874,-0.0006637595894454229,0.0023748227839679448,0.002731315994322747,-0.006579070372474516,-0.00023814124315890695,-0.014828753029631048,-0.0034028389886856525,-0.011911777001359813,0.0033575162678318726,-0.0006531174259833961,0.01673966402989402,-0.017884196457432444,0.005165991550146076,-0.004799986457291183,0.032557235073005675,-0.016369650116978995
2023-09-28,0.001525518410206983,-0.005746874065078567,0.027111888970971165,-0.04329148089720802,-0.0041904922401218014,0.02773383747383007,-0.015686890054893543,0.0044255150138015065,0.04782300862649813,0.00684056131507127,0.0,-0.02573423649498463,0.010634401788526926,0.005625692109014757,0.007191982078491366,0.0028753350969219493,0.004318548597179284,-0.0020124132795563687,0.01828978108182011,0.012944248437070982,0.003024086303330842,0.005925043994010393,0.0058297407103142795,-0.0030059996685537493,0.009050112534151111,0.012781997452398386,0.003152710550642812,-0.0026308756531910893,-0.02903655955334472,0.004490840656371509,-0.00101036521953779,0.002878531815374563,-0.0013726254289047057,-0.015651147563643275,0.017719854793177836,-0.002619133512486549,0.01372076254233301,0.01307601821496096,-0.0017207626300345114,0.02503869208764775,0.013558970882495913,0.010094781084153626,-0.005710168048034925,0.00553295314263913,-0.004098516392261997,-0.011105689612721403,0.016469103467473323,-0.024752553544579836,0.012415891135237445,-0.000493090965151044,-0.0025022090170703226,-0.00965864149882878,0.005480444530127748,0.003961986546339169,0.010013153885807036,0.00739618547516141,0.006008694306933959,0.0015923341076999886,0.020890723497612562,-0.0021398979555431463,0.005488047740031199,0.003463426984776863,0.002717492410315492,-0.00670619913465853,0.002348528859118293,0.014622775334747207,0.014624334909388859,0.004268255261136833,-0.0004130098382247871,-0.0003116015351036783,-0.006787033947527776,0.008373747220468353,0.021357538623474115,0.017492208839857915,0.0017671409952895178,-0.012074507264252188,-0.000987074797630605,0.0031260498075709187,-0.016177874447643292,0.015066289120684973,-0.023627613969726236,0.011680101418059197,0.02866921233412323,0.009414952699704493,0.02798065272872563,-0.0016402745875242486,0.016683775035627013,0.009492511833964823,-0.0017865781703612083,0.02444908475181906,0.012645591280585622,0.008448628796397628,0.020274336462358766,0.009411763756457914,0.022438343613647715,0.004629559321791099,0.0012236255927209339,0.00507057578388137,-0.006073139380132653,0.017216097378500494
2023-09-29,0.003046479547091918,-0.02095239487261935,-0.012943354316778843,0.021079147765429296,-0.00815373400613717,-0.004714010921238465,0.0073659173451912086,-0.01109664985272385,0.0005838610095998398,-0.00760651718938421,0.009049050319664742,0.006564092044724301,-0.006531158046710894,0.005327556959405788,-0.006725200495268258,0.0019371761263751175,-0.0017199631072538635,-0.01893241979456317,-0.00169907113852652,-0.011728871300394683,-0.019267911916817537,-0.014638954371497648,-0.011591813914465066,-0.023793950538644193,-0.00645405498909335,-0.0022273061238045067,0.004910566473985023,-0.0115482590484971,0.012007201262262956,-0.019104342243935424,0.003681370387389027,0.011481367778239937,0.012370037855389038,-0.00473602846462351,0.01008019546806782,-0.020931530996569747,-0.011146527886002566,-0.0159337397686673,-0.006364207729965821,-0.005729940766499242,-0.01095899109702192,-0.005012334360652959,-0.030868534972509076,-0.004382009443456791,-0.012666223281046829,-0.00904085552173528,0.010517256946982467,0.00037603698047483647,-0.017413114800419627,-0.006167804131339549,0.0030459877852935247,-0.013444778839848404,-0.004866627185447836,0.0002888809488419408,-0.008837394306766444,-0.008095112496122492,-0.004193600425729249,0.00015903740026357305,-0.012337191967388916,0.0038601384900633917,-0.0021358914998668155,-0.012943367518516102,0.006727337043424431,-0.0021603135206084145,0.06683033652701442,0.009515256872521194,-0.002166740825841562,-0.015179057306834332,-0.0003538713783786118,0.033655333146543676,-0.003279838944479141,-0.0004884751768373663,-0.026179210943712783,-0.0003599229226478595,-0.006584660018398303,-0.0004169264450394339,0.002086018661295208,0.006416155591093542,-0.005378811673609429,-0.008466058515374852,0.0038363254473694486,0.0013459443622239053,-0.0005121670235080922,0.0006662040464699981,-0.002261488139694623,0.009218588153858898,-0.007814390662508996,0.00626213234068862,-0.025712936852059,0.015585665483353939,-0.011585986379729074,-0.0023516724171394054,0.002379301208914386,-0.007122556378604483,-0.03716546279864563,-0.004301010251568482,-0.0012221301629758985,-0.016057569306467068,-0.015819916527213596,0.006930899659048029
2023-10-02,0.014835466720771961,-0.005434174087648458,-0.011564289217603219,0.0037447058568274016,-0.016176104567178773,0.0100526885807386,-0.04493496573985134,-0.009075834221646817,0.0043765507642268275,-0.009116012972074539,0.01840783446134786,-0.020085512269601646,-0.024835524456634395,-0.010334030415126705,0.003181049816866288,-0.005336429275043186,-0.0032737028740936758,-0.006337428769809583,-0.015317175430426322,-0.004688790147765687,-0.008550370380675187,0.005138621142134037,0.0033831141459972347,-0.022537566147954657,0.011239531906868327,0.01171884291030123,-0.021696595286343934,-0.01233558278280067,-0.0528317564573626,-0.009380563984666246,-0.028219584723307656,0.007649505658129829,-0.005042672893916356,-0.03195114031498114,-0.012247726345578358,-0.024455597141884944,-0.008856726200364928,-0.015920441336375712,-0.01120912874097968,-0.015165226033859391,0.025294089735080627,-0.01566898306743658,-0.01802478488190118,-0.007711440360951172,-0.011529693931200735,0.0035638864856721852,-0.0025316613131385335,-0.015598632296570547,-0.008619329029193379,-0.015225407469964924,-0.008931733116180673,0.0021595168302048773,-0.002787482054307233,-0.010103907397955525,-0.00015147297932316395,-0.021598793305556585,-0.0075294284756998175,-0.019392875889237993,0.02201808064131483,-0.036316916303069324,-0.011177096724488522,-0.003885387300835763,0.01916079053708164,-0.03815969243136963,-0.011085681660857771,0.029494936662326943,0.0074584506235535475,-0.03976572476738782,-0.0015935989999287248,0.023213684594647344,-0.004593467389431782,-0.022399640004725496,-0.009404881689244693,0.00036005251380100134,-0.0008259603993455711,-0.008753724600626733,-0.0015338347611925096,-0.024590223354816865,-0.031056937978999888,0.0035851346747175494,-0.04057030646187609,-0.01149936349389935,0.002085850739398154,-0.02330225091330218,-0.0025094745435401133,-0.035090845014137395,-0.0022499546171687035,-0.020506912037818292,-0.0063682588834632625,0.005515166158101437,0.020587557317493843,-0.0048617334198557405,-0.0050680626022828745,0.005478123071662289,-0.02554521835199619,-0.020055499119156828,-0.030592194368562975,0.0010629273547022589,-0.016584419112185556,0.0009604645336351858
2023-10-03,-0.007769707597176212,-0.005531195929815991,0.000626765036239485,-0.006585326164853522,-0.005256139235011226,-0.027321912836898554,0.013502372308255683,-0.023480432110167926,-0.030889851028438997,-0.01990154569965019,-0.03661366636292884,0.005803100288903851,-0.029588087755427317,-0.01526087600725845,-0.0268185210140508,-0.02732332298854534,-0.010890230753628938,-0.014479367449347413,-0.015802574051770768,-0.01012067539169248,-0.00721885682209622,-0.01088550144614675,-0.016968354546603392,0.004269842944834457,-0.01097462364908719,-0.0064813859209541524,0.005794203221025862,0.002341955818712993,0.003781464210336205,-0.002835292798040845,0.009170091464854035,-0.0260805207327921,-0.005458150279024077,0.0037453826762576803,-0.023880577616976595,0.004690172007512983,-0.01949642508740912,-0.009467811674848448,-0.011201048435470984,-0.033569517143366534,-0.01296861683856454,-0.03886969257952988,0.007291903326968718,-0.026314666328611125,-0.008050052314033995,-0.0029118396559614235,0.006486149133194896,-0.007827289198220622,-0.00737280107984728,0.012940113152539068,-0.010814630347417364,-0.024336303457539787,-0.009783886900754268,-0.027121698710418585,-0.012100591114518555,-0.012647871333174687,-0.015815806072189686,-0.023180330464549814,-0.019164327321338215,-0.015850274302707135,-0.010822458914739319,-0.007606038305213336,-0.026134044333797735,-0.009285300027841226,0.005604934427853481,-0.028247996786062712,-0.020522893727723313,0.002568213666041208,-0.008689457907652742,-0.0011783430138082585,0.002066108267082978,-0.001999579504657567,-0.02848265461778976,-0.008190655423184645,-0.007977230844103511,-0.01065302161423387,-0.018105933523719475,-0.04201683794976152,0.021049305745656666,-0.028086810578575205,0.016393396356934486,-0.02115123576201494,-0.029104390475041875,0.0074982319871859104,-0.008034369478189918,0.004405298903450872,-0.009359759339541251,0.007704785728785746,-0.008319528994042313,-0.020151062008054166,-0.009911224842719002,0.005625670308652797,-0.008576445700838597,-0.010637016395282806,-0.032659735604454676,0.00692691435255921,-0.02373150062270124,-0.006308616346793472,0.0017296352933688919,-0.016552099782917273
2023-10-04,0.007308714181273546,0.0017636043856041894,-0.0014614809684762031,0.010318966035271826,-0.004606261259450073,0.018595035428944806,0.006592332227894682,0.012278360704090385,0.039868083440936175,0.01697258970605775,0.018280939360016735,-0.011592221377473177,0.0011578967840912835,0.0048939434801196224,0.011850650521722406,0.017682679371953558,-0.008563397113532045,0.0018948049215643525,-0.0012543925000105816,-0.01464847918215173,0.013469390174254636,0.002355706507136901,0.00046019815114628493,-0.03630950430186175,0.011963688553584761,-0.0037279486690660057,0.0021851081577628495,-0.02330327287959344,-0.011772848890263754,0.011320272131116527,0.0017153572433104003,-0.0027659079031516765,0.0017639843514916098,0.004197833019720099,0.010115386603326115,-0.03927878007031671,-0.0066279721669856295,0.010115032172108185,0.020062797982860703,-0.010834810768235892,0.021218884426248197,0.008101592375171496,-0.044682940571472596,0.0015413145201679246,0.007508080883749546,0.004843658277076557,0.006724614850618593,0.003655909056183182,0.004484488490366756,0.003898645508898735,0.00291540163727122,0.011938530268760683,-0.006190631448656392,-0.002847707789471632,0.006904368698492203,0.005186799983944113,-0.003527716952863913,-0.004314601779558669,0.015418120020030734,-0.008672136665085262,0.012642967386780057,0.003930515717837757,0.01777325144029107,0.006248254189156421,0.008413171513908413,0.01204137537289185,0.024492932149997815,-0.03874474260651317,0.007215151981434298,-0.017404139301019805,0.0032993272384782557,0.0026714928509474767,-0.04445209396485217,-0.0030855384876511405,0.016936788842370154,-0.006517384246533253,0.0186633059614163,0.002144329263344291,0.009214447971531037,0.01644122548426763,0.0022610848571420483,-0.005093502877741685,0.0012412884532233548,-0.008795712423405155,0.009653897426101565,-0.0050391492272119365,0.0021627879045200693,0.005684459033255429,0.009818687975857499,0.05934371052307452,0.00225725981324687,-0.0074099709807736724,-0.00019504287900795614,0.010532761523757594,-0.036757013011512796,-0.013758591771222739,0.007758155790790422,0.01200575915374924,-0.03738249831250018,0.004390585169087968
2023-10-05,0.007197799007556682,-0.0016250009280728284,0.005750041528717276,0.0008727433164488207,-0.004627796026236641,-0.01497146180468456,-0.026742985031807387,0.013308522093316455,-0.011146305718424343,-0.0013564054431431938,-0.008188983586829512,-0.0023563565119353314,0.00462584803007382,0.001623369813259723,-0.009095719910935274,0.00592275044891144,0.004629580672157019,0.003986136074531466,0.0017583957186182442,-0.015960445275691182,0.014879275009006543,0.0009472966671042471,-0.01035185699415353,0.0007940265976471572,-0.003987372037031034,-0.007109524561048297,-0.012289294871804746,0.005274776393505487,-0.023588483290690077,-0.003474664723736587,0.0037024947307831013,0.018784661221944665,-0.024456975822016225,-0.007431617567664639,-0.007685310785092825,-0.0075402722076008954,-0.007506219703130479,-0.0011942898481906994,-0.0005351038836816091,-0.023518108124270465,-0.0012571255346808252,0.00615661794866762,-0.005487314915224806,-0.0023598707574270517,-0.013588949079071266,0.0031898072218166096,-0.0011133547080741657,-0.015912487172921264,0.00421652185026411,-0.02090561994149076,-0.048328509850095513,0.018853579054791014,-0.009917087901043509,0.0010522180006173887,0.002568663433677454,-0.013994808623710386,-0.0015731210576689358,0.004833271147316687,-0.002585018491867541,-0.0021586160157571754,0.008162975957246799,0.01399621362086445,0.0012541164305512886,0.02596681570781012,-0.001042760356498862,0.01469080401839351,0.01186021660262826,-0.010326478700710018,-0.05215777310556036,0.004803330011676321,-0.01486610493797702,0.0023314124039690576,-0.00914111164950937,-0.0004553097109234461,0.0035141213970357743,-0.01055345367922067,0.013384564932396481,-0.006808038983920128,-0.0004642248828526929,-0.00276030133360583,-0.003609465809178425,-0.002947527084878554,-0.005221785174260307,0.01228671063160136,-0.02009569390028121,-0.01378728052048106,-0.002385165222244412,-0.008816895795148882,0.008492311802854813,-0.00425032873937603,0.010986721526158094,-0.008058613313490337,-0.002211771398893614,0.009774296064449128,-0.009248373094284279,0.008877617108429936,0.008467865701155652,-0.011925448984441034,-0.022511077443728822,-0.013680869165997978
2023-10-06,0.014750562810415646,0.005357681273411075,0.00706857837438557,0.00817030924401796,-0.0036920651996872333,0.029809699804506984,0.012056519744558125,0.011970126480290055,0.042075542197793414,0.009016082851487583,0.015878056641289273,0.005851154844401574,0.00038376943808193786,-0.010804996626324725,0.01016317726035787,0.012431698955391202,0.004253844107263038,0.003709496285727809,0.01730181299303246,0.02009196023528559,-0.0057409878458906105,0.01009266665554498,0.010460138855727052,0.01684020057436486,-0.021052724691396296,0.007160431826989999,0.004414944293433587,-0.01018911126229316,0.017569566266304237,0.007585860278660039,0.0016598559916574107,0.02635817070126234,0.008423471291705953,0.016846145361382403,0.00938735396629431,0.018740525244653083,0.00840341122323629,0.025294277829787992,0.0005353903731495357,0.019465552477870407,0.01858299617200254,0.00637689390056595,0.01655277503501229,0.0038395175275240945,0.025774923352494428,0.003603680658662345,0.008359035097767586,0.019871280743708475,0.01539533225158185,0.0027006507562692406,0.014509372377986107,0.04384295559628204,0.008506514000449217,-0.00130144789911657,0.009563680601028635,-0.015898183516128594,-0.00039416318355800506,0.01708409634935948,0.034909174680172406,0.006489747434527127,0.0019053299585534145,0.0027027452867203205,0.02473685716417795,0.039889866442955224,0.013779997480449335,0.024033192863360142,0.014859295285689855,0.03332210227516419,0.0011865362579963623,-0.010158430650176964,0.0020166025350725203,-0.0004983494528886245,-0.002648874904216947,0.009836129977083719,0.011549831358757645,0.0056214178161067,0.005196492729399704,0.009009037923331631,0.005883287090962197,0.007694785584515973,0.013282893023300213,0.014003498764251887,0.003927311712527137,-0.00700928472033624,0.025138505497535713,-0.001331543528516499,0.00831142864438239,0.001064239015258206,-0.005674963772346775,0.001845841218459432,0.01662047984359938,0.009071053335668378,0.005802476930600875,0.00668144763597045,-0.007452277071098301,-0.009789690269995432,0.009923621710788755,-0.016783957707081965,-0.016698833574321004,-0.01953376884687763
2023-10-09,0.008451115026198108,0.005869004362184516,-0.0012385691153230516,-0.0005766769385375792,0.0142740418219236,0.0024757393309975395,0.020362975077885093,0.0036142304065740483,-0.0025176860168292237,0.015216794173917858,0.0023444468936362206,0.005923794329313559,0.00920601996935888,-0.0035500302946774864,-0.013025373554592212,-0.007157802627383303,-0.0008823251109972841,-0.0025696833754975668,0.004190335518313715,0.01977141818389616,0.00448563740053709,0.004996019917147265,0.014262707735489766,0.05627317206002158,0.0025828028499270683,0.008793263014615471,0.010789302307611104,0.027676828385721608,0.011510837238926985,0.011623671877955655,0.005247984436904218,0.021220095669273853,0.010541133216455778,0.015071354027585304,0.007905294746231917,0.054358625197378,0.005833216057214319,-0.010854769621080007,0.004281478894978097,0.002912606565601772,0.006105505062048433,0.0004159393134002265,0.06771775102453281,0.008674263398837923,0.01007260324292436,0.001196989145046956,-0.0035920317061609586,0.005157579756717601,-0.002274259218726371,-0.002020015711760692,-0.004892708434194315,0.011570781785317674,0.08933675513853534,0.0060140014948406595,-0.008116215736566401,0.006848789279788159,-0.013005771821526513,0.009458652187812833,0.009288823113431155,0.00735305259607455,0.014974990208786565,0.005968414864008231,0.007822667587187748,-0.004497322749452359,-0.0023683714067967987,-0.010685720361864548,0.0032739050703687322,0.045276774902885064,0.006675556889788048,0.0021130201769417045,-0.005066248576164889,0.004487919802730778,0.01849981530972533,0.008297206923151501,0.009559055421782592,0.046151445645544964,-0.0018308622517372308,0.004464299914435532,0.014468159148572468,0.0066197794599904825,0.020408309353886933,-0.006598163836364024,0.0035734848171720124,0.019377057296185107,-0.007017769265774576,0.0071422625577890475,0.0016938490874018886,-0.004854001588329715,0.0019023867575476139,-0.003300907210654902,0.003239160453603951,0.009088277713887871,0.00045367242722837986,-0.0025526912000117807,0.0033193120416301625,0.0194489669622262,0.0002520592843435754,-0.0036443408867965488,0.03499120919185139,-0.004604095764665916
2023-10-10,-0.003352185584468481,-0.0014754255082609635,0.008267773599654804,0.000993550404869703,0.003382930566449227,0.009071066129632932,0.00773838999407972,0.0013094272122582407,0.019070775846009136,-0.0010680176303489164,0.009511938819224852,0.026738782637022007,0.02660588120321794,0.022746009719028848,0.016838753965008335,-0.0025946117851058936,-0.0038864258129808205,0.009002707314129887,0.017182060797223064,0.00704024547406612,-0.0038957272160984324,0.007215135924792726,0.008618929106084305,-0.01173858617196366,0.005581750404751729,-0.0009273389060540094,-0.0013837354440288108,-0.0010798330282211221,0.009720209640291744,0.020629867307378147,0.0015569479312147472,0.003423845583989671,0.009840451941318884,0.008047148829112505,0.003921600273317782,-0.004165281216333527,0.010770543437503388,0.011064703422850597,0.012123649680096715,0.015811534561042118,-0.002600813506020927,0.006909583374531847,-0.0038730323039491976,0.013068727955911852,-0.0009652001533436705,-0.0006327560726472337,0.01026048748609032,0.00019013003547052598,0.0060784789886847435,0.009614580999034672,0.021747251842239246,0.013204691699487459,-0.003275736340126345,0.010012951188496544,0.014262563988810095,0.006402132424373708,0.013975859839645555,0.004523373288775945,0.010931049002396609,0.01785507316640822,-0.00491784767157144,-0.008516768752884984,-0.00433566547452946,0.02152521362915527,0.0076383167091560455,0.011596498761732965,-0.005529367333247603,-0.003116199774672812,0.01883971087165781,-0.0009037692957727383,0.00990499890825558,0.011335574370007429,0.010610531388698163,0.004561692401258366,-0.0047442849570387136,0.00493222576327601,0.005394725864737104,0.0005796562520805626,0.008041217036575565,0.008486348665072585,0.0007299287141540045,0.010812483549446084,0.028635628464597884,0.015614474990122584,0.009991809113889971,0.03659225071708949,-0.0006764290375378401,4.033742347386848e-05,-0.006309008240737324,0.015211543440507347,-0.004311461732529165,0.010034310189805273,0.007839847982307191,0.009213443793713694,0.025679429403003162,0.009856797694635544,0.0030226492194931343,0.011293737014958616,-0.004237388482487003,0.012278227934696018
2023-10-11,0.007904080543833514,0.0030222520277680687,-0.050430368838970785,0.004854951131962881,-0.006068940113998833,0.0034357590405469374,0.014145189938742586,0.005885360343910628,-0.006421471093651765,0.04552989695723486,0.01814956889912689,0.013124624404191376,0.00037027140063661257,-0.12272240588124572,0.003774003657631031,0.0011215975064138295,0.0046108434207488,-0.0003729770591092141,0.002171799043337197,-0.0013909005245072992,0.0024324981033703175,0.009220010946709989,-0.005172104066779815,-0.00290714425601879,0.006102079851686648,-0.0038982162559219047,-0.01266833168414927,-0.03266464481557285,0.008687678923596343,-0.0037866816826896965,-0.009201619038187614,-0.0016473293807243161,-0.008185590043839452,0.0104565290274099,-0.010799692598567168,0.005208758656884527,0.004098341241997483,0.015967097504250294,0.013031414120877827,-0.01588308176754838,0.018035840249607693,-0.005559640419304235,0.011907404389234655,-0.00391006666707594,0.005688620931256105,0.007881045372304163,0.012352533480396222,0.014820363516401702,0.0034327335876322973,-0.003007209617309825,-0.005922608101912141,0.044829215978275716,0.0035623853757011936,0.0026632672960709147,-0.0013987180916714692,-0.002385590067797372,-0.043187298436694554,0.010775227727178871,0.018580810400947723,-0.0027581731159244116,0.001647316413367017,-0.0014477293098170696,0.01227184064449105,0.017429998520236856,0.010551045729161324,0.022009631578377098,0.0030188050544373013,-0.009846771655236619,-0.010827267038150068,-0.0018086707696814974,-0.01229429133858273,0.00417238683702581,-0.0023133736856634224,-0.010595638362382753,0.009734756306691184,-0.0005453832713274709,-0.013200074435999132,0.002510639776090562,0.00993372905497969,0.006277449114572731,0.01050316661745998,-0.0021393402970952824,-0.05243397156794938,-0.012700371972522717,0.008847482364813475,-0.0058377368936048946,0.006768254162336174,-0.007094714503479982,0.0011095828080798231,-0.002389822071472425,-0.00020983958175080364,0.015168428209218376,-0.0016070766242105572,-0.003888397106011743,-0.0046847081819748615,-0.00944575531531977,-0.0032647767111863013,0.00399735072986207,-0.03585331651141643,-0.01653231574320313
2023-10-12,0.005061192695482664,0.0029758928920431416,-0.02105710930674276,-0.026172893448869305,-0.01261860222396971,-0.0020168512285937412,-0.02391066060245839,-0.00633840137608932,0.004431754849536507,0.0050776360997051295,0.0037927633547389927,-0.02432806698769241,-0.004441171656945575,-0.031460059642495986,-0.007470859974421984,-0.010113973012607858,-0.0068845216796316056,-0.007949915540851227,0.0,-0.011802317008879681,-0.003996592869205395,0.0045846945336252,-0.0076852922747335795,0.008913683655287441,-0.003076798018805338,0.0035408133551746435,-0.008821116372986215,0.0008069117838696016,-0.032821431103497556,-0.018183796679179576,-0.032065670206361196,-0.005892636857367184,-0.012576087768749522,-0.02047409554800439,-0.009755956375984476,0.012483278470667658,-0.020408066987383178,-0.017040506784518406,-0.002598655699248442,-0.02130414684374915,-0.011241747532359181,-0.010127101984505282,0.0021614870531270203,-0.016876512069188165,-0.018463272979937995,-0.013893686902684776,-0.0010846754623463628,-0.019659148021234807,-0.0023262474159864155,0.0033514374499372668,-0.01675657328581681,0.00862418183183089,-0.005748244248936163,-0.03143285524071915,0.0002250909662440126,-0.018850611858237998,-0.021950845455697587,-0.005887094780929747,-0.011164728403570745,-0.015156576124741084,-0.007518740560497172,0.0012564973094133514,-0.003790350949203547,-0.00843782862670317,0.006082152772698413,0.002969612110929498,-0.004833961243982388,-0.0020520338476375244,-0.027917664692910127,-0.005738570013318789,0.0022378141767205317,-0.011569165562354655,-0.012307069688853645,0.003059785678993121,0.0005377040271026257,-0.00013642021913728986,-0.005764104476179588,-0.007705780176982313,-0.020864340896071476,-0.016348440830535216,-0.011693333045054377,-0.018529965924887093,-0.023841581825009617,-0.021665678031191127,-0.006617256006553718,0.016606911662184975,-0.00369741373857313,-0.02044134349891691,-0.010344306053774677,-0.015665976919941982,0.0026902289340486885,-0.007112884309142253,0.0005151345886875713,0.004667290369114729,-0.026003046056332302,-0.017482608436019453,0.00125989632761625,0.004550359373047819,-0.0001877561421114171,-0.017992985862772426
2023-10-13,-0.010292729969493486,-0.002292691528991364,0.007539558221854925,-0.008312380883296666,0.0075579283866833435,-0.015509719347150175,0.013472929213482532,-0.0008177710363422852,-0.03401052069582822,-0.003297836873173643,-0.019194502454286222,-0.03340302816367213,-0.005204407173948544,0.004099782670960117,-0.032443314880740814,-0.01337702990761458,0.003732753921943166,-0.0016490404391014124,-0.0024078050316390653,-0.0061939997621485166,0.007643178600141187,0.031406325436419635,-0.0020500735636597156,0.03096363150219572,0.005427681971099885,-0.0014855226777958919,0.0022248070661010644,0.01755257062072535,0.007942276174310647,-0.00423759661135914,-0.00028653593528793486,0.0,-0.010348268186882836,0.007383742320977049,-0.01970442214259649,0.03784128053799507,-0.01583334626492061,-0.01751563022874192,0.011594530780941303,-0.021767637617800872,-0.011585134576656664,-0.0017751831884182945,0.016774624382784653,-0.003753796116313879,-0.002065863969142323,-0.01968277759524595,-0.023615571308417405,-0.013751018372454626,0.015019596573265348,0.00551152177905867,0.0015147629293972287,-0.0021294303001390125,0.01593942497431744,-0.0058405326439398,-0.0046761113280504585,0.008611232221874765,0.009398186481841986,-0.006722106753111801,-0.029213938227707126,-0.00381925774111469,0.009943010818399545,0.004054470898350537,-0.010357508403572857,0.016761243165396955,0.006649843357773522,-0.03161150534508428,-0.007881923180996009,0.01819046613911879,0.01214558786761688,-0.024605077806322817,0.009558880716658003,-0.026211744668148573,-0.0013544187804044316,-0.02512106573867312,-0.008879113967411145,-0.0006820863039788128,0.0006563657129163847,-0.003494294331691017,0.01293762196300885,-0.005767921006956556,0.015045341572398785,0.0029646062620747315,0.015875492302495076,-0.006228437190470837,-0.02528086877822644,0.01064984099868016,-0.0035988677613135733,0.0006010545891446117,0.021651418620637797,-0.02993780718577166,0.026372957074676462,-0.0011539391527786158,-0.0019306016524200942,0.0037586599164665113,-0.0014260063402221634,-0.007764418394486494,0.030699551379566703,0.005536382370812776,0.03193389380528311,0.0054194255645394485
2023-10-16,-0.0007268066434785725,-0.004933664963554851,0.014416112369664003,0.011629062135391166,0.01636671893164454,0.011027820428376689,0.021350879198027695,0.024881307788011897,0.013036471541754802,0.009785364218134918,0.021265196921155027,0.0001081013102373074,0.00859483907826375,0.004396945630804838,0.005555664316264197,0.012411268004763443,0.012395926662045476,0.0033035285303411044,-0.011585788058418589,0.010636814921358484,0.014601227084434454,0.023075294862053397,0.010043262371411066,0.0036038990029994,0.009526515980510686,0.00725297552116122,0.005247374608239541,0.008167860763868662,0.00811851077852288,0.02595490222016994,0.004870452964376826,0.01612323549957706,0.009249951862776884,0.008795820995402437,0.016271776534845905,0.007630502743243062,0.010160922427511654,-0.0021941796516229406,0.019961321335028037,0.013486107069002662,0.01266743697422723,0.016456813050362173,-0.0016497414315417291,0.018532306674698962,0.01454567621716607,0.0054166372162061105,0.01640258661440419,0.019364746080118733,-0.0010133720917198108,0.01071331719604629,0.010209864531877555,0.01221281896648474,-0.0014736585957259019,0.012771349548334143,0.007863600743406973,0.006564448304165582,-0.002918238831108644,0.020786303495615943,0.02052810810773953,0.014208360967373102,0.004922863900434837,0.0012499295684937906,0.014981817400870234,0.015723938561361894,0.021319146469654715,0.01394616399897708,0.004249352477059265,0.01553524892170044,0.00675018666588767,0.03612581924154856,0.009537751863937238,0.013208723467479366,0.010669124602076918,0.01702544986807597,0.008175301028610082,0.00996596954419915,0.02372111456381143,0.0465614438977906,0.01427485732225553,0.010530441745574937,0.020434735154182482,0.020535161637621036,0.02408085337170407,0.0034819218453225886,0.02330179639317853,-0.005268737042163019,0.012189609626464204,0.011784167713839278,0.02094889433021252,0.01115006015531006,-0.002539835850470351,0.014825500674914727,0.010123512375845412,0.010098295120440914,0.02499011486507796,0.018910997150434428,0.016845659349105313,0.008634177067578408,0.000728139616805068,0.013432489161103955
2023-10-17,-0.00878478590395515,0.013244407603516528,-0.0004338092534262872,0.009530434641317642,0.009125071730603507,0.010435389208639734,-0.005127506685133065,0.009103971698578794,-0.012399020347321654,-0.008575076260757708,-0.008147882355257097,0.0036230652369573235,0.023341958329661017,-0.004377697134516301,0.004021797695896501,0.0010227792600472352,0.0034983897176916745,-0.002426122263340713,0.0061050163335920615,0.006868672492929884,0.009858882674028902,-0.004901938159423858,0.0024858269641792052,0.001197091543797768,0.003669795845872015,-0.004061989137070343,0.03513346622878877,0.013240440933139697,-0.0073425465957491776,0.0014852068888162595,0.007080056523060874,0.005716993759896205,0.010759182625724728,-0.005589185318354284,0.002119105442640601,0.002014543578868766,0.009220318268417627,0.008063105485314193,0.01616180821023394,0.00898205464790136,0.004457116429298358,-0.015999480212568917,0.016052675055144183,-0.004674989477438607,0.00048330932583895425,0.007973535631737416,-0.013676055652205643,0.0032295610225858695,-0.002164416808134395,0.0005752161098642183,0.011978383146887372,-0.013508710309146355,0.0016348370862226957,-0.0005045070458248313,0.001520678744297177,0.00480115146147031,0.014773493368335,0.009313338585156039,0.008874288612869874,0.00678226962270112,0.007464269830182557,0.00028802638312486195,-0.0017435812628305847,0.010486841609356423,0.00950615833402102,-0.04679469081208454,0.003035681460637596,0.0024475413668751944,-0.004407807127382535,-0.015629576125258726,0.0013005291000702801,0.008465303129118418,0.019055223966836232,0.015292702280332637,-0.003944944091163416,-0.0012165555426960628,0.005659216735062866,-0.0005585445882367868,-0.0057774939932541125,-0.000625801942632398,-0.0047950016507031235,0.025304928031029794,0.01787269364087063,0.011797355754672445,0.001931034017564448,0.010503674485908387,0.010370291258511077,-0.007716810397582097,0.010199595459240873,0.0036626021631882555,-0.002565112083892096,0.0024189865045700643,0.0033834346970174067,0.0047068575931437096,0.011764661559077627,0.008319885588193188,0.007923186317121855,0.0013026366316952753,0.013096830553855021,0.00835803776435684
2023-10-18,-0.007394819244837647,0.000670500739370139,0.03711723086486485,-0.014533747942345854,-0.009042557742574453,-0.020328080713351793,-0.006607755387721181,-0.00918014778400622,-0.028248061993003337,-0.0029533867586700735,-0.025405007278304192,0.0004848940459647455,-0.011223686695268742,0.006909477072565284,-0.0430298806116316,-0.030514006410425343,-0.009063946438038428,-0.013028749556006747,-0.017718534882483983,-0.04925729760688613,-0.004488042369056422,0.004314345460817215,-0.00766450289161813,0.009006817233164766,0.000522339669461136,-0.0031515611373773567,-0.006400289314013374,0.007936145226314917,-0.027439714543609495,-0.02272966764063189,-0.033688751078036705,-0.0176333872226353,-0.012812942185776555,-0.008655587136021214,-0.01574243936605413,0.01087114361487207,-0.024086354153324385,-0.022268695102375946,-0.010064821674967583,-0.028025106122359533,-0.012596454342749808,-0.023920114705661355,0.0020911783420538566,-0.019260546485214913,-0.015296274115728425,-0.0024942730600384655,-0.011647324729220365,-0.04298424853641791,-0.010980826607941196,0.013632373439856682,-0.000370013710883188,-0.0017590555991704449,0.011198517197624991,-0.023668701912568757,-0.02130568460668525,0.019471111965473575,-0.001510756027825133,-0.013450130634696689,-0.021697584060761055,-0.023743843496951245,-0.00162081778887746,-0.020927381228105224,-0.005872413887671346,-0.013590329431658388,0.007377800548907798,-0.03964674981566085,-0.007245059653817498,0.014802270650578597,0.010351013540693677,-0.040916141599156464,0.025776094200643973,-0.02887600379625055,0.020542538142458877,-0.01087332239502281,-0.014061935390285663,0.004736586048015523,-0.004565626042521864,-0.03445704233975655,-0.007599609958087283,-0.020173629447602703,-0.0021255542142298856,0.020368707612495873,0.00509669992652384,-0.017832632542459037,-0.0202377143190553,-0.020877882917700763,-0.0017658720729325506,-0.03612019670786737,-0.0073807207508921335,-0.04775363208267347,-0.0010992009345827114,-0.025645837700181362,-0.021376769331869827,-0.015464476272723071,0.02532138787920779,-0.014598412952118167,-0.010719481847106471,0.0007434057312067921,0.01400479037995117,0.012977213999110226
2023-10-19,-0.0021610132304149543,-0.025187518155025845,-0.0012556413405688804,-0.002732213383762505,-0.009125071730603507,-0.01702915510314562,-0.009977454541376551,-0.02284351735675716,0.0022511829407421136,-0.010508331082379474,0.002107149015711185,-0.015617475993025098,-0.012815903581933852,0.017155407510138554,-0.022819155402983182,0.009437442824395514,-0.006508364052545623,-0.006541731615776314,-0.010130899207679844,-0.024419366450814217,-0.02142592437273072,-0.005674170281732671,-0.02158103941480982,-0.0016588691780210496,-0.015679433344737537,-0.008369034934545438,-0.005270318216315628,0.001065576824199832,-0.0029441500114913977,-0.0022500022242902817,0.012207103887652115,-0.0168871283371953,-0.012579825673144751,-0.004649086922748125,-0.01790406165816094,0.0034620166323575674,-0.018723406658304187,-0.005763785416650791,-0.015438671338956156,-0.005088169635888429,-0.0015223941072601832,-0.00917359604398571,0.0030139626807301756,-0.011955623053068298,-0.006540578499440564,-0.014003040079228812,0.0008416471472145748,-0.026513645952476517,-0.004249186255762871,-0.004618102968859783,0.005550487606303944,-0.027073289051345983,0.006971920075849125,-0.015507190678536231,-0.013580479588408356,0.00917867041357523,-0.0048143344198658955,-0.01838930109716408,-0.013124229160117018,-0.015158298849206386,-0.01182734277911024,-0.015295524141539008,0.003665381252111688,-0.011773454070583611,-0.00693824628229045,-0.0022513852730532413,0.0008314246954523874,-0.0006015320788111955,-0.009072465815611497,-0.007004100174803796,-0.0056274127810646,-0.000259328414014659,-0.009118228464779832,0.002703191527843707,-0.010894766149670665,-0.0047142565661375535,0.007146693311051555,0.0011575257084510682,-0.0024024407321833197,-0.006501883756606985,-0.012354224338138153,-0.033075857393941255,-0.006514139268081531,0.06564248569767783,-0.02172131160578661,-0.016786021908914428,-0.0068545577686752734,0.005157732006771498,-0.024805241300367542,-0.09300310180733784,-0.008263974531725449,0.02141608214205548,-0.011441896418008968,-0.015412440741067401,-0.012012329717419612,0.01706925572500073,-0.008427577436170397,-0.004766601133928461,0.0006198109501924787,-0.0035539878357296883
2023-10-20,-0.014704148351306623,0.004878806616779974,0.014040144650372843,-0.019607997676895916,-0.0134073309049908,-0.016402216541364978,-0.01437778150520952,-0.02697391938332383,-0.005761757407162227,-0.006379242905741878,-0.02515573116103942,-0.015044587236760054,-0.02410977593496566,0.002453082653152583,-0.010254234877513535,-0.012337145051912413,-0.00035409832736943425,-0.008267933267196548,-0.009485747099802988,-0.009499617500557056,-0.012158614624162678,-0.01092955267439577,-0.004875780482748837,-0.01835729703956368,-0.022452772359337403,-0.00731433796223091,-0.013736277970963884,-0.013424150893318165,-0.01525571731130404,-0.016309522270727905,-0.007091217755081147,-0.007207065785697964,-0.009302326754113022,-0.008544003372161435,-0.009236759240628722,-0.022021461185979696,0.009540470050956484,-0.008134497331179547,-0.00815894233227421,0.011251353445695944,-0.015607880482085612,0.0028745085835137907,-0.02658324816594071,-0.00125530383820327,-0.005212022567042562,-0.006158927313064555,-0.021026202644424896,-0.009959409181104939,-0.016105733023680235,0.001871982422631202,0.0040478604376101845,-0.010426448886941442,-0.011153439511229268,0.00020990828121569827,-0.0089205869162291,-0.0010450595964268672,0.004837624361339055,-0.029069740444876424,-0.013298863221452462,-0.005858193916701282,0.0023467543571726868,0.022304046053774007,-0.01403468985572498,-0.016476478707980524,-0.0036876580443861995,-0.016959388335781478,-0.05990406829459649,-0.019259612574023754,-0.003487796848570257,-0.017313333654226715,-0.001349039831963883,-0.0332008508233671,-0.014324199967374995,-0.023813889253181175,-0.01109678220969168,-0.01813510392424378,-0.002435929856418273,-0.019845991539135133,-0.010686182304826986,-0.0210593946501334,-0.014234579157931249,-0.02260407839740075,-0.010170730680725937,0.007863662911395286,-0.014662681834834101,0.004337405932070215,-0.008126553992806373,-0.011305855954822253,-0.014334492672587462,-0.036890623300491754,-0.008652797327325601,0.004801937330234152,-0.0006576924160497377,-0.001839072568773803,-0.009364119096385237,-0.00031662868854431814,-0.022098106906700776,-0.01250244423430047,-0.01716505843083893,-0.005059734222243262
2023-10-23,0.0006940252128708746,-0.010257788193285933,-0.010332662492142597,-0.006935805689695207,-0.006177019051485155,-0.014652924095561626,0.0,-0.009072537178322904,-0.017679947603646218,-0.020623391026294624,0.011104892625885654,0.005498808765176166,-0.028126221580900612,0.004894463566403884,0.022817627658633377,-0.00016265159339401425,-0.00814736404713734,0.00291791528931995,-0.01990938877087156,-0.007544026542525173,-0.007067773730627502,-0.018677907317308673,0.0018663189140311065,-0.0219249547488386,-0.0011575634769361853,-0.013791779629600986,-0.029645886017369616,-0.03686381706931696,-0.012244068051808665,-0.005011321359787324,-0.008648087573801644,0.005444491761305903,-0.01530938336091281,-0.008043247827403621,-0.01447505202517263,-0.01193434968503615,-0.013745821369049116,0.0057503500189333145,-0.0030848626089468034,-0.014834913756920143,0.006637083342142969,-0.0027663152330674734,-0.01092374247639949,-0.004678607687050307,-0.004412204671641828,-0.005686606344537881,-0.030641364014348693,-0.006364077948997959,-0.013641107978997535,-0.01039883347178805,-0.008979275533911868,-0.013666519873589245,0.004480079383887947,-0.01112857643279963,-0.0019250071361820442,-0.013017668319052378,-0.004264027073930143,-0.027112499986715277,0.017366090893079056,-0.010976061925668246,-0.013579914384574066,0.006623210443825744,0.008112070422104045,-0.009278495636964257,0.0013636274594173159,0.03836974284985528,0.017771336050301345,-0.03620744877565729,0.0005000434711661672,0.006199086307932644,0.0006753779619121936,-0.018869518475103653,-0.004315600778097006,0.0002762974403900387,-0.0089188420993761,0.0079943866464256,0.00010603709870071754,-0.030273144474981972,-0.004564221251890932,0.0004856189312518744,-0.006126012381925561,-0.00940482459037384,-0.007979126818603688,-0.027958433874836652,-0.013180273680375332,-0.012956169374698012,-0.00864191089505828,-0.005491425311467846,-0.014852321297665338,0.0004245310418349302,-0.0103597482833514,-0.01693950248041942,-0.02500649160153101,-0.007927013149854334,-0.0034304921878820505,-0.005701721271705762,-0.019617602844392734,0.014172310419926282,-0.01467426374305203,-0.009920710930476195
2023-10-24,0.002543349601909828,0.010916994197819996,-0.010127331380679783,0.0038989912519236114,-0.0404696612233445,0.026637252317812443,0.01895023579497579,0.015089774417212487,0.016598300142556255,0.011206332520742768,0.015802781594350668,0.00734685875282004,-0.003910770742431957,-0.00852345667597354,0.005614527252253421,-0.003806522391846867,0.002142946998265227,0.005314121138768391,0.0010285231223641222,0.009016601426038884,0.02382339627512242,0.011924984460621069,0.012110150721127422,-0.01145540967474501,-0.0008147909296187805,0.015517131672033946,-0.007381649730879292,-0.02508086668276477,0.02074376519324339,0.0008036665583688318,-0.035334439106325166,-0.006498086097363687,0.02072984399869915,0.016564301318583663,0.020413363217589575,-0.012913900777646092,-0.007839590758353499,0.06495462568792054,0.007606953008087336,-0.022587221473426844,0.016923098004761883,-0.00013346560646354533,-0.0340937323140017,-0.006173947198390262,0.005207285677567786,0.010338502269735317,0.02186132643048433,0.0066115463044653655,0.0012056622984615295,-0.010754479660772254,0.028846063710455283,0.02736492771411525,-0.011789527536564037,-0.00555306638220876,0.00844471988542761,0.009891944713960044,-0.00594016784411,0.012309812818446453,-0.004649644529412633,0.05280363788941256,0.00973177749485088,-0.0030963564015699108,0.0036741743395536375,0.0002604052567141135,0.023052285669767025,0.01600908314254701,-0.004437660822763423,-0.004616425812237757,0.013180929966003507,-0.013294447710455182,0.011812146283186387,0.014310442365809362,-0.009907258684935027,0.006718120728551602,0.00989902693624245,0.07178998256333946,0.004458714901093952,0.010135721410034604,0.015589112140158567,-0.006453348456481378,0.02406822333020675,0.0076264674776111985,0.005652979229035848,0.038796046351816216,0.017320106332543883,0.01172983028155894,0.012792838253296246,-0.007687111456081586,-0.00797797339552253,0.02093550737020089,0.0065760532063139365,-0.011166639036804815,0.00782941268160342,0.013475641806347083,-0.014763103831748836,0.09270470434941247,-0.005065989083085087,0.013912293347887461,-0.009684598264547706,0.009683324730519471
2023-10-25,-0.013491657377589394,-0.007176557321450283,-0.013078753207869998,-0.01151676282732328,0.02274363077732411,-0.023556314526041677,0.008295610975310952,0.018206062081980612,-0.05517852573410509,-0.014341561955522164,-0.055771610960691276,-0.025389366458192897,0.003140884354886131,-0.012588381410989946,-0.00791794901078302,-0.006058200369608802,0.008731314853386962,-0.005108853206693298,-0.008219834465021836,-0.018473209341402508,0.01991116131688031,-0.002462038307420422,-0.01633690784171571,0.0038350268033844337,-0.003352541685105459,-0.011507222646510606,0.004544527741134674,-0.004979315396296036,0.00470886978760654,-0.004443634509850525,-0.021286187873592488,-0.023861534209964508,-0.03452496022077178,0.004444060559759322,-0.04122962697593213,-0.0016162953238997302,0.013169288578980698,-0.02129915642214586,0.003071047122673365,0.015756290192376676,-0.09509396421334504,-0.008088820144162123,0.0037286087637733445,-0.008400722243651071,-0.018571818538623552,-0.005152685800530077,-0.05088176680999201,-0.012725865559437888,-0.005454483386563402,-0.014273821845902868,0.0086268830054681,-0.0100771269864528,0.015400445969266041,-0.0008055115572795923,-0.001550744385952041,0.002954232264710699,-0.007782081654745143,-0.0042223008626095515,-0.0416572367256105,-0.008100161449309695,0.006582029603049877,0.005823594239547036,0.03067803811109404,-0.043953331823651576,-0.015592306457202776,-0.04314853764489179,-0.017151215578240953,0.011834376857902118,0.0009865830235868955,0.009858600476710722,0.0046699302612132065,8.984457534833012e-05,-0.01063166436798979,-0.042142720216082785,-0.002776832669376117,0.00038288855320578463,-0.0065525365537209,-0.00923133855152869,0.0024078033344747674,0.003419928875205702,0.005588845997531733,-0.011121443576462164,-0.022636387968552274,-0.02189302978949692,-0.013382966304185007,0.015458203213126742,-0.005700922279442744,-0.054728807682057456,0.043123304069557555,-0.018935922882932887,0.009923859133387891,-0.0010710030006046978,-0.016006000037813495,0.009375686936695438,-0.01506213279240276,-0.01778437348754469,-0.006364426803886825,-0.003001551184630191,0.001845019407351156,0.0033357599400529736
2023-10-26,-0.02460557417318443,-0.00041304700976163566,0.004381744195524506,-0.0021867172606365726,0.011259521743131717,-0.02042860726000062,0.005440376889692011,-0.0018043829122148525,-0.024880277434846,-0.009002129760712352,-0.01499299533713827,0.007652060108280567,0.02230924630779829,0.009017664594599406,-0.024966934611692082,-0.0026450350127066313,-0.06429962977773285,-0.0021964685300718267,0.01890711482633267,-0.010247512210566856,-0.01187114247977461,0.0010860159015071424,-0.08421055585094817,-0.017440494885410218,-0.004345519711127621,-0.019656557830110444,0.0016450358794606323,-0.0071852845272727395,0.01060685144143747,-0.006372476725888254,0.005346431026015619,-0.01005080220873833,0.010096911890747018,0.011911487754615369,-0.0239185088452476,-0.013797700889423115,-0.016464486270877376,-0.02158276252177327,0.0014032237807879433,-0.015856587473117578,-0.026510692457988316,0.0007749892961406157,-0.02303126468345218,-0.010429563576737522,-0.011398627446104426,0.04873066071915666,-0.009442719026743873,0.016424125293948988,0.0025642174123248207,0.011702282653579976,-0.006058395894673052,-0.031306663739916196,-0.0038419641560037965,-0.007308235706819599,-0.056224247611852074,-0.008526129203772825,-0.014425751903977324,0.010854838972952585,-0.037325270515033426,-0.00827853747922147,-0.08313867073774606,0.01852755821475438,-0.03751425154449495,0.019586490023488556,-0.03399659168664504,-0.03477816834505032,-0.010154564751350015,0.0,-0.0057898215883042115,0.01399288854401215,-0.005311956792240058,0.027585623487958566,-0.005779260057936053,0.00801675696251647,-0.0017248017277569083,0.009437574940199145,-0.014148952552000216,0.04172579267578014,0.008257131876895807,-0.0024917528234971176,0.008978354499078689,0.009996970443810538,-0.0018529294039631994,-0.004608440202760744,0.009186051393321293,0.00462125100903088,-0.01146695565095568,0.01611343318133085,-0.0016392100178918012,-0.031352997455599385,-0.003489286960627891,-0.01452099497667314,-0.05934806541576343,-0.02351695318387159,-0.011824036487711798,0.023152392923273757,0.015885328222361883,-0.006082550028871925,-0.009116822057263274,-0.012966485812699324
2023-10-27,0.00796934974585839,-0.04318190814648004,-0.012023800724615952,-0.006848360922922736,-0.025191101764116985,-0.0049459578056970654,-0.011086113954938748,-0.021692705464482986,0.029465166971098578,-0.030180531641713748,0.06832816082460003,0.0033503049627829906,-0.036370624199864254,-0.008937073067221801,0.001265234671785409,-0.014808780052934734,-0.036813284994850703,-0.013237780100407659,-0.02796140895101984,-0.015963311879512054,-0.021305468994839205,-0.003221261913990192,0.012515923075752555,-0.004310603364241272,-0.008345455946328517,0.0036987357433064805,-0.018271346418277323,-0.0672052660183271,-0.021723218187571947,-0.02270396282991638,-0.029946424970605845,-0.005640545553821541,0.0018741873725207636,-0.01872215666215138,-0.00964528187898761,-0.015241678227857047,-0.12246694872184127,-0.022518222708496016,-0.02394895150349652,-0.04658497305345943,-0.0008994922708425168,-0.023839285352485695,0.003802330361948103,-0.0055396618481938775,0.00533928771721226,-0.008625522531192309,0.09286606728837143,-0.01390878626987524,-0.036018821047720806,-0.027544293701927014,-0.009680812564804242,-0.013853119320407226,-0.005785065794338906,-0.006008884190692232,-0.0013989293790622748,-0.00027363513428146913,-0.013357967665331039,-0.021979814867325476,0.029062041534276384,-0.012746707442099936,0.0010189098093846827,-0.02586464039508307,0.005855586306160232,0.03975466814533046,-0.02039591274283703,0.00431474641791163,0.0058764079288984306,-0.016437522070359756,-0.011090013344948635,-0.03369707045392789,-0.01762357456382202,-0.027282279139602683,0.007538608863232543,0.00795292516982471,-0.010012932893761928,0.00012635457851550846,-0.0070141739570139805,-0.02547162510943768,-0.009380624214387123,-0.01659682130765483,-0.01525429442397952,-0.02675540237957985,0.012878231618079328,-0.019841153959682667,-0.017354308396985263,-0.032831267998054914,-0.008415862189282475,-0.01987909628153739,-0.02298442649570165,0.00748448962886572,-0.007002654740237646,-0.0025712473505017375,-0.024455426766492483,-0.008690879871423585,-0.014358709754953791,-0.029881094358873983,-0.022446592135387466,-0.0037089145520099454,-0.019052035138875767,0.005810564216018443
2023-10-30,0.012305179713955727,0.021305682538124815,0.0016154669651538,0.009171055587076093,0.019702949195640418,0.013528052637546084,0.006406031955517477,0.02469344292386233,-0.0025925541761776527,0.006193308527941088,0.03890722509168976,0.01480329248132084,0.020659595902509986,-0.0037313280617898847,0.015326662905717159,0.015115032698402198,0.004507957140409857,0.017183721786695694,0.018043837257077477,0.015090533613431933,0.02469430110148818,0.006529338595278711,0.02043390875957396,0.0028861992253910174,0.02182215878169136,0.00019387956888738955,0.008364745213188307,0.012054151136116964,-0.00199603278599636,0.018413366219023786,-0.014796625717756196,0.017017527991520343,0.004780668548952427,0.004227241459124453,0.017109643608841596,-0.004286074358533454,-0.01907610758221956,0.03253406174480955,0.015008863344407208,0.005143251008145944,0.01874439232840719,0.03766693510575969,-0.0045455725967676885,0.01815815581165592,0.015536561557196515,0.0007719458501727061,0.0042204038898039364,0.008504485991357003,0.012749570255559561,0.022762273491717666,0.016473475651240577,0.009781760595852562,0.005525501656632903,0.022328839067579764,0.022907150208784532,0.017164531013287965,0.0077777175898501305,0.01938566956005605,0.019984421818629805,0.02285188332728083,0.024173021002644735,-0.001361662965067345,0.02274030854800624,-0.006928488857979143,0.03898756561438699,0.016321091211358496,0.006535245759691222,-0.00899885910227105,0.01666467262898985,0.014613144461741001,0.014270104287617436,0.014832774757973732,0.013612258113091746,0.012868707756818809,0.019408305792058878,-0.007453379053596887,0.012279977958771449,0.01257006660346316,0.003908081335954883,0.0075625240329675325,-0.0032989405550853945,0.015096138150582528,0.0025580492218542084,0.02968957626383717,0.007185478813189539,0.013429058385558301,0.012386645753881043,0.006258442606966952,0.030059817599080274,-0.04794984223383958,0.010158892010083687,0.020226090660168783,0.029296023915827085,0.016618078510185263,0.005503344591544446,0.03528704864241594,0.01728590703205768,0.011478573050659024,0.0031264412605007674,0.0036001086964241313
2023-10-31,0.002818865803213333,-0.005003848248484322,0.016666683489211076,0.014998225532207865,0.0021001949521448626,-0.0008088801696295445,0.0017239010856127113,0.005082049323677618,0.024121435719099082,-0.028458412250467746,0.002863308000901066,0.02451330447538136,0.025301500232257412,0.012172296843306674,0.0004700297605848558,0.008499028939893627,0.00546351051868621,0.011617862148751934,0.014384943569694553,-0.06652631330037917,0.00430512052654386,0.013039840136673808,0.02076646604544563,0.005586616980046477,-0.004397446149215778,0.010859176738218457,-0.0016590230172733866,-0.0024643076663466434,0.007999893809451208,-0.006634125039349459,0.03738527978990347,0.01127903008325326,0.0,0.011262853501556203,0.015269026775523775,0.006377110229558225,0.013513440980649438,-0.01074591343338882,0.0099012911181513,0.03070181246971182,-0.0030531671142427497,0.009241006783370587,-0.002029313032406055,0.011404056118358374,0.01952708423733651,0.014092295490291562,0.022695466448975132,0.008227159493670921,0.011934252952489954,0.0010040416467982372,0.006055300963607291,-0.020823490754651286,0.019738071418767378,0.015182226316102998,0.01055254231234981,0.007764743168034327,0.008432156803688251,0.009929452271879802,-0.0045926265114921705,0.015974218026131304,-0.0019878039886920273,0.00019487714287302893,0.0023718742226681577,-0.031782835934260345,0.009528338518120405,-0.009256464768883643,0.017215926887801603,0.0022701910128246627,0.0061621318654196955,0.0003272746011362404,0.005158832895094223,0.013996036529399847,0.014496645080690929,0.010757798926074313,0.0077763529031864564,0.035891607538429016,-0.009769259080903758,0.025418505968903604,0.0076358403444702905,0.012287418409070217,0.007770759203508337,0.011740690766611772,0.02909607739841613,0.009174262076499629,0.012979283958999277,0.019508576367677888,-0.0022657679461586255,0.024556005631721556,0.011661115446890857,0.017632730628176496,0.010509805788944337,0.008794955534795923,0.017798074730506652,0.008666473663397234,0.022215124353083038,0.014731371415060313,0.008622901210975753,0.002392230231835546,-0.00028329471603005807,0.008258961072695747
2023-11-01,0.018738714152837233,0.009137264791596156,0.004865079749200696,0.01194945217239285,-0.0027945410032703677,0.006577886762385132,0.012443778303994346,0.012069669755119028,0.09685280117286643,0.02010147145287,0.02937864429857373,0.013703016048762784,0.002278064062068763,0.011100786973860632,-0.008363395354306302,0.006418695167662136,-0.004851692763163884,0.007089952605796146,0.0027854381727769884,0.025569720457345735,0.0265119335549735,0.0006792324329132349,0.012836075962115112,-0.017929429851863188,0.007892184074968611,0.001150787554677235,-0.008309222386681192,-0.012008516665824143,-0.002480164350699865,0.013986387809932221,-0.010519674833175952,-0.006373356820133624,-0.0026893726834671394,0.007312396836523849,-0.013255150628351253,-0.0160791996198284,0.016410269268875455,-0.01270361626898342,0.021008155128167116,-0.007092162521418421,0.019100545346820708,0.011692915582921959,0.0020334395177199482,0.006814370135553194,0.003983402475352893,0.005254532739755291,0.021643935122599878,0.015503759490326674,-0.0008629755100162395,-0.0014210161295633572,-0.000885194317712501,0.0009568568526789889,-0.0049710008064047795,0.0037781292511431808,0.0039060435648980985,-0.0007628737662259688,0.004110021376338979,-0.000500022692006663,0.035117985414992114,-0.004288028718952841,-0.0067211665811467425,0.001460479707535045,0.023542464661058027,-0.005337733474822026,-0.018390450462359875,0.03788642299372813,0.02272724881906063,-0.007280369839524736,0.009737910626162805,-0.0016360423304971894,-0.0027994668700913605,-0.008823377457551351,0.01770830849599725,0.0174326583818194,-0.0029064196259335207,0.009337686711237136,-0.009648652491068499,0.014988577946033699,0.01679032731560204,0.005983081717130689,0.010281425135900024,0.0017020791831214854,0.006771937404796757,0.011688364132450335,0.042511596071536095,-0.011282572978065786,-0.00011343956451936865,-0.008228991194061619,0.010988985253091776,0.023999240251476817,-0.007394201955620794,-0.00024079655805242517,-0.010265393063806139,0.014802210691046369,0.005748170384101581,0.0076857926885829375,-0.00402303899059675,0.008934635200091634,-0.0019839285245391025,0.0036406108265927273
2023-11-02,0.020693221552552155,0.005545029029007553,0.009999045757453251,0.024880065655112915,0.014712116755748017,0.0015584015925043104,0.03608779094390391,0.03722818710670195,-0.001943716056026723,0.02204425959811518,0.007810272439553012,0.013887366967018755,0.04621207287754925,0.0445256902391622,0.02616921575240405,0.045893335246701916,-0.002925080075694475,0.015330877130681708,0.04419179192649536,0.03144537071846054,-0.007761702592007147,0.03063904818153329,0.016260033569841736,0.04585591459135241,0.0003420053865847983,0.010730097151840923,0.03812327687681738,0.033199060413326986,0.021382486328813233,0.008340792099019723,0.015684187314618514,0.02738393142446438,0.016179404651149865,0.003908889164539575,0.007233337137662943,0.03566247103632736,0.023208764894062206,0.004941699975013147,0.012969359111709933,0.028571282262927378,0.008224517786758812,0.021486998138540603,0.02968048990601435,0.027561659003896954,0.013261674043828497,0.011072742656428769,0.010994902931453998,0.02169548275382671,0.017849397556107816,0.013225179186362235,0.011516660669142587,0.04658575091329897,0.012511676450302822,0.015839881169459336,0.012889735466981689,0.01862813780311745,0.01750158033625926,0.0005002728397787148,-0.0031424381548487146,0.019324158331826657,0.019298238211786112,0.0,0.006501719403638084,0.01851358231481659,0.04163369390107863,0.027902889296098632,0.010591040045069722,0.03112773691892934,0.011888215567590121,-0.00032777200736844314,0.012231754669122186,0.05631943940125761,0.01748657068166848,0.05834623784068871,0.01416401096858011,0.007668773207046842,0.0948002117019473,0.039946993720444635,0.02469695035764974,0.06977811094268338,0.018798653901187068,0.02996595666489532,0.022716730247190897,0.009627737292803085,0.009604458380217062,0.013967608436644019,0.021121960571255594,0.014644933301345864,-0.001949484274818114,0.06248172039245192,0.008521440676591885,0.018452498087219826,0.015665225242868175,0.019574140168354237,0.009629609175594744,0.014124379066214443,0.03183884376624291,0.003942477051176452,0.03284741912700917,0.02448465900315666
2023-11-03,-0.005181190622993714,-0.012843686409704569,-0.0012506516358046227,0.017428355261052575,0.00676619952059343,0.023790353863133218,0.006057596781611441,-0.009633345135215743,0.040990430250297694,0.012266063603129318,0.0038386235328597973,0.01583255367893699,0.028964487153140483,-0.008466926080878734,0.007091494371521456,0.020915739832269242,0.03305297348113756,0.007993835977149644,0.03527680533578814,0.006816636620096572,0.0008691179706201702,-0.0258396983712057,0.016000063220533045,-0.018603469519028915,0.008867166610702748,0.004928891430432847,0.013518976836923269,-0.007730496562438294,0.06158720139468121,0.02312879785307409,0.02533938236648714,0.02137100674170589,0.01510501845222545,0.004338755357041979,0.03975376184578816,-0.0038086121649605342,0.0414202068921512,0.010577050016669975,0.004431753969206476,0.03368065698611544,0.012628633629643948,0.04417375129968071,-0.007390883696583472,0.003666905950642896,0.013731684106510267,0.006054069797042594,0.01167098771153885,0.012190331715617564,0.011172578904006247,-0.013713390973906114,-0.0061306793089975775,-0.021506393100512944,-0.010261232466082237,0.0031905400755991575,0.0087798656181437,0.003822374544113716,0.006519741208177221,0.029161757274318578,0.011998653884619959,0.01679136225290989,0.0,0.005153114730796382,0.012861567917857863,0.02792415459149522,0.01884262420297156,0.034455125955827004,0.011041437524268227,-0.004109380517589911,-0.00023988178625578005,0.024918019875949993,-0.00904633672245847,0.028035036193406082,-0.011259794924608602,0.018404825678824954,0.017184531890251264,-0.0007245963648699894,0.026397401005690657,0.016384528610061233,0.0038504271977042315,0.018567794166193474,0.0037458243924812784,0.016196631572196862,-0.0072244533377566755,0.00953592788429014,0.013866480068980502,0.016025796945841275,0.01201066960777708,0.01601976889001855,-0.003196161264189201,0.006635907937775798,-0.009755008556401545,0.0035005847363374087,0.006127135636916137,0.001438906983971533,-0.019618436216538138,0.0033425632772310365,0.027400713149952738,-0.005195852923179589,-0.01218946555003153,0.016657197968110937
2023-11-06,0.01460509587780967,-0.0015557045529647207,-0.008764381384284148,-0.0012759746146333573,-0.004800565667886336,-0.009755810746427729,-0.0058955518441100585,0.003137715958431153,-0.0044543429844098315,0.011005773772928329,0.008225103459209127,-0.0107665012594661,-0.0031667614307668845,0.015606569244968505,0.03941575804960529,-0.007219156359937862,-0.0005678354373666039,-0.014723835910656624,-0.005205843358597195,-0.010259624331914519,0.0034736665389718535,-0.012264586823404922,-0.016674429350166164,-0.010688958578394248,0.015903319579264386,0.00528201988742194,-0.0051761817407363075,-0.004132600592574809,0.04540235759400035,-0.010335067245773044,-0.011876497839694466,-0.012342761349886544,-0.007842355942673906,-0.0062029397129935715,-0.004440077568286016,-0.013576957873291384,-0.02367428627082191,0.026257755104752034,-0.005515299682452124,-0.022169987389659473,0.008907609470810485,-0.011323958197295814,-0.01911162672697575,-0.003518177859459737,-0.007884119956572788,0.0072347049917245165,-0.0017098342007922929,-0.006215984219562376,0.007552342993119243,0.01172637170382207,0.0040535873569216285,0.048220495743861225,-0.004808640484476268,-0.003642162337110899,0.0002849524301704598,0.0038825545260714467,0.01185228082138412,-0.021534907831546324,0.003814157967248155,-0.003622620354869599,-0.003196358857432524,0.009286143686290327,0.010572613370125383,-0.029215920612751023,0.0017747310144753392,0.01657603568422683,0.009810261315747582,-0.019996774263586037,-0.0005395755952894987,-0.0025591306186510954,0.005797274670709562,-0.013472962810315625,0.0005137902780767423,0.0034304301752985378,0.001313373663290207,-0.0038685586543910633,0.013443615647205975,-0.00376155791662125,-0.016479548402406174,0.0045702719430349426,-0.006496191994332268,-0.007969122305227061,0.0022445499346805953,-0.00818635799326961,0.001033775301232387,-0.015950354260797717,-0.0016482604357596076,0.000615720221476046,0.006769169440661971,-0.0031369449915676917,0.004822008342176831,0.004572807518703703,-0.004129851872226364,-0.0004515545972401114,-0.004824896937775214,-0.010549715952562932,-0.006727447974499978,0.0013361517936394396,-0.01772135445198253,0.0003958574177165275
2023-11-07,0.014450944136182864,0.006798890494884358,-0.002105318110289245,0.006707425231149866,-0.006201817782586327,0.01643641752137115,-0.0050474278614868195,-0.013137321702719973,0.015212500655411132,-0.006304397483205215,0.02125376487729147,-0.007981307647006108,-0.00600069427321237,-0.008118453271604875,0.013619756350613299,-0.007087863086309931,-0.00947155093805041,-0.0013270387692884134,-0.0019027852803760181,-0.014101036016339275,-0.002778476332882196,-0.038489300492755674,-0.009891657330028503,-0.027179882140868306,0.002544418671042603,-0.0030024167364618437,-0.013808401570554296,-0.01761904161387251,-0.00021929266244402612,-0.02382020355124237,0.013962744640738878,0.006784066934092392,-0.016416676886833792,-0.00490422954331593,0.010158533898884547,-0.029900281501617387,-0.013579009812422882,0.00017898713476038886,-0.006531979278832756,-0.02404666425759161,0.005527902181015287,0.00012358551296198783,-0.03972667563775423,0.0006789365578196982,-0.004746478743014038,-0.0009398199712068456,0.021607356628699392,-0.0046912637540688085,-0.0004858172614272682,-0.00314600233527329,0.0036861837022599264,0.007963865212394339,-0.0022387855261072342,0.0018019681180854175,0.007017735208939113,-0.00089252700044129,-0.012803052635706358,-0.006288323165807741,0.009563098185160879,-0.003956369266077786,-0.0007401339694659281,-0.0032586019651277276,0.011219357103312788,-0.03220691163031153,0.019673743139378308,0.00445886837404208,-0.0010997336827264226,-0.025101223288145125,0.002879386130433481,0.002245034655561584,-0.0023189284436597735,-0.006334763442814362,-0.025588502391032386,0.006587272150763379,0.007670800134009559,0.003276727777818733,-0.0033642861658480516,-0.007011916483875447,-0.007366775082038979,-0.00020791107250084373,-0.006677834087806533,-0.010115949071754504,-0.006646341381603582,0.00571414620201538,-0.006752030347511817,0.0027015180126550575,-0.0008807749859903735,0.009274371383286795,0.0025951731555555746,0.013271256198382764,0.008191718653136393,-0.007930575274564422,-0.0029520901428131685,0.0052568675767972195,-0.022015493394280217,0.008417488344067081,-0.007256826910291281,0.00467011432236264,-0.015679573903954136,-0.007199864814146473
2023-11-08,0.005884829892217169,-0.0009143007828328331,-0.0006329774571403046,0.008344135376159079,-0.0011094233619554084,0.007890483349332067,-0.008877628958922523,-0.008240905809075993,0.0012340184523080833,0.007930523295065273,-0.004414580990635519,0.0021942331169206852,-0.009588070108249358,-0.004676937451408958,0.0028022697426159926,0.00980583667100876,0.0024861869798087355,0.0003754639633495316,-0.0033365546816116476,-0.00042563792202054973,0.00031974156688718836,0.001084767367344197,-0.012369215200852879,-0.006941550427150056,-0.006809340876136827,-0.0024467817640182465,-0.013392735432468106,-0.013918846683915631,0.007898254060174414,0.0003521832786117507,-0.0072132035328167365,-0.0010639073009132138,-0.004739380326578946,-0.010304653802497121,-0.02011284813609493,-0.011660148861050934,-0.011799523120135547,0.018336340509628624,-0.033618539134567915,-0.029919094155721027,0.00664262270748206,0.0018829797634176693,-0.004216044998004875,0.003901397699070497,-0.010663937291484737,-0.005375142787369502,-0.02192410912149312,-0.0058916226100309554,0.004930205256069575,0.002076208702399107,-0.0015740109410758985,0.03200353683384938,-0.012195832077263824,0.0005139104969047459,0.002134431751388277,-0.004391991510535043,-0.010623661752859337,-0.0030237407774542646,0.003011130797424544,-0.008910342875481092,-0.007652437101154708,0.0038463131568227116,0.007405691125200731,-0.05128218186105016,0.00027428954499564284,0.013469618221435109,0.030645020557521052,0.015780661114547234,0.0012562642053846051,-0.01376011167000235,-0.003851539518740954,-0.004305372431985588,-0.018004512755005142,-0.0054673042840953645,0.007888608020322652,0.006410981619997536,0.00597994781314104,-0.005974882800484527,-0.001746347022861694,0.00470651183625348,-0.012184768047230121,0.0003005418027011153,-0.0008000518660523648,-0.011994861878131258,0.0,-0.013470981715216435,-0.00018787442987833192,-0.010735120480227178,-0.008412480910923836,-0.00031502415940676265,-0.002045256750049962,0.0027907737967138857,0.0007046842060136616,-0.001391949004789561,-0.011946441912906614,-0.004729989182709171,-0.0014621472605688135,-0.00814976845225679,-0.01228276640944248,0.0010360202000776475
2023-11-09,-0.0026245788290137906,-0.028092956206607234,-0.0125607245630589,-0.01132721794886804,0.0018049408819054147,-0.010873242544039097,-0.0001294424401725447,0.004314488354189905,-0.0008803457817150306,-0.03366762353496222,-0.010416636461610618,0.007819423373206513,-0.012907831183889495,-0.035829554761992344,-0.00333744119212398,-0.00477901221321364,-0.03834418562350295,0.00542883323442811,-0.0076518465549398895,-0.0028533064898061955,-0.0008217774508078035,-0.021804702782580065,-0.015414245757199185,-0.0026210861975614064,-0.007243883351620184,-0.018867893261636737,-0.08453318840539203,-0.003230123026965348,-0.02329136996005665,0.0006766667384638936,-0.006604910097644745,0.06911236578452584,0.0012422438277597259,-0.004527012520391782,-0.0005005950961948225,0.0007425604698152455,-0.03482587638497292,-0.0066753894760959165,-0.03748402107457105,-0.033018911699190134,-0.012135730112023846,-0.011646658881931282,0.00026454025104527545,-0.02720343755321808,0.000762657997144256,0.001707702635962205,-0.0031645014725060205,-0.00730917830453115,-0.002971342350171824,-0.004475332454937364,-0.007532021386653209,-0.04491764964790923,-0.004947665908971999,-0.02152253558965589,-0.004464946319913232,-0.0021684990312043073,-0.022591057332783993,-0.000673898811121898,0.0024079052700745063,-0.006715776092500958,-0.0022388595796936084,-0.01934870611005024,-0.006910809093924053,-0.023864118769874598,-0.02184836484055752,0.00807321674433048,-0.001335399754998079,-0.00932130038618706,-0.007348149043544305,-0.02400520892249891,0.002266597371649137,-0.007483811457978939,-0.010553664466031232,0.0003331276390907689,-0.0025828359218006414,-0.009254846854976018,-0.014460552530826232,-0.008966160609531482,-0.008163015051153577,0.0033646661861637117,-0.01361130528904353,-0.0006010841493052643,-0.014338793392056792,-0.001277938852056404,-0.007517526980689859,-0.027856234686328807,0.007078104895160031,-0.022099480311427278,0.00017820284247949125,-0.054612601186257326,0.004229249582289096,-0.008349095548743413,-0.014089425397643573,-0.009306886292673289,-0.013653537666795224,-0.004193624237294302,-0.014153282271761158,-0.002312723098604863,0.0002913359058509535,-0.007165029239312615
2023-11-10,0.023220083991141394,0.003984608868498718,0.004489545132007278,0.017408267520840015,0.004711698004611353,0.028825529443022857,0.005695063631581565,0.015433566695472134,0.04493786739024341,0.01230767779149633,0.021052569890351647,0.017172668670075053,0.0054485865001572265,-0.0003046183557656734,0.021250542258354432,0.020220268750272385,0.003967443418168015,0.006835559000739844,0.01397589542530353,0.02361738756901821,0.016496667601849424,0.014883514313598134,0.0251956908882065,0.012790194502124486,0.024588430582097587,0.011346095528369515,-0.02156810897526773,0.007115643003917205,0.0020057622781848305,0.011822982603250765,0.007569537910081525,-0.022913425147879085,0.023159638124262694,0.0035243435751100005,-0.002003580141975214,0.011541621430036786,0.016494860592268346,0.019276521605616104,0.012536627586478666,0.007504870899178284,0.01804351746645838,0.0147454270220575,0.01296310967854919,0.012922531708858598,0.01649605381725916,0.01636903647319965,0.02804239725009605,0.019900484253321027,0.014831232557795726,0.005993957147904627,0.0010590885160015606,0.01080607668475464,0.005446852366043808,0.021576103121662138,0.016548088512536863,0.0032970823321483156,0.008417950269839825,0.01989545688951666,0.025643478269187225,0.01210467768623702,-0.002243775699055761,-0.009669978811801094,0.02489675563687732,0.007363862783499986,-0.008317877981539601,0.029499529302609462,0.007933629836155198,0.006602762663930228,0.0045738199961560255,-0.0067385388690511805,0.00705022381870557,0.008964473273837648,0.02540005623425312,0.034221546095416944,0.014536877985668495,-0.0025476706360506585,0.02054181960462831,0.004615900628440972,0.0008816631589618762,0.01622475783289712,0.011068106910846698,0.01623571015236669,0.010264540928221155,0.0006397207218187262,0.020547949917941066,0.01442091754892516,0.0015375277412741362,0.009363713913323135,0.00812618346542493,0.022240205086035525,0.004100062050858444,0.005993499553214265,-0.0015903527979536092,0.014939651068001103,0.02293195704460982,0.002526747245543026,0.012128800263752071,0.013848133522331718,0.00767293996834395,0.009942956804573244
2023-11-13,-0.008583707245447103,0.0003606947965599794,0.019367992948193802,-0.012699872849960103,0.007448295845396968,-0.0022793984393834066,-0.03449178566610189,-0.0014100758685209325,-0.015178307428517557,-0.0023193281990409043,-0.006756765374750118,0.04012204238257788,0.000722617823187166,0.027117598829899503,0.014631342685769821,-0.005338367705900127,-0.009089035254152833,-0.0015688834915535965,0.014733939528728701,0.00830266609405994,-0.0019780707765609806,0.00310360444077018,-0.010021373995696914,0.0028687684826986803,0.0019236581525932106,-0.006845393668587829,0.0399539672035496,0.007345207459736658,-0.009564096787308296,-0.011310260322189292,-0.005177682884353829,0.013254885291132057,-0.004850307056203151,-0.01416120143447075,-0.028105350506353988,0.002933911725862437,-0.004056798817127727,0.0021690140467887087,-0.013039996479583649,0.0018619712258260979,-0.0037708982996441653,0.004300923366586051,0.009663056266100423,-0.01207168645356227,-0.0010711934555240887,-0.006173618110390522,-0.016212130014579773,-0.008975702267408736,-0.0044389014676526894,0.003144634170424654,0.00370228992054078,0.025096013533955075,0.0003595993713045864,-0.0039054944966755434,-7.59592845743784e-05,0.005265365119365262,0.019807359836332195,-0.0004959478936645834,0.0012774886687929587,-0.0012930555141658084,-0.000499833999886512,0.010651994581764246,-0.008088219268178043,0.0,-0.01800016077893707,0.0058962352606948265,0.009551719820799498,0.01033126214105029,0.005092342584038789,-0.01696070687454876,0.00693487905918011,-0.006891986044682219,0.006258794832782799,-0.0028983572996778006,-0.00029009642700483784,-0.002310904492229815,-0.00785971559661891,-0.008270445576260665,-0.01115992698758228,0.0021319705609053052,-0.004549546815858063,-0.008135957303569086,0.03004160368947817,-0.0038362680682441086,-0.013264964661409029,-0.009508062648551974,-0.0006580139463226997,-0.007314370944210946,0.006119088690193175,0.04220830689495392,0.0025131054182681023,-0.00988242649101756,0.00043451957922435724,-0.0023649228048227,0.013043108609069654,0.003080279799642094,-0.0029347335731134683,0.008965642376854266,0.010505931415869973,-0.005081317228400772
2023-11-14,0.014285758191470155,-0.00418363351605322,0.013466854240746784,0.01539778285209259,0.017495465808546218,0.03455494667267622,0.03185851428849795,0.007531662183571264,0.02645771310615519,0.012486281978149938,0.02251214528584833,0.01432486570228586,0.054873568019554675,0.018985345828816502,0.01740513553095635,0.05427474768107188,0.007377957320404693,0.012113911362747087,0.03887582621417551,0.025613456532759038,-0.011035930088639345,-0.013735975595537075,0.009158749767390839,0.00156036895878775,0.021738584541772354,0.01799739235356368,0.02185923110261556,0.007291761712937772,0.04401540847088792,0.014062960915387723,0.038473345924583624,0.018224485698433268,0.03675860650991747,0.03252140075790977,0.04156993300665479,0.01673987473827876,0.0590632439832659,0.014975541802232373,-0.0028027102630416856,0.04832725750673883,0.01158289730520523,0.036125967598433784,0.0134508081686604,0.05401452967779763,0.019999075929216126,0.015597409766924475,0.03086582604929622,0.03248682362966293,0.018246641158278232,-0.000659907461420639,0.0029861334949197182,-0.0012428021419947921,-0.0018201252997844808,0.04333464792295505,0.00836810120387832,0.00850658594291609,0.0070755753417661715,0.0322527396579928,0.021628777442652902,0.024598096280560755,0.0055000602172743385,-0.002927593597323641,0.009790360739417636,0.05526300170816767,0.014875336145315332,0.0213081543943201,0.017082726062243037,0.00194776406506314,0.002026425976342283,0.009661899197344281,-0.0022302764857587976,0.05903015924521959,0.007621590251033261,0.028340729150757582,0.014893754841800888,-0.016335332891728394,0.020191308572995004,0.015381676375483266,0.02776936706036004,0.02304914091577781,0.03684672747794848,0.028187871190173075,0.004222217926848737,0.0032092679395123724,0.04465086124518103,0.04322035213322839,0.014922192991005945,0.031697158132881764,-0.013450421675805901,0.06123998273248876,-0.0038888702116479656,0.030038309570976196,0.036187310141701845,0.009277851999530684,0.01456504718725471,0.0016752494520670957,0.03213165365134141,-0.0001789999360466421,0.003850233944811876,0.017716034822151006
2023-11-15,0.003041007452773581,-0.003331571313076709,0.009476743703517254,0.01563237434336595,0.005144885432391222,-0.00575082810310068,-0.011368261198752894,-0.011368964856224961,-0.015682326463886898,0.011147599550939802,-0.017832688951265996,0.005976794167195987,0.013689306914505428,0.027947716518300192,-0.016599993918219647,0.016476724581133917,0.020783661814940402,0.007170101749955915,0.011722336215201246,0.013031627530245338,-0.006057926600510299,-0.024475845723304634,0.015763054088029138,-0.004414043614188956,0.010122136122989511,0.002068622774462403,0.009723420868089416,0.0035159559398993956,0.015917312030098385,0.015761832878158133,0.022798789616623294,0.031404372717816376,0.009402605336435998,-0.0026711642031513883,0.006940867723927324,-0.016384187264387617,0.00673085067966106,-0.008102293314552811,0.004282733181888876,-0.00212764875642546,0.007483890599618848,-0.003306476548316728,-0.018887506002982057,0.015018461028415864,-0.0036270222920335993,0.014427324300841926,0.030449079661203582,-0.010869652575066002,0.008757802625637634,0.003384450243812953,0.0019264554973539294,-0.036475604933669525,0.002071061824728826,0.012905473683332724,-0.002062218211256628,-0.004051651361580144,0.019699681599659513,-0.009453641255136036,-0.010704461161592516,0.01947981971044821,0.013177481725071605,-0.0080258705772841,0.00040601922246730204,0.007758418114789167,0.01957442431319789,-0.015466460973921126,-0.01757108343303393,-0.006965798568557169,-0.005115523980316006,0.031784013806938516,-0.0046014679642651934,0.018158830041073992,0.004086241315778061,0.012248727626658962,-0.007280514270354699,-0.0007435604228329673,0.00407191391581474,0.023544503796576688,-0.006357433844594862,-0.004580229818768489,-0.00853994262431168,0.01145940682322455,0.0021554380436510368,0.008317297764498743,0.009344973108200705,0.17754314308152463,-0.03318931869987418,0.02456124944062199,0.004979215920399405,0.022871793909364557,-0.00379309272694095,0.01108072188653697,0.02793872680668219,0.004737890192537453,0.004917404241438383,0.0033443090400007147,0.01806058646341069,0.012705221928393406,-0.006040802494083675,-0.007135504680709781
2023-11-16,0.0090419663339536,0.004941600949218028,0.02306123942777427,0.005591471355748112,-0.004310302132433552,-0.005043710771422849,0.011106797694464321,0.010081952331180588,0.015508490093683713,-0.007013793481863484,-0.0025837648398919777,-0.010109724222491567,-0.0027008880968022453,0.0039649034827762275,0.0025731074994426173,0.00854912043243794,-0.014155501480524357,0.008604436035529073,-0.004679382991145897,-0.011469945903450407,0.01732194258284303,-0.002615184315711505,-0.002821482564427935,-0.026427986631934797,-0.030497221368488425,-0.09834824833130706,0.005135930398371125,-0.0158279233927614,-0.007622325974566357,-0.006065119427722698,0.004563678003259408,0.00617480484906463,-0.0017466065538072062,0.018005367493443503,-0.010832019512381996,-0.01925745589716754,-0.02960860270290322,0.02269993623911648,-0.006929722766998214,-0.023454244843121974,0.017159432226745874,-0.0027547819143491914,-0.03277828787729842,-0.005678308591903991,0.0061197514241548845,0.0031459061443690484,0.06747107275637765,0.0009640161146740045,0.011419698697987757,0.0013163642972573442,-0.0010488369227437122,0.00035676829822994804,0.0010109070612176474,-0.012545801327104478,0.0006805766964239623,0.021191702087344222,0.011618393469440713,0.0033968822582783886,0.004448305190100976,0.004091757123473538,-0.0012268820860596996,0.006314681786391496,0.01758341433754551,0.005224055425314678,-0.0019475958590161602,0.012109362253369671,0.005348111931821498,-0.016150044503980054,0.0027503731083646787,-0.01391187950384154,0.009311877067220697,0.0029465902855665416,-0.007951791007852815,-0.001706559140211672,0.00810176280204633,0.0023738296313946528,0.011129024260101428,-0.007311067893385204,0.021811944301403763,0.00477540703392787,0.002917417068915018,-0.006310129335634795,0.027887421021397962,0.007614247082442738,0.0012197180805386676,-0.0039858989275773915,-0.011852681985406899,0.004101682917732941,0.012681591675711035,-0.038090924639652135,0.0026188768438706322,0.005869379778701278,-0.0017665620288708217,0.0018540399765731852,-0.029917176715160476,0.004999918187406971,-0.007236220063093657,-0.08092831878414153,-0.01157632982656931,0.00955611954374147
2023-11-17,-0.00010535144903556226,0.00014467066410306373,-0.007081586486344382,0.0015579865425430217,0.0005412012570142899,0.010743175112519543,0.00012915486113218577,0.005614527665536162,0.006592680492829794,-0.01341992270273451,0.016453061783939793,0.00696992807394059,0.014894913086870076,0.00028204888383775994,0.002045488231639192,0.002741673517090204,0.0,-0.0025843181060342113,0.015446724546805513,0.019580120508287946,0.0028379388440766817,0.0011338137709215879,0.000235788821083327,0.02321638687826355,-0.0024713477710394116,-0.005828473502039411,0.007451489673773848,0.018974437967537394,-0.002346869714877964,0.014766510715113812,-0.006360211815052641,-0.003809111302706225,0.005054436997444567,-0.001885138942791853,-0.000995556922485763,0.02734060305991015,0.010826963265449185,0.008323593263102058,0.012479952872329614,0.020014667372795225,-0.011830845876984464,0.00748515400244365,0.021785889953588766,0.0027083332256629955,0.002621773586452658,-0.0011106484997666088,0.010611340105609601,0.006163305987560541,0.009045921620165709,-0.004190213074595439,0.0019247701723694721,0.005027781836852041,-0.002042161945010945,0.007020080811184659,0.008058402952866306,-0.0013400832294768739,-0.0016024300648993517,0.008383137610422198,0.0025437254710547474,-0.003865921258284555,0.0029482612915925355,-0.0023530975046626157,-0.01680097058515695,-0.005743846356184301,-0.015333220950897952,-0.0036781686149562898,0.006017201276426132,0.010777669500961373,-0.005664530480902874,0.005038521475293045,-0.011516114014676337,0.0071130279770079685,0.025015421885288713,0.0059829841342846635,-0.0007239329053121413,-0.0068553798718956616,-0.015297230552643648,0.019938939335555128,0.0028747761014844553,0.010247973174901892,0.000969754444994475,0.012988897648354314,-0.010873006419080511,0.0012594296498953383,0.000913703552912537,-0.00038479560439153015,0.00531838400772866,-0.012804975782653716,0.0007570988869631812,0.0030395424675642158,-0.006539463942397239,-0.0006837668038154332,0.007283275026567448,0.003982824059625356,0.017962614783728847,0.0013821503165514226,0.010110624653803635,-0.004421944786197174,0.02439969756466831,-0.0013299319487530825
2023-11-20,0.009278216365798064,7.226714740093954e-05,0.01657454916801937,0.009364496804787015,-0.0047323280972740855,0.01090505267206443,-0.0025842134733894406,-0.0018610602475980231,0.00754432110755876,-0.00015083133682836092,0.0065436854591447435,0.046481511919847396,0.0010007041722719379,0.004512182365445927,0.007237052373042729,0.005663621456519552,-0.03815889147051943,0.00668652368277356,-0.0022047024165562368,-0.0103528918426945,0.0023805550655999763,0.006157977806053427,0.012258222622284931,0.006981489300204036,0.006324040677215814,0.010678425668210423,-0.009721103258442554,-0.000553875535745374,-0.00748495878453459,-0.009944091591095217,0.015641393325799502,0.009346800286139878,-0.0003869032020118457,-0.007887982281912564,-0.017189663151343293,0.009919277779693925,0.006815845653473485,0.001167364500697321,0.007289617589202546,0.017481111519645154,0.006947042665771619,0.0007664645387603919,0.005527758698339547,0.0029942931434325804,0.0030855080271963153,0.009549330678665369,0.021228031922699175,0.0030627761670911635,0.0030755395144170805,-0.005445583122301811,0.0024451028265637387,0.009954090126376602,-0.001956527688157128,0.00363273461663427,0.010242215352562978,0.011894804292323258,0.005350364110083605,-0.0006395493117202777,0.014714526544250983,-0.0037758384156505453,0.0004900381815247101,0.009139955216997508,0.0205218230069919,0.0057770287215561655,0.003397533084624982,0.022536249953453602,0.013522852398151874,0.002952702325350831,-0.0014392229482386165,0.002005414840110964,-0.005295534462061435,0.0006142116840597289,0.014952328483515798,0.00030897642166993755,0.0,-0.006400574893443589,-0.012029692990121021,-0.003874546532489198,-0.00472965201167419,0.00837997216839348,0.0023525987593271402,-0.003419415339524723,0.003155626482017393,0.01257858519370636,-0.0015214882887606418,-0.0018477420985587578,0.00787939442208807,0.0055956289438310325,0.0016295391909653123,0.005548455120893081,-0.0022187476958419605,0.008621817150570976,0.010744726116103553,0.0016428827893448794,0.004995549618879602,0.013800684140449215,-0.0039572031465645585,-0.00032188662477783403,-0.004382593005249014,0.003603344843214895
2023-11-21,-0.00423084182422917,0.0030367323757667375,0.007015886443512587,-0.001933957388653318,0.0016302241582650812,-0.009239867125601764,0.011011726370363295,0.009477937034215289,-0.019501317707502852,-0.009534683212680917,-0.015260459261028925,0.0025722178187690403,-0.011662659676100473,0.0022458454036455855,-0.00408181831184018,0.0051601265025911225,-0.008588981719957256,-0.0009132554300185225,-0.0037560379042137493,-0.0041524938696725355,0.009544678680113439,0.007703154902835463,-0.0079179641739473,-0.0019066140767801665,0.006026073772839924,-0.009736977306659012,-0.01259066504396078,-0.0023548297137221397,0.00021541806225022775,0.006099981952716105,0.03236520842565782,-0.006103329579472239,0.0009675117577487846,0.006494998976434019,0.023827560003056858,-0.00782556825562053,-0.014506756914444807,-0.0014991012542912019,-0.017236872115331092,-0.02173895468143916,0.005284471012208858,-0.01319783580123346,0.0002617009571941331,-0.00924763978501586,-0.0029195816192160162,-0.002850600683278026,-0.024586456283990366,0.0024808648900565,-0.002087605633947942,0.008378890372162884,0.010975568624164822,-0.008366721234478569,0.009778978589423337,-0.031207286074682594,0.011251285121581134,0.00516082569130738,0.0460352025743096,-0.004159255897562053,-0.008794828226856732,-0.010423385350702419,-0.0019589812536465745,-0.004577402750644777,-0.011578089993061313,0.023522977178135784,0.0021632103929491997,-0.00922443125508865,-0.007184382561742919,-0.0063788152014204735,0.0076867586951283595,0.010673705105981757,-0.0043921659289675175,-0.018183142607814395,-0.005926718516478746,-0.019226352203700503,0.004631365003207044,-0.012883612312390769,-0.005848599734201154,-0.010077803328118473,0.0030239874128232813,0.005394389061073035,0.0060748006128983345,-0.012866344840471777,0.015105992964760118,0.005590054874378136,-0.004190174189878659,0.008870095416788404,-0.005248977004456923,0.028484436476251984,0.017199351760279313,0.023769060694616817,0.008390988766602714,0.004070599763324578,0.0013373142902266544,0.009041028116586913,-0.01250707265010964,0.014157284836488149,-0.004440343964582483,0.003605915734320897,-0.00038269971798743363,0.0009366253432412375
2023-11-22,0.003514391685982776,-0.0018741576504358592,0.007751864795933372,0.008690190216740667,0.008137637443170975,-0.06895757170533845,0.0026908545758546065,0.0,0.02811344722362019,0.006734759513444821,0.019527539517508297,0.0075136269645244,-0.0010114336618982644,0.004761810900203889,-0.0047852882638250716,0.003450007493754237,0.019389434761568847,0.002216032667503365,-0.0015523828710379828,-0.013632235775259072,0.006125570885762599,0.00635291650957015,-0.0028168464159824547,-0.002778504540917548,0.008180884611735273,0.0058578215882498785,0.0019450374396838832,0.0020133740052534765,0.004954878350031278,-0.031072700529003905,0.01578997401565041,0.0065643214861585975,-0.006379196566054124,0.005340359056242638,0.030948203101895055,-0.008692192677281496,0.006869563302019044,-0.002418947594055143,0.013522686965246944,0.00716835249357195,0.011097237387862169,0.010956263063767624,-0.00837461152164709,0.012641682614346061,0.005594908624958483,0.0079266323492595,0.0006873198653245538,0.0036170102206520838,0.0023534048967843724,0.006334920327813132,0.006720623711520934,0.004201937670340605,0.005020657322129862,0.002120610156014724,0.0033745324473608562,0.005205367494682811,-0.0031797986144543877,0.011566285257525344,0.013383451175957406,0.014682328543901502,0.010549635869969265,-0.005185304118943468,0.012812662601563884,0.007215267310734186,0.012857821194891095,-0.024587636605940988,0.0013784680150241702,-0.008888856861300365,0.008462474463135639,0.000660133414579045,0.009424639117068923,-0.00015637876736063205,0.0051104190020832,0.0037789847916622765,0.00252291898596968,0.021369093801636208,-0.0024109838601018563,-0.0010717049633487408,-0.0008614079283660869,0.0032385062542887866,0.003430885021278751,0.01202026946486967,0.0013278840687007687,-0.0012352506147124132,0.004743417618323864,-0.0022935935412561337,0.009879860044752276,0.010655196693950097,0.005826580993669062,-0.028980059381488954,0.0077279629241158165,0.006711743604887355,0.006543319417653848,0.0059073608148403345,0.01778038518459102,0.0026845575421756696,0.0042252580539594575,-0.007635011581037632,-0.004307858360915184,0.005458545441827223
2023-11-24,-0.0070041679822416825,0.0014443755713164919,0.001655365450505375,0.002731562419077571,-0.00040336633997684057,0.0037500961862364512,0.0031950210316267214,0.0036938667840258343,-0.0016325571312481024,0.0032880752829091975,0.0002044767086364363,0.00040924167337519357,0.0033748366666230822,0.0041817506539458815,-0.004603752708205788,0.004070641527711416,0.006879790184342038,0.0024322966072516383,0.004664743517868386,0.005487649720459453,0.0016322505562991196,-0.0015957189110179515,0.0023540028778885613,0.005572492276930685,0.0038702520694926523,0.005823707349613683,0.006686744601350325,0.003949192901331555,0.0066451915730108,-0.0015375142624622917,0.0004970155117576258,0.010413312909178796,0.005252829566238182,0.004205352169640353,-0.003842506597685813,0.0026792000751161282,0.013645183329163535,0.0030934656033936303,-0.004227395411246282,0.0028470297120843924,-0.012997272745891575,0.0015060533919495356,0.004486667032045144,0.004851296697713003,0.005720126152535032,0.0003223567872006061,0.006640708854529276,-0.006069781190671364,0.0013695276088110386,0.000899254040023667,0.002567646708539817,0.010099205093490493,0.0035746982415452155,0.0029726747612910387,0.005288443068914628,0.002163888106456513,0.007655860770160006,0.009210637658756404,-0.009546347805014288,0.0060816420125038295,0.006797859721124899,0.001868717998997127,-0.0011117092952349639,-0.0026530256063923563,-0.0025945091603308823,-0.019295415713190045,8.602312103644927e-05,-0.0008304983561416845,0.000886189538233495,0.005936670627658902,0.0023836490365125584,0.005861685582046139,0.0052536673202396855,0.0019607856453203176,-0.005468449046740265,0.0020045863220314875,-0.006380556916532387,0.008939854369811817,0.0002873835305736705,0.0,0.007521679416386595,0.007155116944972395,-0.0013942293117212845,0.002473492593463522,-0.002055960101358778,0.007356359716889749,0.00022235729263342385,0.006666278178660168,0.008291669650915878,0.00529435207219775,0.0061424958398457186,0.00353474579685753,0.008490783105132405,0.002286034653153024,-0.0031908493499848145,0.001606399462881214,0.0032726073657580734,0.008986885251831778,0.005384031554317437,-0.0033349828331600273
2023-11-27,-0.0009475924872327512,0.0030287333605896194,-0.0015554475415335833,-0.004819892007981719,-0.014939613713664146,-0.005702505518390355,0.0005094527476960931,0.0006134089062119763,0.0027798542561681128,-0.004482736512659846,0.006746559883569869,-0.0031818043101917715,-0.005718052059918821,0.01110508111957409,0.004881869005003647,0.0007943668482963684,-0.014871320176498504,-0.0036947070832454854,-0.003316426166311781,0.0001212193115258664,0.005770021018304261,-0.005523549067411482,-0.011507619255275325,-0.005974498755047519,0.00598649321450706,-0.00889169086591357,-0.020141314855665282,-0.003726752084914353,-0.001064738241185248,-0.021556407496344798,-0.006368339040031312,-0.00926499775028522,-0.010644367201189442,0.00209395894434361,-0.003134037874346407,-0.004048625792126281,-0.005769286107712213,0.0,-0.006102304652544244,0.01135551354902975,-0.0020484567761375194,-0.004246167131947143,-0.00972155486485149,0.0007080176860676524,-0.0022749883569169738,0.002513203446198542,0.0027298824294168522,0.0005725593221295178,-0.0022793213716556515,-0.00024506066863794196,-0.0018780367904653872,-0.01592069312331379,-0.0144245043867689,0.0037675122361382485,-0.008557673461643711,-0.0024776693543250294,0.00037978314788444933,-0.005192680225224455,-0.01043655451104697,0.011672679277790587,-0.0007234318106186244,-0.004319275761749286,0.003126535045940626,0.01569557738106364,0.0029728456829176686,0.009753890076918736,0.0018924127115864664,-0.004820478388607663,-0.00619906299058548,-0.011803269134138872,-0.0009247298774329726,0.0011655052908501329,-0.0025288310124458313,0.003522384046334759,-0.0011225432069035257,-0.006376664264235332,-0.004086379355777825,-0.007620125556212054,0.009337797060545494,-0.004707737275708723,0.0006788126735761679,-0.00909352128864327,0.0010897445425017693,0.0,-0.0031284410788251504,-0.0009890452883422052,-0.009669960783961984,-0.0013244141501559392,0.006026761240685019,0.0026757481035388775,-0.0064156807096721336,-0.019752009817116,-0.016049444372946198,-0.0006293151100247307,0.0052016410272262,-0.001603823082343303,0.002330017157690767,0.004549546905102675,-0.005833405650481294,-0.0016808948815406621
2023-11-28,0.0032141293251306546,-0.007261428054067043,-0.006328435706625557,0.00039111160858995575,0.011750409567201414,0.025264514729228083,0.01515161410206356,-0.009348540071458578,-0.00521809524407868,0.004729887947144906,-0.00473835354015173,0.01399905163113524,-0.0010149224200469709,-0.00219651339248772,0.0035484234615970056,0.008321116511472937,-0.002040096924029844,-0.0035700685171745627,-0.004880365167019951,0.00044462659731281384,-0.01471438959117699,-0.0006288548539979955,-0.00522698195748883,0.001567911541826339,-0.0015129433843885653,-0.001669171256471147,-0.0050295922551428784,0.007966306565352799,0.0019185365144458455,-0.006046294282447184,-0.0056363548624830395,-0.02805508435304871,0.011150262986567405,0.0021994037971049263,-0.005320394274380913,0.005203281212182942,0.0029013310005010506,-0.009335482504533865,-0.005472606324453566,0.013684209667546021,0.005791353690008494,-0.00017742800661701974,-0.004510371051491213,0.007783295514211419,0.006736679853681649,0.000514087007051911,0.0034028219015056482,-0.0030516769461023108,0.0022845285463957143,-0.0033496104298216256,0.0020526161005647303,0.00011818290864984426,0.006240261626548893,0.0011510839047785826,9.779139011167892e-05,0.0008870397268119223,-0.004683364352408459,-0.0004745315926076854,0.012817327659462308,0.014834669046828841,0.009169860491162751,-0.012323759151618208,0.01080274112202173,0.06259835597397778,0.007317517999493761,-0.008726953924977465,-0.001974691501982262,0.003173659520410599,0.00320802489348182,-0.014930347050037485,0.006942569674596832,0.005743024940155106,-0.0027888067450584364,-0.01255842640368432,0.0016569787757563237,0.009059873119706685,-0.0115279643100622,-0.0033927219192890767,0.0032734515708900958,0.001770762324653008,-0.002713191516729885,0.0053054803204057865,-0.00653156034585789,-0.0018504941876412717,-0.0035206935824320107,0.0025888075052433734,0.00044904419415114916,-0.008589438257441073,-0.00990981038031602,0.04506946504203557,-0.005629125830682202,0.006276906214391698,0.0076877968196154,-0.004721774948625024,-0.002945606289572633,0.00321291157649628,0.008135782662859192,0.011928326246823495,-0.0005771079197935958,-0.010180903704825717
2023-11-29,-0.005409726300904083,0.003041559109790315,0.015382990490999893,0.002345565719010567,-0.011613941003718486,0.03124854674692057,-0.006396572197231332,0.002939415522160038,0.015080700808743241,0.004067647991096379,-0.0048288883967405605,0.00926382877109,0.02641378412861828,0.0016511756134063305,-0.004971452658356745,0.01430585539712248,-0.004088283686081162,-0.0037772126028914332,0.01983958558083776,0.007878822590723589,0.00040000235295512,-0.08113106584185359,-0.005732010987126279,-0.008784094763891748,-0.010336810083032666,0.004179821687416929,0.0,-0.01099569530743938,-0.005744763486073112,0.010888333893307012,0.01718779277701299,0.0,0.006667953645291824,-0.004608752487521461,-0.011913383206643147,-0.003235103653583926,0.02121521468342924,8.408871131782014e-05,0.009663226960904714,0.09380408209035895,-0.016107937237309855,0.016004745259336595,-0.005863656337143031,-0.000738949395916455,-5.1535890513543237e-05,0.004882799818193728,0.016052499188036196,0.009374306964338164,0.005080286159850234,-0.0018035053571532345,-0.005974743640220992,0.0004395967900905351,-0.007272390665534645,-0.0006499019292134367,0.001980401932241138,-0.006061952096564349,0.0029249406980511594,-0.00047481952910988223,-0.020029996604533418,-0.0004058552175558727,-0.0014347545867762213,0.00948285543897276,-0.010060192426105008,0.00522771392353083,0.01489673249121215,0.0066706942757406296,-0.00025820304317314413,0.004495422868793675,-0.010067484701543172,0.013135760118124784,-0.007617089531228638,0.02152949231414203,0.03576270675988602,0.016853519671891082,-7.609189231527758e-05,0.009477558865045754,-0.013144946650239353,0.0680880779087989,-0.003688399084056604,0.004019455369616676,-0.00775288125386453,0.023249095188289992,0.007978327354666526,0.007416532223323058,0.0018434303355105985,-0.0026579384859901634,-0.011667210639233039,0.014405533646297153,0.003393011352790909,-0.010457205813430348,-0.01026777149857272,0.0010848791976783012,0.010282475879157094,0.005100011903823143,-0.009262235014282028,0.0077394729289128605,0.009453449003716141,-0.016137190439214688,-0.015014466291747408,-0.006883410498838671
2023-11-30,0.0030627849018582953,0.028086775187525337,0.006368798833911615,-0.0005999958697958663,0.00737816160706517,0.02141681758965519,0.004165645724659051,0.01511642267209612,-0.021719780744073214,0.011402833339812402,-0.001571972217158657,0.032081327995374664,0.01396748567323236,-0.0008307254386893392,-0.00018868229887669674,0.005258899060049282,0.013546945974717284,0.0036521719302944344,0.007650199654291923,0.005091221936929902,0.019326569908952873,3.788614379818256e-05,0.006245373668334331,0.014038728099933895,0.008301245967449189,0.006867803526698246,-0.0030876456113358985,-0.0021541905738506895,-0.015674380444083535,0.001291484160051759,0.003550344556931151,0.002054072198132806,0.008182371536343602,0.017307909959675127,0.015350138029572413,-0.001379358749277415,-0.031161520444816015,0.024735017033025164,0.018210723891533442,0.002856242031163303,-0.018223521541556043,0.003761831365377999,-0.0072386358066113266,0.007941740271456776,0.008545316860032903,0.013745973370133946,-0.005340446014080458,0.0007582034311468533,0.011404837216293373,0.016095931830457877,0.01159773240177464,-0.0013855874985612138,0.013375173201331858,-0.0054521806379039806,0.009784849897670922,0.011230388723748153,0.005199101444609555,0.0074413911005044575,-0.015201853935052467,0.006093190551238248,0.006704865989509479,0.013349165601366453,0.0001584893533210785,-0.004705438204768653,-0.0009062388457320436,-0.028458671934985302,0.0,-0.0195589756693747,0.014436698790461833,0.01296544908906716,0.01581429167379378,0.011935492965586159,0.054573654968357976,0.008912543371193848,0.023619901206476168,0.006547379501856687,-0.005508198013558285,0.02868642458731019,0.010679184648562767,0.002870033635807401,-0.0010965563541367462,0.015054467490480006,0.006658317744823616,0.016564395175971747,0.004370165144893745,0.018961094528671785,0.00011351328550168738,0.005761547405136902,0.01792145175666615,-0.016629792613843564,0.03362729847336321,0.017158104858265855,-0.004465168405263564,0.009636910377829988,0.010315987768380053,0.015095649422136592,0.0185016364519619,-0.0024987487212760895,0.003908547912613747,0.00023892467949315765
2023-12-01,0.006791269851980752,0.0071634420133122045,0.005657405947548266,0.014768480356349034,0.018310036582129374,0.029757818147474024,0.012067897944737727,0.0024312052705961484,0.0018982809556564728,0.010421398906659274,0.006434406632690459,0.009670552981718705,0.01541486404407899,0.01302632078036381,0.010832881607939715,0.006815513656666106,0.01458058203885293,-0.00813886854383683,0.02451199543131599,0.02409068848625373,-0.003356141950831004,0.023356637591542828,0.007639096820021063,-0.0029419091136788644,0.005921759853454445,0.0018601863998697343,0.02212389759316591,0.008426249195085278,0.029333716074110505,0.012074292511287998,0.0007612073750702386,-0.0011866698997817782,0.010627851541701094,0.0039012534730882287,0.017556785887207216,0.0043062898435284325,0.03118900513902556,0.005747130533377387,0.0137076136799279,0.024050614646248247,-0.005055436856263307,0.020173415311525167,0.018363470901164414,0.019553840783538723,0.009493670886076,0.012550597371697059,-0.021476478027801837,0.02064382351093741,0.00486934711571152,0.002505470420335998,0.0034222922405273692,-0.011843500615091984,0.003662679775921829,0.02559972289214829,0.0012807605731379734,0.01461819226682426,0.00908293108794167,0.002043053949428275,-0.007121994450861369,0.007873079194590238,0.01332062570489545,0.009562875815246397,-0.01161236346281358,0.025130708573265048,0.0325751309475526,-0.0001068969417192811,0.008175042559682266,-0.005409964317945604,0.0023769091194523195,-0.05119799140524117,-0.0056018119952445655,0.037622977475539665,0.006284402668090827,0.004804419627236323,0.004328862230577046,0.010309284308376077,-0.0010070447157181084,0.030006476591634357,0.007607741212722896,0.014837837849853042,0.004528535223338848,0.015105704499822847,0.004927126164094853,0.01146642124969377,0.007633683246857759,0.007249289198300923,0.01055509709259339,0.0007463975069308404,0.007529542662545241,-0.005206597761023168,-0.007131350513553958,0.027078570438985095,0.021766478337106765,-0.0008958887938658178,0.008136586915743482,0.006522234290879725,0.009643526356818866,-0.00867106096852377,0.0024333897614470246,0.014177689229879276
2023-12-04,-0.009464609393925572,0.0051598882922259115,0.002955806773026426,-0.004821647119857664,-0.005993673421610501,-0.01609387469462753,-0.004719966568521139,0.0004547267626777707,-0.02323090624436308,0.00033025648446805,-0.014894936132684111,0.0042758798515343255,-0.004521967109729963,0.009302378279164136,-0.007937837755711219,0.0001057911143158563,-0.0023950649742205954,-0.0011482444722306084,0.0029641723101985207,-0.007828418159074535,-0.0023615616935777073,-0.022712030268892458,0.020611395721501058,-0.006074847989851251,0.004746247789724656,-0.008665026359375272,-0.021212108014739828,0.0004140691955634157,-0.011570449527946502,0.0003253541208052546,-0.006040753291587708,-0.006156974527072756,-0.003823960780532598,0.000971523209974956,-0.0026360927339230678,-0.004854355720759207,0.011342164611733319,-0.007918375208909367,0.008885970685566846,0.0219406999267171,-0.019642091195365308,0.0027551500056164357,-0.009016167324282787,0.013766378614049612,0.0029324695446437676,0.0034256227181557186,-0.031778728522081634,0.0068658094442595186,0.007332296953694639,0.0010479295597001226,-0.0011938048303002935,0.002808069157949067,0.0028481436734153487,0.017801132045300205,-0.014793906013078617,0.0005944295998896454,-0.0028752107410173755,0.012390292089792254,-0.01477745324753954,0.03595401097465367,-0.0023473055688241207,0.01546486052040974,-0.014338688967637903,-0.01601934754723311,0.014716245507512271,-0.026836285908562796,-0.011778833353106255,-0.016488329074797914,0.0026677407822761623,0.012798436859953632,-0.003930413287569379,0.012877702077396025,-0.009714584319837183,0.0021592427666634606,-0.00708509205119312,0.009839522984913751,-0.016129037377003552,-0.008233015746042294,-0.003355763461841521,0.005189477476172488,-0.005327837912060818,0.002435045429570737,-0.0229693217813004,-0.005966572943133741,-0.0075758515954528205,-0.007938952549216394,-0.0052786263599340355,-0.0015923089814516844,0.006649172171944828,-0.01360800559009756,0.0020470108191992242,0.01093483918776772,0.00651985422019008,-0.00783787354665133,0.0006330192538188673,-0.013997093790474646,0.002221068705332563,-0.0002591189126219806,-0.005437508801528268,-0.013194070334073271
2023-12-05,0.021063186561400382,0.0029138150697669563,-0.007985565998174904,-0.0017833633371687752,-0.006565652454617044,-0.003885954633043087,-0.010233434854869494,-0.0015151663349065592,-0.00160244953947275,-0.006127787879506741,0.014084566393959497,-0.0030229125466787465,-0.00778721162289453,-0.02954726424752585,0.004316463490493749,-0.002816003724791294,0.005001991733302846,-0.004570192525306882,-0.014143907426529156,0.0017272455795909192,-0.005435760435849146,-0.014903549153849838,-0.03412263376930014,-0.012136485846036327,0.010465928941558289,-0.002497420866055644,-0.02941166655471561,-0.01387435235434098,0.004118640414196406,-0.021115092569759297,-0.012110042882833016,-0.013259302959648056,-0.01842620970419928,-0.00280396577542108,-0.003363706936821975,-0.008536545741438917,-0.009345752974387334,-0.010696977600975655,0.00868018017971628,-0.011793112304544051,0.013305536078395352,-0.02186664082203893,-0.027829621465859766,-0.001604926643161142,-0.007108200634967976,0.001800027958721806,-0.010153555259619806,0.0029487550636471127,-0.00012641260333656756,-0.021905363715916892,0.00153662022389911,0.004217225795476454,-0.009873728054726638,-0.007853653893399204,0.0011267525753912988,0.0014329471488394585,-0.011785457440655178,-0.008985249111781446,-0.005405938839107116,-0.01691792234889189,0.0016470306473035379,0.011136558315538947,0.009156269067388756,-0.01603352890242804,0.0022579055820899363,0.023293773249117855,-0.010796350100067853,-0.010024127893779933,-0.007094891127981229,-0.006489170966266777,-0.03485469931057328,-0.015128867676476365,-0.005761526054192778,0.006156196373743983,-0.002254376887177556,-0.0052928329901796856,-0.021106621644583434,-0.006545413553862955,-0.0049101409732205115,-0.0024517637009683346,-0.017794013552912324,-0.011875989607044724,-0.0015121725421424204,0.033613514387692334,-0.010000023594978091,-0.006207293343035047,-0.006435572143465351,-0.007550302351147065,0.002565655443022896,0.013328802806870987,0.003611598355108603,-0.007396252621075128,-0.0112878171216092,0.0006681319000598762,-0.006405179224465818,0.009989394964355691,-0.013962717076528519,0.009267545144532985,-0.019427882574278965,-0.010107518732853982
2023-12-06,-0.005686997974099217,0.012519904702595452,0.005654002315185203,-0.001250649215747357,-0.012813690303564162,-0.004082530773160675,0.013239333375842488,-0.008042418074929003,-0.013177881354856202,-0.005611306811892702,-0.016067541747663228,0.011658676481225205,-0.0016350201057977465,0.0036312759921781623,0.0006321542189728913,-0.008314301371517119,-0.006967967489830751,-0.007464140792597496,0.024839300208351345,0.0030565227128838135,-0.01141579602260634,-0.0011250665529346504,0.0019224809777007579,-0.023157280343517717,0.0034360339668015882,-0.004798784070375706,0.005923777549206699,-0.0023099308552736453,0.020293792978892,0.012183534871746504,0.006015299540086838,0.007820115896356672,-0.0048884939335746,0.015897097882596967,-0.00024108914280474014,-0.01804010845291204,0.00849059764331428,-0.003493355251418251,0.004302741518213304,0.007037905198928662,-0.007405093382105266,0.0006437701769881343,-0.03621784199286093,0.008067975119439685,0.004265016199058502,-0.0068778145781898115,-0.015505660998874404,0.011392948817932957,-0.01050847596641602,0.008233785619608858,-0.0010227292443651947,0.0018702994665957817,0.0071038143968980005,0.013500521141002642,0.004135213620561462,0.0011167840831443065,0.0027912243540046955,-0.006721999286708136,-0.002639102450851083,0.010817032616237787,-0.02842367828309056,-0.005648167997637343,-0.009986036089493111,-0.00501377454470453,0.006065344116317428,-0.022827938336145936,-0.021828434729199597,-0.013966522953278382,-0.002560462270003505,-0.01031274389189496,-0.0007496067834268372,0.00504829912987903,-0.021143341184814535,-0.006042076301493116,-0.0003172638795188032,0.00024192385747912049,0.015490906059210996,-0.0011247094994574214,0.018750918713366094,-0.010610763087065322,0.0298885608665167,-0.024310021688459194,-0.009087628404091497,-0.016260134708721896,0.011874470900479661,0.0037627591364919333,0.006363614723595257,0.0044954590626764546,-0.002885851054044486,0.002722829646282676,-0.0013267771737304201,0.0034457272486261292,0.007329924699099433,-0.0012567954178777097,-0.023239155268760192,0.0020823974500021603,0.0002247351203417125,-0.010852022945038398,-0.01324174278298429,0.0034571905376992174
2023-12-07,0.010139310156239256,0.0108621045638444,-0.008480991342864841,-0.0009242079241330581,0.008744386709633067,0.01953993726486747,-0.0019913420949593252,0.0006120278649710542,0.09887001757007385,0.007276781874339111,0.016329923474831087,0.001857412480644749,0.004258220513687627,0.016698952779583998,0.028022163054023386,0.003189422327106284,0.005613488597919547,0.000908131334878659,0.013372346485607256,0.005625728565405108,-0.005171691580079574,0.001747608992220595,0.011513711878308186,0.002985906424381124,0.005795002747920552,0.011740120639311957,0.007927433566891962,-0.0007718349348118103,-0.0004232201767343513,-0.011817869273847204,-0.008334847606579543,0.00928973100356667,0.0035371770544541103,0.005535442727495621,0.00024114728079593917,-0.011691078843336089,0.012160833394532222,-0.0027543839746044796,-0.016507085127485888,0.018231538531536584,0.053145547634458445,0.007749114673614832,-0.012622172564921597,0.00018418258485630723,0.0,-0.00037425989584272124,0.021323088264428414,0.00835750199679075,0.0030707559671911966,0.001814166168488729,0.002389104192704883,-0.0016630517605539241,-0.005117925980274829,-0.0019165634876247006,0.006749704557881042,-0.0002439520762392844,0.006452421281282206,-0.0012589824852091702,0.02879197435124259,0.004766973401089558,-0.0009670715578681266,-0.016567204041494143,0.0058298565674850256,0.0010077880113459337,-0.011196253101580345,0.024020493363726247,0.007498043064577242,0.0017762272064913986,-0.0002983667314075955,-0.005557480670696613,-0.00102268478359413,0.0029420349945146196,-0.0030399898236631584,0.02293021507895099,-0.0010646661353492792,-0.014629389988843222,-0.005978121676100123,0.012869866991754186,-0.00844182117156378,-0.003057368040612962,-0.00013679634699381715,0.024355980117916287,0.005245362607208648,0.00885485136309394,0.008687047932333325,0.013570092503108144,0.003726393564839947,0.00058729920626166,-0.0012078737747066581,0.01366087788429815,-0.0022928556344953277,-0.0007769722168463611,0.007792060715055005,0.00601673398461422,-0.005377804226230243,0.003896039885831204,0.020224799576627372,-0.006581165692340574,-0.006962035533994215,-0.00432661265165879
2023-12-08,0.00741231516720342,0.008853172596349879,0.004420962209775947,0.006356256268603477,-0.0010835054910386388,0.0007594628829814543,-0.006982354943904423,0.001834358763672661,0.004284514081781543,-0.00807207250987374,0.0036764247561378305,0.03105378612196663,0.009784650385878058,-0.010402119636467755,0.011342475003820462,-0.00095248659691205,0.0029903109255438043,0.001077330173187896,0.008041261317047077,0.008119180205383936,-0.0009861511772825127,0.0033340725196120413,-0.0016600100654939887,0.011005841265067984,-0.00027809580405591117,0.002486553674989622,0.014606832335455788,0.013270538464493775,0.005292148569721711,0.00678243754197716,-0.006531936441873665,0.008364954139028935,-0.002937244564524155,-0.000741117324938978,-0.004580411186950628,0.005154217442279396,0.017559966735168242,0.00929036460646171,0.012427926720290694,0.007162017334413573,-0.014167836262875544,0.018019829505447227,0.014817235366781922,0.0009197787051984374,-0.01607766354105944,0.01086018329806393,0.013048565651051725,0.01045061842560413,0.01103389923426823,-0.012758195676149886,-0.002213176039421505,0.016625059471230053,0.0020354189857096916,-0.0022564288654352005,-0.0023961289930266583,-0.004393524287211514,-0.0025142002769541483,0.009927413853076938,0.01886147313885611,0.0008714125426450003,-0.00048400384528679563,-0.0012514937517295044,0.008842177822717012,-0.016360513179228042,0.009581055550611506,0.019529532376701964,0.0065562564942183155,0.0012411406556533944,-0.010629522551388937,0.005239291119053746,-0.009215089238755803,0.006439172933311088,0.005617114131059919,0.00022558121582738622,0.003365577866887959,-0.0022086244976284863,0.0017626235660574974,0.017630253876914415,-0.0020933520096880764,-0.00479189855118034,-0.009036319505151491,0.010795347080854167,-0.0009674833602488775,-0.00994739106821696,0.00717686087584557,0.0,0.002699931903831665,-0.008763442020706336,-0.0035732910132005857,0.0049455858525417895,0.0027358575728035905,-0.007430129058844659,-0.001277992631016578,-0.000312697674869411,0.00548877827655847,-0.010349373125333461,0.015418388996067067,-0.010494643791328584,0.011481571438080707,0.0005633712437198568
2023-12-11,-0.012927327441704994,0.013129586349901912,0.01636202071105486,0.015063825890136329,0.018033901258936336,0.009285308165083661,0.010672867557399046,0.009919248464640873,0.04258459177116647,0.01122198434417232,-0.010378502226973785,0.013812852165778322,-0.003552983239541563,0.007468692706029234,0.021896217169766974,0.010312440096439612,0.015503875968992276,0.01127226446609586,-0.015135893490040297,0.0054722694912685554,0.006998442617408562,0.16680839183210172,0.013301687387030858,0.0008031586768935117,0.021415114116346334,0.020876369518193272,0.01439645872448403,0.00027733717062994323,0.003369107479116229,-0.0072593853531088826,0.017747818891970413,-0.006679545697335532,0.007069863877947169,0.010276609096836475,0.011382762391339396,0.002017546534956338,0.005449644221184435,-0.002570657071466864,0.013540875533808894,-0.005036805708929393,-0.012593516351093292,0.00265106452207009,-0.004580825696471114,0.014886433409511124,0.029700440212269363,0.009570071048830009,0.04309130037733522,0.00873735892396188,0.003658891770842665,0.008587595382154367,0.007336566145955681,-0.023426228423528817,0.007231843093326473,-0.007169332497933167,0.008613138577081125,0.012678205199771808,0.004662908312710323,0.013262736443997003,-0.02244921954619461,-0.0020314338528865106,0.0021791242426918433,0.005975970405419639,-0.007829498889185493,-0.005373523433394922,0.023293863909620738,-0.01850291973371121,0.013379093580548895,0.010448025854598253,0.012916631507889687,-0.004864556542784948,0.004615927774599848,0.002345821999549358,0.00869777271472616,0.02353927339700812,0.00672762161218321,0.007009297991238617,0.015629986259970474,-0.0007804483206993451,-0.0019581689764491816,0.02015027778395906,0.02155302691914196,0.00851689774941522,0.01359396562273929,-0.01773045214022051,0.018301869032339324,0.01161328313358223,0.01840000139272613,0.01065802352530687,0.006013533872247345,-0.01681426716823431,-0.0110775431417105,0.00983594048229497,-0.0033270535236997745,0.0030499667602101876,0.006029029419708287,-0.015163298499224154,-0.0021690353895382763,0.0025189870874486875,0.0007031855649453078,0.01841717997011516
2023-12-12,0.007920261180930588,0.013224192661296152,0.004330718867223027,0.002658489615920301,-0.006659589818920786,0.008182609286041975,-0.006087548057755687,0.011634780173707338,0.02380772904587225,0.0067977100979110805,0.010898597193382598,0.002217039050702585,-0.0035656519411264576,0.007413541440949523,0.016670068862006948,0.0091440131124092,-0.011352457613469813,0.008289899387545985,-0.0018692660588414123,0.001954407417731119,0.011582753674256985,-0.01741896384086794,0.00023431330969891917,-0.009807464283750456,0.009040550791687973,-0.0012147913394405796,-0.02161575797001658,-0.012816180673364541,0.0,-0.004542499034705938,-0.007228384135716248,-0.012255982119313558,-0.00897040277950334,-0.00031474407482723343,-0.015565067525674992,-0.012835584065637673,0.00813011225738558,0.016960499047203426,0.009114712823723226,-0.004765069276988831,-0.005776922653098593,0.0024163424367740216,-0.009490853336212801,0.005643920592352414,0.005589093749438057,0.007339183603306543,-0.011225884073088221,-0.059748942216855006,0.008925189492687391,0.006613231740135284,0.006436422385892593,0.0012329162182800335,0.0008198371077976496,0.011437449677900613,0.012123865766809683,0.007850646898001301,0.004515829595708842,0.004003619625716048,0.027483943482264017,-0.005816266102658396,-0.0007248300925258855,-9.582265119301159e-05,0.008295273468889919,-0.02829953663482787,0.008683989008697601,0.02209020821056762,-0.12438114222437002,-0.02646340981265216,0.0038731165723457917,-0.0020948985749991156,0.0008229556613890132,-0.0010637769659639362,-0.009413837796281133,0.004261470741310891,0.00601624296714709,-0.01037986045629491,0.0003057867740481335,0.008591212170427909,-0.01247186547207313,0.007221144505779042,-0.0012173146818077463,0.006970477666382147,0.005118982731447952,-0.012635465401299117,-0.0019151045088342533,-0.008043227190232649,0.004406800753937512,0.004808236740664551,0.007183918370894604,-0.011387381846063915,0.0037520833297548517,0.003792659819400024,-0.0026318483540455073,0.011850926623271807,-0.020894085339294044,-0.009822127654821489,0.010217362202047164,0.0007934264088367282,-0.015759977095806788,0.011371808346701817
2023-12-13,0.016691421561671138,0.006917022815027263,0.005343016747650919,0.0012237210533956322,0.009117822731580683,0.030578227367066946,0.044624987452396736,0.009611205704448622,0.004214823257627787,0.027847744870783897,0.009221593773735215,0.009170247896554296,0.04229015250506718,0.025620147151757644,0.006383616438690121,0.018622559366612723,0.026727366685692422,0.005583050460980621,0.02663347730367671,0.025016448400234648,-0.004227790812673771,0.0015839465956704046,0.023435774540326415,0.007113262662750142,0.019856937546450126,0.007297694041982217,0.01629107892843029,0.014807083630389295,0.03819509573124913,0.049027523126927264,0.03235496665405857,0.019325764848924676,0.02971281463247899,0.028847284752990143,0.02067625430181197,0.006883689095421364,0.007168464873219094,-0.00931992842605378,0.028087052619302888,0.017055846273419384,0.0003775088488398026,0.02870011898919489,0.007259020179791298,0.030612394248680674,0.007791178017190203,-0.0066178143829020986,0.012034588084334885,0.0018801108501924624,0.0033640695792274133,0.015192527755018892,0.008582908375620368,0.021786515302548715,-0.00042065445506733745,0.03234309389859025,0.009340557298649577,0.015475857983020758,0.022727288658436207,0.015797548219350643,0.0015558220302527292,0.015893137078411446,0.01595720254356725,0.026351007592383846,-2.682628139516474e-05,0.059041764671825314,0.012788345691413294,0.00904381995093484,0.021624849837600824,0.03006297994926932,0.02101268329482764,-0.06717993198774974,0.018089490300245537,0.0388357304016993,0.015492790257125133,0.015510712164633622,0.013450893618718096,0.02690039994658222,-0.0004076177935632419,0.026792578129229527,0.03703697414761953,0.019798053444551433,0.0357481911638573,0.01983514157158961,0.013580853987875008,0.0024375699941594497,0.01763832877447924,0.02005012238589665,0.007897319780563627,0.04256381608564763,0.008494082036581974,0.009619842336358264,0.006028897364775965,0.01622941326977201,0.01210006425995691,0.010864569370793387,0.03225804762047546,-0.00831089330851098,0.02775973256199915,0.01777214958727802,0.008872980547118825,0.02233137013595865
2023-12-14,0.0007577496417516816,0.0037589309272643145,0.0125874513510833,-0.0026481098954327376,0.015413158876590893,0.025115975499156784,-0.0028718480254774637,-0.011007018887544073,-0.0013749362330810477,-0.01881972103651275,-0.00954043404920335,0.02124262283078715,0.05930093725527685,0.03507829944802854,0.004695933088845861,0.043572323144485114,-0.0075200885297938,-0.010800220079256517,0.018240693891835136,0.06418610690186033,-0.021043328717070264,0.004913094655950134,0.022212067462235474,0.027715688129090754,-0.01747651427256658,-0.0050311653950431134,0.02195855066326491,0.03678839697055447,-0.006266448813052938,0.030264428627111206,0.010535040748710589,0.011957349524266192,0.036307972368762265,0.00234500174212271,0.01644429403925307,0.030945448257577945,0.07473306539089308,0.0014028977883522309,-0.006801061450023571,0.06648994675779374,-0.004752295337136947,0.057177711757090854,0.03459207835649325,0.02449028993671032,0.001625053803916643,-0.004339326162275059,0.013686289979277122,0.015199735686336036,0.01819204771761851,-0.02248819049697992,-0.0148507059199956,-0.039882779557756765,-0.01366737932681783,0.04683206435271692,-0.014410987322999946,-0.019970996205243008,0.018681198064878002,0.010116343569782194,-0.00469007647124664,0.027353897929544457,0.002142197185691419,-0.004325712759826739,-0.022544473571947665,0.02874979793963317,-0.0012380015296556968,0.0054482694532898,-0.02602200531937049,0.026913728050216523,-0.021859223082627333,-0.01987999323666434,-0.026383030634966054,0.04777187826180995,0.023198997701763924,0.019452492279075306,-0.021678741956745795,-0.01634237421568996,-0.0027519604599527403,0.06998504375273518,-0.02162006508658909,0.005789721773256984,-0.00013064418174368875,0.025323009778503547,-0.004790033975460739,0.012157961445045773,0.03952422491361163,0.01994514663861713,-0.021112115369758766,0.0064263679909519755,-0.013227587647412609,0.04914543063053567,-0.026902931634505634,0.026067797993697184,0.0324961143057001,-0.01391105732770015,0.03509612140198026,0.02379008660133408,0.057579629316249825,-0.012203783877098195,0.026890430360189344,0.0013749711893169536
2023-12-15,-0.0027257402300909783,-0.005423688697958062,-0.012062686468257033,0.004143167171466455,-0.008767335915776164,0.006145906492852182,-0.01320040248190768,-0.007219009193932258,0.00833328910495923,-0.003148379649463018,0.01729753821347546,0.03133780473513159,-0.01001778480685267,-0.00641842310599916,0.011283965767876492,0.014706337994946361,-0.011268799933920826,-0.004523609793576022,-0.008160776851904306,0.0019988325229127746,-0.001995320991267868,-0.027257006020324992,-0.003584159084498828,-0.0035667895880971967,0.04445284380872794,0.008697375267639584,0.0002150020194890967,-0.0038682359002431,-0.013832271239180294,-0.0060501229808525014,-0.008811356824163896,-0.005109614670688822,0.00018446149302064896,-0.0170887843633164,-0.02110214619194062,-0.004063066641610491,-0.0049667609011054825,0.015492374525208907,-0.01773038826557083,-0.014344834820138486,0.00500216310698165,-0.0077189035030162945,-0.0019505184384878138,0.006224993934196954,-4.9297206696996554e-05,-0.004174080197831387,0.02169101735907719,-0.024008842213078196,0.007561421009126601,-0.011585605330083681,-0.0074525019046459695,-0.002841343973828736,-0.007770549196981835,0.00022178674252604225,2.3979647605143484e-05,-0.009482010206976255,-0.009828529620057758,-0.00807177748463761,0.005252481041271295,-0.0005605348871364768,-0.00854934434798249,-0.007272350969890651,0.013117301035353135,-0.006804318612355198,0.004379526573654369,0.011168592911201314,0.03000705457864461,-0.003403663737570395,-0.007429476485489306,0.01913507944886561,-0.004838870369741954,-0.006392188957989098,-0.0018445514880820468,0.011519432824148135,0.005047739999003653,-0.019301166671604086,-0.011140707360826285,0.0005638284708739949,-0.00895116738713142,-0.0045684615407353135,-0.016474846670371135,-0.01171237213703824,-0.02339283277126103,-0.0078076459190898895,-0.011999449694129583,-0.01962584558594449,-0.007337445649469143,-0.0066921151361390985,0.00021884439745112338,0.009758999874367902,-0.005840084284782554,-0.003623467053693319,0.0035722932733868173,-0.0027055985866026866,-0.004721974691421549,-0.013203143262703887,-0.00395962750459411,0.003745837703718946,-0.006694166160827075,-0.018839272100710014
2023-12-18,-0.008503361983995594,-0.004024703560179921,0.007176795053629892,-0.006683130470070742,-0.04501654708985314,-0.013000924444966144,-0.006080465018588721,0.006816944379532064,-0.0017966224287869759,0.00010896324521314504,0.027338841569267247,-0.014606219063954318,-0.005059519590495887,-0.009560809729736164,-0.002469148238917529,-0.027545742064532086,0.008842569822861357,0.008835887507669948,-0.003411644172628736,-0.00010488293789856495,0.0010906482026611375,0.005404527261331671,0.0049460356880794976,0.0031430796368103753,0.03403041357121617,0.007419444238533357,0.01353373708893657,0.002209552797763026,-0.006188129169005685,-0.008573660407988348,-0.003432534274801613,-0.006419882930238319,0.0001843518882236328,0.005588279691001619,0.018443155972587277,0.012571864147628231,-0.007487548295203705,0.0033270538300729235,-0.01033246442183211,-0.008116362211157191,0.024132692868913397,-0.010801503864543593,0.010887911528983052,-0.009011263034454653,0.008358060182531935,0.0031439028680584347,-0.010182110719619275,0.02059504846641924,0.006052185022493939,0.009628196678469925,0.007167244997660971,0.013495440271701131,0.011543492333971672,-0.00678220649852368,0.01399995351296357,0.010303919385277638,0.005447287475849771,-0.017179078256301383,0.028962178311309872,-0.010375888731905092,0.010778599750823181,0.008847880267742303,0.005178919614977406,0.005382897770845663,-0.003373214855543538,0.024278984458305786,0.016260197449605496,0.007001304278022591,0.011437248340439465,0.016147306440032816,0.015351383158977772,-0.006039407825973675,0.01101105586677309,-0.010340422187910425,0.0026221409319757694,0.00510729483668948,-0.0019637747461935806,-0.023528023797685926,0.007902857858209433,0.0014455793735916878,-0.005583710190297464,-0.005667981485408369,0.004549345436188901,-0.0036320397984729302,-0.004519209751592923,-0.0046976388816362125,0.0059357628364107295,0.0011390266377100389,0.003282118394002831,-0.005601570686174839,-0.008604466370587205,-0.003636579506406945,-0.008407970784979901,0.0013176124706841819,0.026055690642673657,0.008027924232932637,-0.012919869357509661,0.014599966987081547,0.007432978387189593,0.01422572405942324
2023-12-19,0.005360141616442826,0.001173338461680995,0.0033315411935999073,-0.0009946013961428246,0.022117778507528385,-0.004098000041984906,0.004893973708962829,0.014745798536648147,0.008999280453039882,0.010744998447414167,-0.0018174467759756174,0.011904328020892807,0.002393078899774803,0.009392162072004773,0.012897224083285863,0.006202590066546554,0.014998016352784083,0.005978017330658503,0.025573918111089222,0.02537529265191263,0.00680852645714225,0.0077035993176357564,0.0,0.013838118613172634,-0.005137700277073387,-0.0011943179074024313,0.014413038222300445,0.013094663791456407,-0.003528426943196772,0.0292089572896701,0.011879019049906514,0.01152271214633993,0.012350282318509098,-0.003704926215718052,0.027046106606984255,0.007482299613050136,0.007544034618752304,0.018602441501690103,-0.00012573752603273203,0.012133184044109013,0.00625925704726682,0.01607336081395694,0.016846002206956534,0.0035916484263556203,-0.002437751249146025,-0.0072509740482962215,0.02123018678208699,0.011210595334098405,0.013354873492752883,0.0014927719559751917,-0.003219301476397818,8.640311170093895e-05,0.001968985982454763,0.006069755876388472,0.0024503972283962394,0.0017228231552630646,-0.0036421012773325545,0.018092664036886363,0.01665602565799862,0.003589376992660709,0.005687135533304133,0.004243569339663633,0.0016369730886949263,0.016549148995943064,0.012382438621876712,-0.009445487228496918,0.011904627127978795,0.022553817149244537,-0.005683585433941873,0.04065037250644821,0.0,0.021068478810964075,0.019040424511319154,0.011154275334341213,-0.002596689348630443,0.023918609810559488,0.012013201169481125,0.006204177699323354,-0.002240159232698602,0.0005728504200996909,0.002673935642673264,0.006348084057992143,0.0017496907828273844,0.009113010090415985,0.000993078705132433,0.013505571567459906,0.01625462536398059,0.018356286762474028,0.015102687198804698,0.0203903496997484,-0.004767045091784494,0.006428756620085574,0.00030947245790513556,0.006270020207008065,0.012735026780787084,-0.002654514383366613,0.008658898432500006,0.003613636588448932,0.013182633496100715,-0.001762898852869399
2023-12-20,-0.010713869267645393,-0.012434868981253566,-0.009407903247672489,-0.005885567163073313,-0.04408975651773839,-0.006088331062924279,-0.022038093022511474,-0.01215900297174144,-0.03339274262999914,-0.011708360717950117,-0.01085895208954335,-0.01237148360521323,-0.015816136539042125,-0.002326192540648697,-0.013108418589799165,-0.015161396804289184,-0.022068552905523564,-0.017827479013470704,-0.016885987316852313,-0.011093553892134511,-0.013525177602265015,0.005198498573971477,-0.011185730552457196,0.0017168875215025636,-0.024699689053509388,-0.007572739823250796,-0.02653574838322803,-0.009166380838534827,-0.017288164382149418,-0.01695689927726174,-0.010168518506474378,-0.02831901113606261,-0.006190878798279953,-0.011672275904637597,-0.015800201411598658,-0.008977413453496896,-0.01830297375982881,-0.020406592239115895,-0.01132212632999241,-0.011151343493697619,0.012367380158292196,-0.01289055451305754,-0.009777215485511914,-0.00968560566894805,-0.008309037409698239,-0.009346301687317093,-0.019288503020881254,0.010901775453480589,-0.011279237865401748,-0.016312044320663466,-0.02073771200830954,-0.01655718441893783,-0.01159019387535698,-0.015127353122650122,-0.014149052412206098,-0.005985070035235185,-0.01778976869550708,-0.017771136828691247,-0.0030825934461459203,-0.024282392760519134,-0.027978791453804996,-0.010611307711666074,-0.007072850592200863,-0.015561577588495967,-0.009866195573465575,-0.03009829819712395,-0.019764695352413986,-0.0021558699463458675,-0.013456405778106362,-0.018821117192958425,-0.015461367410192661,-0.03188873083087018,0.0020179880323005772,-0.019479076924152294,-0.01222392554699947,-0.01186165239952608,-0.03080227414669967,-0.0375680670316364,-0.022032090661924353,-0.020221600198132017,-0.024800045246395896,-0.02098344500339544,-0.012569388074649024,-0.012643010835083568,-0.01849483901123139,-0.019200386702756145,-0.013365314167498199,-0.016491821067156964,-0.012568417226540785,-0.03918825045959673,-0.015475778496356618,-0.019822745368315964,-0.028833066568694,-0.0110772743493176,-0.007934124889415473,-0.007186690444608956,-0.014973106853096052,-0.011701920019855594,-0.016700759787338093,-0.009213757222671592
2023-12-21,-0.0007700018680798504,0.005932968788367798,0.010055897253062884,0.02724589726425819,0.0035370826537630684,0.021883285576696387,-0.0034860602988550093,-0.0007505813302943753,0.03277480181145598,0.015081283190386596,0.011306871390431628,0.0068011105232348434,0.006670671954346563,0.008031100206167263,0.014510530081872641,0.012505849640009226,0.005886894879552296,0.0022231842728370754,0.01058524099328717,0.0012424223088602915,0.005529941176720676,0.004698220142553389,-0.004072408709575925,0.0011997275305350996,0.0062935987644641145,-0.002007956632369412,0.015024602353447714,0.003061413127649626,-0.009113975906743343,0.015699886540138097,0.01560787586965473,0.00821738756730972,0.007145537109598754,0.0071071006257663605,0.017449906230112333,-0.0028822604423820453,0.0457627973829009,0.02918059185337385,0.0043262049721237705,0.021990314430752944,0.015035390787057734,0.008079027478029133,0.004936930449881416,0.0008890556545049222,0.010596351532120352,0.004560916451349373,0.02884623832576283,0.023030569712636062,0.005703860330321664,0.005303121634505192,0.006596118797092876,0.0031391876317281575,0.01224579024453809,0.0069367339140593565,0.00951234496765574,0.00830481732056243,0.016747296536595346,0.005673206802239594,0.01377121117659641,0.01823109615919649,0.00024820496121114033,0.009776113473236148,0.007878746619033317,0.007538982334945876,0.009058660564570609,0.0182702433102917,0.01641864363347878,0.004487344610686117,0.00772538690695912,0.02461106166384619,0.002432098850468467,0.014030917506859586,0.0016406939540061227,0.01424097215732223,0.010019749959664592,0.004532240604519178,0.006546352684626333,0.015792686843459025,-0.004591538825986841,0.011359605098222092,0.0,0.012623312352257221,0.0267768398066226,0.005487734472322314,0.009890970146555933,0.01804217739041869,0.014656794047483324,0.01372652630394744,0.00941044035402916,0.029780693649462897,0.0076560769748987845,0.017953250811493682,0.0012742473149900402,0.009451390231682621,-0.004677875236912654,0.003485235155517463,0.0022294053744020825,0.007091290888439072,0.004542439729294578,0.007284597688892891
2023-12-22,-0.005547528686201786,0.015400928249327706,0.005070047929295329,0.01634421290794852,0.007471933061937497,0.0035966559981095436,0.00424783152621333,0.005407986133574072,-0.002215692591520546,0.017291230755074105,-0.0027300973670256745,-0.0060300230460019755,0.006927690951092025,-0.013621190933855942,0.004588585170343995,0.00415460898026776,0.02009362980614604,0.000926564156491505,0.005138328748319099,0.0009996995966010669,0.0034088211716467587,0.0028595902190855504,-0.0004543300230761549,0.00710439869039492,0.009681721199919835,0.007847011785779623,0.0035948574759903096,0.0022559238690029737,0.001069419311301889,0.008847569613246842,4.342019328462676e-05,-0.010867160851114499,0.0027286299705986394,0.005188828287269187,0.002057982619614096,0.009828143014155799,0.0008103947775393028,-0.002205201251110789,0.009248670753704058,-0.006344793886672084,0.007620122206272839,0.0002101440477193517,-0.0013646324737986992,-0.0010887839475234307,0.002877402423185904,0.008458855204109827,0.019541107812255376,0.013757408019227757,-0.0005969316318015228,0.006530949724193658,0.005690512134482573,-0.0028146739165517687,0.00044636573161760396,-0.002460323287513888,0.0015586732089691857,0.0010639952926139173,-0.00048795870446916023,0.004116525874999333,-0.00197672524653425,0.007294207335569514,0.001240403013289093,0.012313064469843926,0.00278408339268732,0.015206365938560618,-0.11825677211891539,-0.0032659495759881363,0.0032117202541750434,0.006121729076130844,0.004252107642928049,0.0031791223413049075,0.007070494224568735,0.0046122231813028325,-0.0017126012594439466,0.007371400801179595,0.004719652224878024,0.014876176681345221,-0.0005246153068776405,0.005866756538832396,0.0010090896263632576,0.004968840074912828,0.007656489835495828,0.002337130927552389,0.004965682720990516,0.0036385852579126077,0.007792431345971851,0.0059556056514300515,0.005143369951614352,0.004728796522390111,0.0012393683164229063,-0.007701401626197146,0.0008270543345898496,0.006071659141407171,0.006935541530200151,-0.00427704189348177,0.002122554464747628,0.0016030784141518595,-0.005459939160541549,0.011950879434626804,0.0017694320422836363,0.00015397805307504342
2023-12-26,-0.0028408550300474955,-0.0020655285187197725,0.0018344057111661094,-0.002877822960523635,0.013014279354554459,0.009515623948153307,0.004354297928659934,0.002988068200629801,0.02729224492847493,-0.0009151419691356688,-6.514474615582078e-05,0.009023214872854846,0.012862902119505026,0.00521105861220672,0.008753628032271976,0.0052217920648494065,-0.016064225256796072,0.0010098615601026317,0.00943763957331889,0.018150145582295885,0.0058885597169737736,0.0068100680755838194,-0.0015908778643434207,0.011558674156469717,0.004496863183590438,0.0037930934170398167,0.011377955837320153,0.009003704142485969,0.00534190451496297,0.011213930568875874,0.00451457031048097,-0.0007690942686449098,0.010703931191138771,-0.0013420799657910543,-0.007758861692484631,0.016602586858595947,0.008097129719948137,0.006156686201876038,0.0036403692992679204,0.003053996564521988,0.00021195054313949413,0.002522023973339005,0.01257177461083514,0.002065402393332194,0.011670799298549639,0.006599420912618781,0.05208334507834578,0.015685506119388126,0.005914077906652215,-0.0009983492489978874,0.004115377796163333,0.000490791694798931,0.004372770310855367,-0.0008071902823982846,-0.0010138803457124812,0.0039765268841540635,0.004638793007125219,0.00576955212396979,0.004074680937550479,0.01674042104013962,-0.0004956719086618433,-0.0006498973002250219,0.00021359098256201747,-0.003566301193576593,-0.00018517061324319073,0.009195051426312606,-9.400932353009761e-05,0.010360059679971778,0.007037290810260943,0.0003520761481303758,0.004543026133230432,0.01069053584034707,0.012382625989661111,0.013729383357369063,0.0012893891663412482,0.009852260876288765,0.004093222037345745,0.005395086744454325,0.00014371493573839267,0.00319670121068083,0.010312158465528132,0.006866443758805518,0.005277416283195668,0.0012085064020714853,0.002553749162280683,0.005920120362180592,0.010234102129852207,0.0012287646475159786,0.006942971048886193,0.01611622781987765,-0.0005378320582006824,0.007020261024430097,-0.0013902666367583416,0.002824832157889201,0.0074886175671404764,-0.0002667708161481208,0.009353319747231525,-0.0015321981416575037,0.0022567608311554466,0.00199990305687181
2023-12-27,0.000517961718064841,0.0016815542124921645,0.005126830858839693,0.0011034423945954774,-0.0030389122544727254,0.00016319127162667257,0.0009909588653789214,0.00029813824563129643,0.018548243457106706,0.009263959376695885,-0.0004563413242133496,-0.002625679892575894,-0.0005908172902761022,0.002073576810615263,-0.008974808947530555,0.008231932106716355,-0.004664759144931585,0.000336366446997971,0.00233731201745746,0.008422477864796774,0.002791748510878822,-0.003265467555959578,0.0013656913752289057,-0.004453054888525099,0.010884961210725574,0.00318215566392821,-0.00041660227791484594,-0.0032806240766976025,-0.011477258813039848,0.0009222196624447676,0.006309521082584535,-0.006267191076955503,0.0,-0.004445338157394785,-0.0022999945824346835,-0.0002413012275254145,-0.004819238765442657,0.006358382596501677,0.00525335292467255,-0.0013838467152598177,-0.008126082549593017,0.007520862268406647,-0.010526237767391478,-0.0022329149132415127,0.004710729828358851,0.0015315993540485628,0.005148462676056953,0.0008676360813069106,0.005997912398819638,0.0018320585530537947,0.0025613579640277884,0.018995180436798487,-0.0026876993936505444,0.00031420764548584224,0.0016286075663285438,0.005770751997966395,0.0014579248380222065,-0.003321064834902354,0.008454764594218345,0.0058273647791518,-0.003966191875625857,0.0032519669534052387,-0.0015746607078983565,0.011214491938938753,-0.008239199539334385,0.002800359070431302,-0.0023541855129791678,-0.006510267210131704,0.0031978401830681236,0.007039768864422591,0.0008221711506761764,0.005840384400955356,-0.007515609974637849,0.0017875164437317625,0.0003679710479609355,0.0014276823784871162,-0.003971886958112791,0.004641037274196735,-0.0005756960471896555,0.00864221030390766,-0.004297682782470336,0.0032164649580512794,-0.00020088894132774815,0.0006035551141396756,-0.003962476974581741,0.009572327718156526,-0.00021555165923770048,0.0036813073654016204,0.00817784556540091,0.018822405072142834,0.005307170693150232,0.0021198466156042706,-0.0075302727745066855,-0.0008874938952851963,-0.010286042064373224,-0.0045357527307523515,-0.006244877317196473,0.00939840957188176,-0.004699363556898928,0.004452644022969965
2023-12-28,0.0022263048894066717,-0.0008392110405990305,0.005556036093857353,-0.006302591708160499,0.001385645023240567,-0.0008159477285470951,0.006434855947414331,0.010722198382417503,0.018415739356036687,0.006735725504944279,0.0002609139551152939,-0.006676840744936241,0.0011822167978314813,0.003621250477560789,0.0044785012319754625,0.001426344059436646,0.0001953891831811827,0.001736924207829782,0.0011660469969354548,-0.004159207137764409,0.007813577995045229,0.0008692676477379813,0.0029551593448313707,-0.016794669426575037,-0.005548770764915778,0.0007931341382867441,0.002292670719855394,-0.01408732851262362,0.011825625410091023,-0.0022740227737857444,0.002192407891190573,0.00022129726363973035,-0.008615987469581365,0.006437999158610985,0.0020747670772285343,-0.023658191214095403,-0.004035536947373908,0.0009360866674277268,0.009580765872223118,0.003325770301973341,-0.000997322269984613,0.005019699795138388,-0.012274990609559944,-0.003357048519989969,0.0007175874668885474,0.001774136918074598,-0.007289095456839534,0.00034669932006381465,0.0053128732990714855,0.004238976766969271,0.0006813512326142579,-0.0011348875917334134,0.00503377303486241,4.4772611885735e-05,0.004618868443616364,0.004379490370468364,0.0037611766217897635,0.004089534419698282,0.0013692795199056196,0.00873647323797977,0.0,0.007316068570196954,0.0032345868129333155,-0.01604531822849453,0.015775350378903763,0.0021248687015551493,0.0029259876280820496,-0.01752956254191329,-5.898881172616832e-05,0.006291501263276489,-0.0022592748711174337,0.004064540971377317,-0.013808668159214887,0.0009604941364984576,0.004413915125847545,0.0,0.006716226206258558,0.00404228803416129,0.010805345748192918,0.004181705824788828,0.007148542579096029,0.00577150743700372,0.003051620301789404,0.009650119181650485,0.002131294457547561,0.001123805580966808,0.00506630520666973,0.0024262700329440445,0.003764177072884012,-0.03159428430420175,0.004036099470030585,0.0008544514957942173,0.002996793427928912,0.005677297661511149,-0.013123944447827052,0.004824477368959856,0.003040677921216428,-0.001963437964944692,-0.01446001190351931,-0.0024456031217963137
2023-12-29,-0.00542426276764274,0.001421491385677598,-0.0029891946286184634,-0.0019340082415615356,-0.0006919191343843778,-0.005838911899014199,-0.0013524916443607982,-0.0017681715507127382,-0.009074958957897339,-0.00152535380176555,-0.009388462612883952,0.0011906954151192917,-0.00619864117884561,-0.003608184338302678,-0.0009154390544833246,-0.003204760988851363,0.001757039633306201,-0.002544966421873962,-0.0015528154446364795,-0.0040758407011092235,0.006995585936563131,0.00016699764266792094,-0.006119645004765473,-0.003690974541071479,-0.004554449627494184,0.0007924264905803113,-0.0035351354778555555,-0.004072868293185095,-0.0012749702874765845,0.0015278791225252775,-0.007678201909408711,-0.0012167804999683174,-0.007061441496385101,0.0012382162112056783,0.0034506058240453275,-0.0031319743130528988,-0.012155665479283151,-0.005377239176515225,-0.0016022393702451732,-0.007734728075098785,-0.0038508110034729537,-0.0016561508041025297,-0.0016570051371059824,-0.0023319528812366652,0.0025816272483809577,-0.0012213557048323942,-0.002778395139250822,-0.0010398730782635868,-0.0011743269145393365,0.005711013900115747,0.003063824371653867,0.003563637673528186,0.0044544158578099236,-0.0015701241182765058,0.00044565902758519904,0.0022648375391109976,-0.004230500263144643,-0.002413628256697664,-0.012167870022045335,-0.0033731232363715113,0.003981985192947013,0.0022983429879535056,0.0020252063071179993,-0.007434028759926603,-0.002297432421807244,0.0,-0.007717567733283692,-0.0043354661990540055,0.0026565288710524992,0.0,0.0055581383648233285,-0.005011863879506584,0.0022585597907891497,-0.008432697579479287,-0.001794462977083966,-0.00035645837208642117,0.0008340197347200817,-0.010783542510096611,-0.0005702111247906094,-0.002987344995740382,0.0008037156236040399,-0.0034736180299327346,0.0011366834499653145,0.002389579467076741,-0.004040660993111067,-0.0008419636272601894,0.006113157483949916,-0.004034187381912413,0.0061270032584079814,-0.018563856087399966,0.002990859004072588,-0.0016259793612555251,-0.0005085442865653267,-0.0001918655625682275,-0.0006917535059989266,0.005601401528797734,-0.005254716616521438,0.0005076524479268318,-0.0020960018254705393,0.0010725482514934992
2024-01-02,-0.03578653811226007,0.03129651884861717,-0.001998723756179266,-0.011370453521826418,0.007477148147209345,-0.038442585734335455,0.02413201934200715,0.016088512011428024,-0.05990096744922868,0.032532528897580626,-0.013228970207501023,-0.034144130400651784,0.006831104680900868,0.004914707243061978,-0.01879208014206235,-0.014166005472374454,0.028259531483395994,0.0162619518124143,0.031104143899089776,-0.010011109655084893,0.0059734252103609276,0.03556528736182574,0.0025252803863629047,0.013095561179558235,-0.014286100023370385,-0.00019810780573203957,0.013355627972580386,0.002145368485513277,0.03212764218175068,0.0026007550624351783,0.014913094577421404,0.0046517041227642775,0.00893515881566187,0.00793480306738159,0.005731263330849279,0.005374068455791248,-0.0024609277580082134,-0.013163061968885503,0.02752748301187924,0.003619101264049851,-0.010881266103869969,0.006558237765310393,-0.0008298776801320962,-0.0042418268954032,-0.003385614422336425,-0.012534447982245234,-0.0487561513132867,-0.009715404058450727,0.011640220290277226,0.006995299300706526,0.015102712233038273,0.015919882655818007,0.006354293245924625,-0.017524204849187153,-0.010832031577093337,0.0017874824488179897,0.005583735519255395,0.018448622733312714,-0.021669064850405206,0.006220235135163676,0.030738953992027973,0.03870857288545748,-0.013748648733895918,-0.011596935737646752,-0.01860554597424735,-0.027341403906073314,-0.012994414857809167,0.005694187736644762,0.01807593210382641,0.03265019894034271,0.015013141034795119,0.010655355785124998,0.008637446514567548,-0.03042253387065752,-0.01959006596230839,0.012835771446522592,-0.024372432290009183,0.004360302482012246,0.010410612182767842,-0.00937531495553856,0.014585795426401038,0.003743787096909479,-0.010786026070327304,0.028009482411280873,-0.01124552982104765,0.004774776859621799,-0.00564968060154758,0.025170165449642568,0.004882088333246104,-0.0002414583049958896,0.02444595175303843,-0.008916141646918563,0.007059680810964641,-0.005684901021199895,0.005076817151044688,0.03129981763759204,0.002235000684722266,0.010402773405024712,0.023804687959669835,-0.01247516413540195
2024-01-03,-0.007487744444430677,0.004004518594648232,-0.0030040187696874776,-0.02594265313898625,0.005085236763416434,-0.02960017435637008,0.002404234566886654,-0.003341147999525451,-0.02352427813365343,0.01109646918899676,-0.00973782115920796,-0.031180453670185515,-0.010914437904067542,-0.01853279666164187,-0.020482346256358808,-0.020179902598623678,-0.008718729750817666,0.011835812630519138,0.011312216514793416,-0.02873161527051027,-0.004134681891549197,-0.02076749848640791,-0.00824362875739193,0.019899640792357287,-0.009160021823699571,0.00778140182366438,-0.009884664701808266,0.019066092104063292,-0.0016491752116729597,-0.018857059072606375,-0.01695128312735572,0.010362707932481952,-0.012651448532469356,0.009917280475912893,-0.0072942868113182735,0.02779619574052994,-0.03700662947450095,-0.015005978785606167,0.002883267164792036,-0.021636517988449344,0.005428192981753455,-0.01676540670148685,0.012458395623139218,-0.01976332732383468,-0.021387623013785495,-0.008668600796850612,-0.015690484091115176,-0.018220063658101915,-0.004358471744446479,-0.0050670582331202585,0.002340313382599213,0.043059910814639446,0.006577206859567308,-0.029179062842998205,-0.007395375458393416,-0.008921465281482077,0.004345840592800743,-0.003415101000583398,-0.0052557986088545006,-0.020090794722058658,-0.004329140870503512,0.013511133351200133,-0.0007279250679932403,-0.022243885556068266,-0.023556895650723275,-0.012435617465464843,-0.015375831508930293,0.009325476694159285,0.0002313491939529566,0.0,-0.006050944633676725,-0.030926371491899918,0.010872010525677656,-0.018754688170037337,-0.006529699577152659,0.0045764032053057235,-0.0046973202200720765,-0.029666984173628785,0.01961891044760322,-0.01496370133937619,0.0025059550350847726,-0.005787635848973682,-0.007730532048016769,-0.0011594654670121773,-0.012884970204737112,-0.030957548350234454,-0.016938299201865847,-0.028172429125415843,-0.0006269468316814075,-0.04013364984377277,0.004987705035827572,-0.007106789504169431,-0.005052362289315382,-0.003437938621854597,0.023572707331943388,0.007201455484862951,-0.013176696410324928,6.277136220278479e-05,0.008401853059686326,0.000542648697618997
2024-01-04,-0.012699969724089266,0.006232066416471227,0.013330790597878561,-0.0024561892261319995,-0.018870576605748868,0.007614752889424592,0.00011995704615008762,0.00029159293626102034,0.005098929539399277,0.008247696728789888,-0.026267891590348702,0.004222864022927597,0.008052538381046581,0.013113009969350609,0.003129581845732199,0.002295558069494108,0.006576512988374361,-0.00837084478314587,0.0024235965459700193,0.0063315283754075136,0.003931112597146624,0.008430451291832286,-0.015700801079808424,-0.028766764839618597,0.005677007177147919,-0.008513120603613755,-0.009983427214665497,-0.010962954167154426,-0.004749116771173623,-0.0024406055179986286,0.007841891820992597,-0.011893153973109416,-0.008054176804054847,-0.0029358345112641127,-0.023421252542634274,-0.03168516468526039,-0.0025618025414290146,0.004836390933505852,0.01197897852071983,0.006237547200942828,-0.01821201371777903,0.003038339068734075,-0.021602357003060013,0.0009755480481596912,0.0018090293199872765,0.004746981256527061,-0.00382560920860886,0.01213427969964953,0.006636093498303186,0.006489280800816788,-0.003335602509095925,-0.005180586271008036,-0.002722630139185167,-0.004946477717638231,0.0023879396110069173,-0.00900166750940945,0.008774028455208027,0.005512612702625264,0.007692990333560301,0.0035253529313803433,0.002898710451746833,0.019517326842642513,-0.007177649996292446,0.0029998344186581427,-0.016724339863115167,0.009018513632341074,0.0012687785019238618,-0.02458338352860523,-0.00855748101914866,-0.02152712909744714,0.005478705323153088,0.005736630776232099,-0.0034622738186670388,-0.010392642782449224,-0.01286258775584781,-0.0023360810528361142,0.00343235576144596,-0.002386390691245799,-0.007336462329308291,-0.00044202600004528136,-0.0006579729104526644,0.0010348958085328874,0.013982449105704342,-0.0046430650858649836,-0.03405535700117568,0.011394058758349868,0.011777640622309793,0.016149070769071017,0.006481998322580784,-0.0021807686270334248,0.006254168574721053,-0.002647949154912288,-0.0034912791652648156,0.006318123915035168,-0.025646815148425373,0.005362742605760751,0.01232535848967542,-0.009667203628234033,-0.008719295490980605,-0.0031760069588016027
2024-01-05,-0.004013162308272977,0.00421154658519729,-0.0016218719404876847,-0.0013943507911731157,-0.01310092996550316,0.0026210296536557376,0.00815446692215982,0.005536825267519863,0.018895724049820428,-0.0005606533812479997,0.00463442024626004,0.016575477742003297,0.018639124820748476,0.013719920419070997,-0.0034502749127724996,-0.003969811651400423,0.0036509522530259186,0.00525187995098797,0.01041479266738854,0.009891622469307304,0.001759722866338631,0.024067572800353654,0.00961766999259206,0.00042934358761947955,0.011814604134215756,0.0001996500113152777,-0.00567220525940193,-0.0017259105011047104,0.01742741620790289,0.009098115304955856,-0.010016235393209949,0.0037544908947750866,0.011625793921229421,0.0005076856313575018,0.006113286434523912,-0.005288302770607212,0.01455473736063273,0.013075686367584938,-0.01384956540490112,0.014088673630141768,-0.0048390701179551465,0.009113326777274278,0.005310133506602588,0.012847437240321113,-0.0066861009497402035,-0.010568135742940576,0.00042666342029673565,0.008109943603721526,0.0050172080598547275,-0.002285071064401234,-0.001506021501528454,0.0065907737579609105,-0.002992093476015256,0.0061073446732879955,-0.0008338611740331681,-0.009426214801748878,0.0076253169200986015,0.0211882446531384,0.013914672913896586,0.0038826669230143107,-0.000722633836306108,0.0017947655677417185,-0.0005161924506121851,0.005483525357040442,-0.0021506309282349756,0.022896618728516005,0.0013647910565555144,-0.003044650814508998,-0.014754658360060513,0.013062898515157073,-0.008274309123819545,0.02425736053317107,-0.00029549028231901087,0.004112575522535966,-0.0020986088979420003,-0.00035137509042804105,-0.005986160374813809,0.005083007513662752,-0.0013946596449775361,-0.0040496214513914275,0.006187511679754509,0.010726317010909758,-0.009126009380490685,0.018658894806476756,-0.0008303727168250674,0.003565086756846636,-0.01153275504964113,-0.011407536273778995,0.0027527121405259702,-0.001849229589212631,-0.014741070190327221,-0.0047704536722325,0.011020010274292114,0.00030836999701122636,-0.010052883345333052,0.021082088555309353,0.012987017134903578,-0.006655723472415498,0.003029736053384413,-0.0027196222381712376
2024-01-08,0.024174979350496173,-0.004379103624901681,0.01444045946499295,0.011080844790518851,0.0035305889176284744,0.025836496015143817,0.005233932063079427,-0.011447472734103292,0.05484190174850667,0.026006504842649658,0.026576703830634596,-0.08032128514056225,-0.007842158481778383,0.03855983059247614,0.016049874977984935,0.01834365994779885,-0.008424231834860074,0.007084428906246387,-0.00589000921120586,0.0114906340577563,-0.006587692379166787,0.00012773170655822064,0.016031665774439485,-0.017420476267115848,0.008658436534762837,0.0073866830762456814,-0.006761057076448029,-0.0059840419129032485,-0.0006118706547131314,0.005101434793746362,0.019844536832513082,0.007150678501832486,0.004742886138201063,0.008626032301668696,0.001168541369148901,-0.021681416830249045,0.010126590157972126,0.015757269483988035,0.008162393170597415,0.01972751171783349,0.022913231813028956,0.006262289298728518,-0.021128557854480978,0.014550501925570947,-0.004274627084436933,0.012440183540806338,0.03326942844394698,0.00034979937675094774,-0.0014511397358504263,0.007852668624824588,0.007373950745465541,0.012092780963550265,0.004600226203473445,0.021787233829903885,0.00768939120055756,0.010069517571723807,0.02364919728891124,0.008705828669530735,0.019065129893889532,0.0024864026764870317,0.010122868492659531,0.0013648557139525064,0.018871405049235346,-0.0027267126484387116,0.015086175115524236,0.06428100684528126,0.018787134403852823,-0.011367462228385916,0.0010061984646538846,0.003732711417222534,0.008614863711035259,0.008257116797375952,-0.010278200386108605,0.01682158282781221,0.012368158013016384,0.005387653593351693,0.012904639604795154,0.008478250219305039,0.007680505412146266,0.009908109473759419,0.006934565830930328,0.0028128751917915196,0.015745146689793765,-0.008586215636270933,0.011333492064733885,0.006962657182433496,0.012103406841023734,0.019106575664085135,-0.0039364600930743565,0.012463646412957496,-0.001600242081072345,0.0029593745393647897,0.007560295874106782,0.010974540214874429,0.0020929182308278005,-0.0024876608650901133,0.0,0.009827124568233758,-0.016661923734740514,0.002337479193285752
2024-01-09,-0.002263431456725473,0.005451372861976278,0.0029358669827117545,0.007051566292458178,-0.0054883281352519075,0.002166106486453323,-0.004496752024377715,-0.005716788548379648,0.021069927386615506,-0.011644231748522804,0.015224607114340927,-0.01414849560333653,-0.015515243228941489,-0.0002459256204943028,0.007620810729731975,-0.0033492587263547202,-0.009847547740468365,-0.003476557131728897,-0.009812979632910945,0.00013694179579681887,-0.003934556270058787,-0.002423511400064804,-0.010290555746141572,-0.015196420283687173,0.008296825850622858,-0.010899706854636815,-0.010636036987267228,-0.02541794982115586,-0.01489471219091587,-0.011960302340821571,-0.016988837394955603,-0.02053525433654435,-0.020697244701814888,-0.003018610802006272,-0.01633993752135454,-0.014434881516078524,-0.010860514919067477,0.0038978035221444163,0.02464578057762057,-0.00435976374075242,0.015197349212498157,-0.013166539183487758,-0.019880655232988098,-0.005000986144332975,-0.005082410286633254,-0.006578051944486019,-0.00825602757514643,0.008041888480442294,-0.007906095984883788,0.003490059292087677,-0.001829894580942626,-0.0008785162522065848,-0.00503710464613627,-0.0005986795247071575,0.0014693813446335913,-0.003528464005617682,0.001039510397584209,-0.004315288729716316,-0.0034294680349317153,0.0022047412089463148,-0.0011930481025684836,0.008945406706101888,0.002935787601119566,-0.038528431651080775,-0.008492562130279935,0.01697514319342286,-0.009841545855848954,-0.013900787277320359,-0.011471814602173724,-0.006085187618793397,0.004102655377054232,-0.019108788260752796,-0.004781265294679482,0.006185761889518249,0.005181640493987949,-0.0004659095210293174,-0.01167863607716424,-0.015486723635860344,-0.0040187054643316955,-0.004627693829192592,-0.007926405010870274,-0.014152715811317051,0.010900697013990879,-0.005398266687707265,-0.005154956995839899,0.014393619153808102,0.0028011824930316287,0.0008681409033530763,-0.0005720483638824714,-0.02283214932024613,0.003448245452602361,-0.01334049122497838,0.0001250864978712407,0.003009042261750361,-0.016244976180619375,-0.010016379890057214,-0.012620148253853047,0.006698151955842002,-0.012385975160689178,-0.0032649123055445983
2024-01-10,0.005671456958265653,0.01589559469415658,0.014814214451381202,0.0075271799754323965,-0.018961364145078763,0.012120700665260165,-0.018899231755198143,-0.0035383133150985735,-0.004823805756405508,-0.00875491017026464,0.015590940651907248,0.009213332218573012,-0.0008920530376507196,-0.009099934284072297,0.009148127084907198,-0.002718589597994203,-0.012090422556450986,0.0027801023391071933,-0.00860131072061776,0.003626437731902854,-0.0002662863755760192,-0.0164604141655168,0.0046211649630623075,-0.0140121108122917,0.008363692438528636,0.006612002913199078,-0.009890398053517657,-0.00823609975921713,-0.0072493763968257685,0.0012460428731400075,-0.005327749817133243,-0.004237768337620351,-0.010381807890684769,0.001917588734681841,0.009966782644212024,-0.00930476457604179,-0.0008446175213190354,0.007143917496508001,-0.01812693987229852,-0.006294438124026636,0.009435954065478036,-0.004638594114788286,-0.012750073125034844,0.030647963626372787,0.0038189050291277393,0.007183849477499393,-0.012070668355544933,-0.0038154903521466776,0.0021095056579381044,-0.0029926268175063386,0.003333312432201918,0.00753018256678506,-0.0019504959414736733,0.014745809269676391,0.013416845866117244,0.011070222770602545,0.004846561642842584,0.0011557309741048183,0.036482640743052075,-0.007332767149314523,-0.019111268444470975,0.0036307985273615895,0.018574146808951975,-0.018872837865456793,0.010025231991678485,0.022770029061903507,0.00668417243986319,-0.01148618991664252,-0.0014955329778468807,-0.013945531530631272,0.004286545926058372,0.004336156172795036,-0.028526465729931116,-0.004146239454638212,-0.0022953846773039466,0.0032634356720466773,0.004404531713803506,-0.013932672192517814,-0.0005567551122184211,0.00688095243211273,-0.002881315179820043,-0.009311962490015424,0.014938138903120901,-0.0047197587582589184,7.497553429924864e-05,0.0022256601621710725,0.011388061185646281,0.003838640756943734,0.00463062728312158,-0.004341182513256769,-0.00135607951364769,0.006697184820225299,0.00800311449754787,0.0046709791615515694,-0.018872479988198743,0.0010246814907737267,-0.004260484024641853,0.012428627496033018,-0.009832426578060494,0.007643123356579462
2024-01-11,-0.0032226030714817,-0.0067319619661481145,-0.0030742222372958095,0.007644963375291747,0.0020192067909172717,0.0076626183575199125,-0.025926811312338316,-0.004438394054831818,-0.0035006667374100076,-0.004826324132931825,0.009432101662268044,-0.022735221028090447,-0.01339285975795701,-0.0062048556786415965,0.0088409682721593,0.0003154535108120804,-0.008685306355750155,-0.012448404334338692,-0.017729166517944872,-0.004397531687487577,0.01092126917464431,-0.0010721409877554322,-0.004829834918522624,-0.0016191046814079124,0.001218847649068433,0.003980756496700932,-0.0004343274465957725,0.005397900399499722,-0.01710836709927188,-0.008864381539416821,-0.007315620244066512,0.0017919898467704254,0.00487067796261309,-0.021454471598138625,-0.016212375110704946,-8.692302264912133e-05,-0.010143710809331408,0.001002340951124614,0.010532540973972049,-0.012393199458740733,-0.0014056968166813455,-0.005785974218219914,0.003522169586454904,-0.0007566929985131088,-0.0036067455244872537,0.005768080556488586,0.0035810848942861018,0.006093406212847041,-0.004210130022772374,0.004461733022520287,-0.0064784371914922145,0.008775117224047113,-0.004984659123578372,-0.00022701304938521627,-0.003619250069335944,0.00020396114347809302,0.00011479426894411837,0.0,-0.002159383544042437,0.00572489341767346,0.01315149068337651,-0.0036176635199807183,0.004859392633870252,-0.01133060068485836,0.020526251743661073,0.008684416105458004,0.008179348979648005,0.005809759146915061,-0.0047327797750303935,-0.020351862894147477,0.0038014969463255888,-0.017012441208988927,0.006722858924463004,-0.0020098272444670773,0.003960177283515165,-0.00882914880007235,-0.005989277082773858,-0.00850786305796114,-0.01740207018156037,0.0024473246169385288,-0.016944791409833737,-0.004438578806069571,0.003931346075805253,-0.037937305497670604,-0.008034662559955663,-0.014366043628952108,0.011790902533835412,0.0038057188146427556,0.009218486028301554,-0.028725319101363445,0.003794466787617745,-0.010962238132258162,-0.012219302809311605,-0.0020034023026727077,0.025887624875998716,-0.030194620423206642,-0.0008149510363948398,-0.001115873907544418,-0.0002026955033619382,-0.0015479871477492857
2024-01-12,0.0017781289150906598,0.0010481349543940421,0.003700387796525817,0.024025110222133828,0.0012955607943052616,0.00743822393651028,0.013557158088560728,0.003120680307841628,-0.009863577028276227,0.01125037094478154,-0.0036086969005325598,-0.02227614583800186,-0.01055801869478945,-0.0009991802860468413,-0.014041831109637526,0.008818972992281626,0.001792026128689006,0.0007706247099659169,0.01036872352528806,-0.0056493809901068115,-0.000702771660039736,-0.007742728813744937,-0.006470942124011114,0.006306349558663049,0.01434129820697505,-0.0019826435246995677,0.001738064675575579,0.013697728801607356,0.004669814611158785,-0.009507425076889175,-0.01193204797514913,0.010061395651147054,-0.005033559868239945,0.013484268930381571,-0.01576320384657437,0.009306042266692849,-0.021349314392960395,-0.0003082351506732417,0.011593875525279795,-0.016731947572835804,0.004011740521525198,-0.00526659979813715,0.008482034669388794,-0.0023000377794640814,-0.002826415878583788,0.02244710175474407,-0.010915249434555574,-0.02509083364556075,-0.007340000276636616,0.002826661074992076,0.00969739418410609,0.011325621516677042,0.02217911090982705,-0.005677678933073027,0.0055774692286503225,-0.0023117295103333158,0.0037892370764662786,-0.006782195463005736,0.013038666866171278,-0.007344798024151777,-0.006250039914253547,0.0016886720928279697,0.009983601087194982,0.0031982224969113737,-0.007932041584316707,-0.002042968111278798,0.01746687019688764,0.01627866310498871,0.00686225364595483,0.010563371098692098,0.0005979577026464789,-0.013709404303047457,0.0198800491686002,0.008415224119239229,0.0033620462412409235,0.01183793900503205,-0.010329365937668755,-0.00045958732367457067,0.011901256798849236,0.006471734300752319,0.007616415743918248,0.0032781408142112944,0.012654108901325678,0.015403590044753335,-0.001287151404781528,-0.007815620530145617,-0.002309749861673205,-0.0030768964977205826,0.0035408220413311042,-0.036660513098772496,-0.03366805998316946,0.005626458312739224,-0.005902780218549841,0.0005303509859557742,0.02734382198456231,0.017414491201757087,-0.033442090120201606,0.0013033072186541261,0.01297256061404739,0.001007854660449059
2024-01-16,-0.012317062749473973,-0.005665220855094244,-0.001404380072221989,-0.004967327564369128,-0.0066129447972111954,-0.0038772580099830645,-0.006258421109570311,-0.00414815595043283,0.08310595071960769,-0.009885523849111899,-0.009442449238027617,-0.07891590682872529,-0.020731749029237245,-0.02374992826984501,0.000371229567575293,-0.010280111648608647,-0.00616172537323767,-0.006930281743334099,-0.01425317095726375,-0.01095006315551239,0.00079099519724668,0.006327607469428065,0.00232612263342169,-0.027394804123466177,-0.002561409972758666,0.00496633748447306,-0.013446042710268169,-0.024309064445066086,-0.012043080618222013,-0.003001257541145108,0.0067039400025170615,0.02988385789736303,-0.005059024772306242,-0.004367312698579928,-0.01237563109272688,-0.026055266645411468,0.0,-0.014022598500762151,-0.004514947077199238,0.003687063802291668,-0.0011216407338299206,0.007147594606362162,-0.02813221042063263,0.007646727386429131,-0.016558804429591012,0.006996294938521386,-0.0012731172971911509,-0.0699324777754764,-0.006270349024347643,-0.008858787981679161,-0.006623637450789088,-0.012987481635191367,-0.011529024749587946,0.006943506117810472,-0.0017478117787670389,-0.008109800952351254,-0.010066427248871967,-0.008862382022120308,-0.01877224188361859,-0.004439661443566556,-0.008950203305213011,-0.0011801043561704416,0.004633446894787285,-0.043305123496058195,-0.03179127626871414,0.030561195001797437,-0.00028140983130942043,-0.024801962118833898,-0.006576334276319207,-0.013240478414973555,-0.005378403266157572,0.0006715507882992799,-0.025588696181270576,0.006562053189564043,0.005765764107013682,-0.009614294598553452,0.007827838720012359,-0.014104123849580485,-0.015401876591307762,-0.001029654021724724,-0.012597793168830473,-0.008364861666347534,0.004442393663679489,-0.0024270582964303067,-0.009019797798994977,0.0011354167486621325,0.008839365387268705,-0.0042621189060843,0.005880601274907971,0.004659894354722027,-0.004525299291641693,-0.006310250023123243,-0.01882384625774569,0.0040502654546963335,-0.016730031019349112,0.018931502460049154,-0.012236401072571623,0.0031614147871079634,-0.02261123075989424,0.0052660209692725335
2024-01-17,-0.0051735607630276625,0.0034679956912275767,0.001494290818172761,0.0010757005456074609,-0.002604995669136856,-0.01254657879626031,-0.015435858026288884,-0.006991975722384192,0.009008395025177363,0.001976939465862859,-0.009467203666572499,0.01266703187718643,-0.009962595686894948,-0.00921898958339018,-0.0039385886733313,-0.004991258707250923,-0.00040001622737895204,-0.005012455076156663,-0.009832248512370079,-0.029941132519656466,0.002283586315537267,0.005017257358572946,-0.017173470757232523,-0.009849035983973464,0.0039620509595166276,-0.005732422531095405,-0.014288856637990732,-0.003967006458467037,-0.012617543299489609,-0.017490622936156552,-0.00957003121646749,-0.02912419982188663,-0.011864439233092217,-0.012241139909860421,-0.0007370326311862962,-0.013465285382851078,-0.01657939812660758,-0.008517592512793382,0.00569836550261571,-0.010737651935028847,-0.007158219934147447,-0.008595092389750425,-0.008057200008850685,-0.007616613149296736,0.0009101199507672852,-0.0052708923921194195,-0.021249585471214805,0.03492352914564334,-0.005357444497759323,0.0020313385776946635,0.0,-0.008919463280553597,-0.00299235845073742,-0.010797118642903003,-0.0021711156932539,0.00024040704606487218,-0.0056621320110419315,-0.011873306826730712,0.0024764599047799596,-0.01449276001029498,-0.005613710050949461,-0.0030382442218884753,-0.0020498032648289533,-0.03554576546793675,-0.008847867243959695,-0.00583512779147799,-0.0013136881673654344,-0.00706454791015354,0.0016248038667177056,-0.006002783737561801,0.0010013514515656574,-0.0013420940510547874,-0.009268653272171079,-0.012754873547602075,-0.0001488555116413437,-0.005263059341182208,-0.010032443821906156,-0.013372720261871418,-0.009812203979039036,0.002702981007355554,-0.011952753546748407,-0.015552869876173658,-0.0019408692953201134,-0.0018249705649908687,-0.01231459283269798,-0.016516701866937877,-0.015437564502908119,-0.005073938667917388,0.004016120311360671,-0.019826295019533036,0.011152720833975671,-0.0016934413687005323,-0.004957354406502468,0.005240644369201908,-0.023124545461223667,-0.010689851707347486,-0.0032037719475103144,-0.004696248663004665,-0.0072679223580486285,-0.005623583323636883
2024-01-18,0.032570700881001224,0.007775949892877554,0.0007899670292457195,0.016683135737966204,-0.002611683418367594,0.011364076995873607,-0.0191898171114111,0.007340925881740512,0.01560841623637299,0.001348295353811313,0.011798781932089941,0.04210579707749029,-0.002201197660976817,0.0038769535888909523,0.011149264400741377,0.009943699925510474,0.0022008886668207772,0.008600284629134869,-0.004867742631382899,0.011735802647567128,0.007798368197146077,0.0019449854479762774,0.004486489371070768,-0.005949621092400492,0.004560030369062051,0.008946452960065576,-0.009589808747469841,-0.009083285526764628,-0.014944751002538115,0.0073427403367700705,0.007703307408020388,0.020699689100732277,0.0024775759026696154,-0.01001748555327131,0.002950689200122092,-0.004881208951826199,-0.024844741984970664,0.01316207675211123,-0.0009251739983662244,-0.01228198692321647,0.014207895211408195,-0.0007157979735796793,0.002105901729700266,0.006185045216472673,0.011012822542346035,0.004576155100148416,0.014763344350462226,-0.010326455473770202,0.001974974013499775,-0.0022704974312296455,0.0028338078351251017,-0.008840630578417108,0.006791319440748955,0.0008254428635254829,0.007720656531974512,0.010990526179174509,0.002789149193050511,0.004598589485565796,0.021065870381738128,0.0033938249129430442,-0.007363864460674718,0.0034708438410038234,0.011297430691378452,-0.0031671637808825537,0.0011902003613537548,0.018803558688963884,0.0213285914647674,0.004446817411032367,0.004386010543949936,-0.0021314369296607794,-0.005765154228369207,-0.01700055558969371,-0.0046777444335455165,0.04285100084966298,0.008842258097812472,0.004938135583679948,0.01710795320972358,-0.011505127227737999,-0.012350966048419454,0.004272089608160057,-0.004893315042786783,-0.005087666675057889,0.0033154401847410586,-0.0006092285667356201,0.010299709851651295,-0.009658374697244287,0.0038139148836382475,0.009587497371829734,0.004303760314506855,-0.017026203279914,-0.0163828292674133,0.009244768191150277,0.012746046756323182,0.0056634108860453836,-0.00277092363181064,0.0018007158154071945,-0.004928138099496215,0.013472512282510118,-0.001856015334042116,0.010690991197791933
2024-01-19,0.015533014471189599,0.00900174919682395,0.005876208466697008,0.012098463645147106,-0.008001149782282058,0.03093128344147389,-0.006393819823352409,0.02364667723193903,0.07106410333015312,0.010903614376316817,0.011986946826648914,0.016114567611520414,0.015442809561013071,-0.00617918969786424,0.02485262126664267,0.012800862540234936,0.00039929749506284473,0.012721412024521817,0.008022019824702076,0.01667867410502266,0.03169161078955218,-0.02271249782914897,0.019040933890330125,0.008790844927327512,0.011144896078437938,0.010246301358250776,0.026795809508441737,0.002961522784854953,-0.0035180061307525934,0.003487302757231747,0.020944757520465096,0.009217977632029362,0.003992406609890864,-0.003129519135740333,0.00833530696245588,0.0007266971071298034,0.019108417057986937,0.009801623927130576,0.010301015986687423,0.026894137403672636,0.020211866091124575,0.014035106141912168,0.01981368316244425,0.012601213440415204,0.0032479885910554618,0.027811121033266772,0.03016686734462115,0.009688851479545457,0.017261827378161954,-0.0021944091236163477,-0.005485450161068051,0.008390128227214522,-0.003938501061714783,0.008156521162893782,0.014069500649770639,0.020960747752584608,0.0023176419108694724,0.01727707733377981,0.019461307144499784,0.012401281023592281,-0.002720072476870783,0.002952533848636918,0.01218695397015579,-0.0011553757748942184,0.008321884624835185,0.041746148486852874,0.008923631892761685,-0.0008853709560792122,-0.008314904867300799,0.00676393062527092,-0.0038478153513025193,0.030761024585913344,0.011122522797304635,0.04590811163682318,0.01208622334785403,0.0007019814608946184,0.00557109006737555,0.01690046855745564,0.0026172921078022604,0.005345746185131839,-0.004507668211575222,0.020858394627630394,0.001048560000486587,0.01646336511362012,0.015943608666721287,0.00538572621676181,0.007915651325184347,0.013463683517816794,0.06715396713329036,0.0014630807600990448,-0.02475114418993618,0.0053783896552732635,0.002300008312408952,0.010292915176067785,0.017465854615246412,0.010015558458554397,0.03617575175507315,-0.005268421583568439,0.0015494457988778354,0.014103970451506243
2024-01-22,0.012163246348790402,0.003762801457706466,-0.004359570671853219,0.009095915141469124,-0.24197100484346645,0.008647015370664812,-0.005662813548091394,0.006247331579660509,-0.03472423348513887,0.007634554557972351,-0.003604979862209201,-0.00041861963952727343,0.010242057904526813,0.00310885583029763,-0.03055151353761698,-0.014178555135263005,-0.010776406056945187,0.0029156308147135768,0.02562106817926968,0.011883243927858667,0.007078954248366021,0.00983234610502226,0.006228383720772612,0.001761363082460221,-0.0035396865220506113,0.005851408438461547,-0.013815776019759585,0.0017577056601041363,-0.005516352470045005,0.0048859364708861985,0.003981705715937478,0.021706518093756344,0.014201950745920788,-0.005232435312048644,-0.0017018899345733196,0.00426614731703312,0.0,0.01093909534972215,-0.10150079643837628,-0.00535062829347388,-0.002664358491645036,0.00983777128866592,0.013541395992345384,-0.015783220550361188,0.0012948488613360176,0.007872752894424462,0.001453824921199054,0.013102148085552656,-0.0011742538278507464,-0.0035025024513032355,-0.0043456458089170535,0.003659194082475281,0.002184616684505869,-0.0006817292583660706,0.006799770483641776,-0.007054185369995136,-0.00023115472912782487,0.008854778257590956,-0.004355127307811624,0.00241284335253944,0.0037192589964609724,0.004541999934836838,-0.0054181725732205255,0.012145705703068943,-0.011986761158298997,0.002739946761103784,0.003920841333412195,0.005671616394098411,-0.004041427192164937,0.0010608558943450141,0.0019651906546431785,-0.009019344464127,0.004415601483975129,0.0059884406654766575,0.002588836811042494,-0.005962794379939629,-0.00841679478022872,-0.002351808049493753,-0.0018853899058288714,0.0056793524011498064,-0.016190957116983373,-0.0204322114971085,-0.00564982601749775,0.00779827901821295,0.004979579119746225,0.01607074136078923,-0.0038744654351490215,0.002972448978232567,0.010346267771005557,-0.015976244642273096,0.018726719095751854,0.0160487864441492,0.01089932316258957,0.0011074833010507046,0.007490480795853793,0.006356511278967414,0.008520284575346038,6.16483745496943e-05,-0.001340797461664267,-0.009372669522824673
2024-01-23,0.006653345408445199,0.012757843560890159,-0.0016638729789850704,0.007216625818952549,0.011994715783958831,0.007934947750860344,0.011001749670102035,-0.003754001168313481,0.0014270751790717018,-0.0008060351267001886,0.008011406531487353,-0.015958650689368192,0.006758915213971761,-0.007747899212732556,-0.004392500008799538,-0.001838751554483431,0.011095463540361505,0.011085195666215242,0.008705565585800379,0.0005541491380158803,0.005648576079865464,-0.0020651902772039765,0.007565328860158038,-0.0006478438776741369,-0.007104520820695903,0.00368421056674495,0.010229009630319696,-0.002807213780465223,-0.005990736327396218,0.007462482688763483,0.000560472175477722,-0.013777886816346396,0.006534617436306567,0.005785877592355826,0.008524146786155873,-0.0024403485328835517,0.015178512288455792,-0.009753963537147858,0.013387860077479052,-0.0025482459475263397,0.007192234130456443,-0.01344695936954965,0.02526872727372176,-0.016569023070951316,0.009450857970125348,0.006422464092695979,0.013894625482060885,0.013478942345697131,-0.006583921458211184,0.021334038922126597,0.004700403460604186,-0.0019023284746343405,-0.041612191506468665,-0.019610458797707064,-0.0022512120580244765,0.005495706025344438,-0.0015034049404238914,-0.0005755374046338968,0.008958048695239862,-0.11034991033232633,-0.0009880925729711665,0.0034329311180447686,0.00602761566190213,0.010285822548912416,0.013325464499929662,0.003671235309365306,0.015713005137450997,-0.00017627278979881478,0.015323099139209262,0.004238708665141422,0.04139056075732883,0.003212251936943744,0.011182976456530325,0.004121140575183091,0.005273631095553899,0.053281735455119605,-0.011819007446934537,0.004557645038286262,0.0001454733616250703,0.004567319190352137,0.0002789655849753103,-0.004844683231672975,-0.003479417152051356,0.023214537746183206,0.010885825303052155,0.0037047619574446244,-0.0007357103495060358,-0.0047887547499866345,-0.013466728465277633,0.0016283349277841364,0.004931888147752472,0.0009049674514254313,0.009205470069103106,0.00022136520659143955,-7.736399890223566e-05,0.06695280208295662,0.012157428244440993,0.0025247100345067164,0.011258005741845212,0.0052647085333590304
2024-01-24,-0.0034839229359203694,-0.01958219353915258,-0.028333461146407446,-0.0025956898550744123,0.006117315889748731,-0.00047470178719433154,-0.014338774005477672,0.0023187635439940735,0.05860346291707419,-0.014229896732413039,0.005447960655367012,0.012435011266253015,0.006408184274713458,-0.014055239390229235,0.0017559981992445461,-0.008592313740114932,0.002394351076331125,0.011957815645428527,-0.0007505536650729283,0.0064051145677987975,0.00511753757241773,0.00032830431741692756,-0.0034129245595913016,0.015556941310449268,-0.0015707424482040988,-0.008693945815541615,-0.00044016971063443044,0.019916925978045175,-0.014508938880685163,0.0024519533633047264,-0.015036588164943243,-0.002879343275582813,-0.015210531635126978,-0.011191266471742178,0.004829650053426393,0.015583959532744274,-0.029903232087750697,-0.00015378980590952107,0.0006289463845090548,-0.015043797307327411,0.011289433433560259,-0.0035978784124490737,0.04334277585764834,-0.010006189006888655,-0.015127602570688792,-5.7554278076299425e-05,0.004090823298747326,-0.011143000931290281,0.008935492833930914,-0.05530209198864977,-0.015706006365325487,0.006384194125474085,-0.018241001443672356,-0.018277684240758374,-0.0001368277347927327,0.0012998328636639744,-0.018762968050665352,0.003167278612798974,0.014278249068198079,-0.029760690074112972,-0.012611292518794448,-0.008010627888602961,0.009175116120620608,-0.026018296462669843,-0.011187409896696199,0.02486931192073749,0.022176428261625247,0.010223975966080934,-0.012168868170831737,-0.0035173361454268193,-0.012079517550393049,0.002134644276085229,0.019525594074637498,0.0056676685360166346,-0.009117167427551864,-0.00067017356066712,0.0007610714804702212,-0.006883624012572365,-0.009153057903652506,-0.0013214029602076627,-0.02244836228741587,-0.001487403771515572,-0.014190635396935769,-0.029668525862567074,0.06669158856192903,-0.011925146633470107,-0.0011572239618079516,-0.019519009346324556,0.0,-0.006263735117226887,-0.004442203353151375,-0.004109564144518463,-0.021741856141751836,0.001437703743775609,0.008055184049521769,-0.022495708440459006,0.007532699468177695,-0.014127708918920567,0.01726076267162724,-0.017533076495649058
2024-01-25,-0.0016966730827921994,0.005541380510792671,0.015166627403774502,0.008240740818286962,-0.023750656380243762,-0.0036016925865574034,0.014287538959651291,-0.0026025600803943894,0.011442081001416193,0.015580951084650518,0.005609771850602074,-0.057208236681749014,0.012431769216175281,0.029303015218785422,0.0018589352127516001,0.005994217294395199,-0.012539914288088205,0.011312063004994766,0.008824750714070184,0.03471155653711833,-0.0015315922851769637,-0.01947446372721562,0.03356174662945666,0.021701531077187086,-0.009628357055826542,0.019879218277195188,-0.0037435161836159025,0.02518630353509499,0.023556131010032955,0.011843062495048073,-0.005336646453785288,0.014545410232918776,0.03484648900284837,0.012587315958305423,0.013217912010393018,0.024622976292967724,0.028105165992082348,0.0,0.008801926980084085,0.013256522275106652,0.021318131779359373,0.008697946631851527,0.004615601096001454,0.010654562919381272,0.013458741404998253,0.09486579884948876,0.009370576030593769,0.012359091370591546,0.014310758692365644,0.02075564227294957,0.004243769350248394,-0.009594396448292297,-0.0014130498891975485,0.007266774530871434,-0.004331018761978833,-0.010750875562824391,0.012629746644736706,0.010189285592135278,0.00634754684811023,0.02938646069881279,0.007012235240542841,0.01051474854409773,0.005738359490241596,0.0014519393679985892,9.915856104125709e-05,0.004155627086994462,0.006036347130820685,0.012214263274111126,0.005797092551060423,-0.01576492569831034,0.023008282525354584,0.006789645574603487,0.02977467811158796,0.0006478557777578331,0.0071746435178960954,0.01620290752383391,0.006192974272120955,0.003623159808232357,0.015249221309514782,0.007714824498470163,0.008843262794723028,0.011375854419101827,0.013517501492103179,0.029976110309924087,0.004386133392556779,0.021407989731413668,0.005897902335260774,-0.0032963785776228827,0.0025595163714848823,-0.12125293136804816,-0.03863752165463852,-0.0031363252459363222,0.019989932970743363,0.003533934719837095,0.033115697767235996,0.024467029326054268,0.007880362620395154,0.014579353778117365,0.025401475325014022,0.006025786090663843
2024-01-26,-0.009012678370243887,-0.00442077969490684,-0.003912791121102321,-0.0023390385695074567,0.013039933659234393,0.00524332601477151,-0.0032013621157952477,0.007973124376381424,-0.01707980812832377,0.004866932146217584,0.008684596622424712,0.01778282272171805,0.0011979138544202517,-0.005129531519444286,0.004667212667212706,-0.003997717679352419,0.0018142241045828733,0.011946928502167387,-0.0011168575416394821,-0.004455065082304754,0.00012443100146630748,-0.002511928266177521,0.021868585288096876,0.0016064628835874561,0.010266140448249805,-0.003630855458433002,0.013704618397897717,0.0038365961008832716,0.008187591164138475,0.0015520979067440432,0.024671374127003265,0.0052709049730019775,-0.016017461546354195,0.0014624031047014707,0.012571262107423653,0.006007847972147262,0.004409104864734559,0.009697445286778628,-0.008849722470606114,0.0005686339158148535,0.0021070922147627957,-0.012829929865523448,0.014324469843628673,0.012337155889282192,-0.003751944678578978,-0.01580632209423305,-0.11907169314125954,0.01597844902903489,-0.0038162435204130984,0.00564361396313684,0.0035497342686383604,0.01853025752080839,-0.002621727807990082,-0.0004715634629464116,0.003960686178324124,-0.01665491322320034,0.008742274845404241,0.006961191025398605,0.0024416518511714003,0.00010408892535340719,-0.0002485507498681816,0.005743797152482744,-0.002321724053599983,-0.008118342239805787,0.019648785942768976,-0.009510379486183496,-0.0031305251167166315,0.006723058767742485,0.007804927646873683,0.0,0.0033413599516856074,0.0023140624851265557,0.018670789753198136,-0.02427668510167269,-0.0036614914853414504,-0.0058279595522415795,0.0020517324522524305,0.005179735536772867,-0.0018773779015972547,-0.006097881241515446,0.002544897334843421,0.005757997058111863,-0.0017632781296108568,0.006402757044041918,0.0015251163174376803,0.0024617412598377797,0.009109060484460585,0.01694497634201797,-0.000425546163056012,0.0033948152034783963,0.019862140355550117,-0.004884765432908278,-0.0025672888614932665,-0.017130739299347053,0.02565800681857211,0.0026011238890308874,0.008821078828511464,0.008781686327960392,0.008518591697385558,-0.008677601973290261
2024-01-29,-0.0035859881686562955,-0.00298053848048907,0.01285592032391647,0.0061443491171260245,0.05552366921538132,0.01643815364014989,0.006937265816570726,-0.002301088920819372,0.0032722247168106566,0.005388547879515482,0.01344896590822775,-0.001362723403092403,0.005384456962554962,0.00747627671008444,0.009739647745514723,0.001778228469117682,0.0034204989783634954,-0.005760252350443529,0.008198357492778419,0.012757520011603463,0.006342233854626844,0.003559257833093854,-0.003242413975659386,-0.0056134611473233065,0.010380318803881572,0.0028768864894828106,0.0015263173304009836,-0.00040237119535857513,-0.002853310947579346,0.010314541878779115,0.003991330303348528,0.02233646625342911,0.00018496572218884566,-0.0010431199434952632,-0.0016396985860837043,-0.005019884721782608,0.014047514547384177,-0.0006859905085662144,-0.005658877426186759,0.005969349882811947,0.008673378823843336,0.007332004212522447,-0.009059442806531037,0.001125795541963015,0.006194310234777456,-0.0014939993333772383,0.00435279641198294,0.0010603390942165447,0.0026119727800624215,0.0008252895098215252,0.006063657868390582,0.00899500416600274,-0.004419435506915259,-0.0006604709942543696,0.004674630951386982,0.00017113945531388453,0.010399811801376835,-0.007336205186314504,0.017455702225102954,0.004062999170834747,0.00820893440048609,0.0038072859523790026,0.014334116923488072,0.012861910079987604,0.010997547716893097,0.023496231610204754,-0.007763463054739628,-0.0030822538595223214,0.0017276000432704386,0.0003639857599149199,0.00012817444542023715,0.012400942482065025,-0.008058896577078145,-0.007165517995842863,0.011370294245169665,-0.00365006874531959,0.010775726985626788,-0.0015615064698260017,0.0011574025978822178,0.007187588371069253,0.008179122708909192,-0.0035948913529449955,0.010084778128139238,-0.0023134734732089823,0.008236415140396414,-0.007086043077681126,0.00031120353661173716,0.019074451363735756,-0.0014661399944928544,0.04190991910385411,0.0026630022574494205,0.019884439521240083,-0.008035063576972035,0.02134798393308368,0.0034082554142544907,-0.008254769342589952,0.0005961711486632826,0.004687289903327452,0.0012621191375239427,0.011309959534050229
2024-01-30,-0.019245847173153807,0.006161926731685696,0.00026452793600273417,-0.00549090579588718,0.019293782442067364,-0.0029545921283088417,0.0007657581660249768,0.014559541885815541,-0.03244674246780166,0.0037325656876960878,-0.014014601164705653,-0.023149276005084096,0.03510872516172747,-0.009723673918087261,0.00035737940198754536,-0.008837358521440963,-0.00962500984380621,0.010360669389286814,0.055072988995047645,0.004979335934635065,0.0016475244549021273,0.00023403657290765878,0.011711143503285504,0.02195337676733744,0.00969716870870263,-0.0009561354944223055,-0.0021771423723733196,0.0069761620271004965,0.0068237111504583225,-0.0018859357127843923,0.04710811693698891,-0.005641605708917696,0.007397867229331556,-0.0025059179245560115,-0.015720361357318136,0.01583168215948083,0.019913229622359196,0.02158650902933923,-0.005691082564843519,0.07798825574437784,-0.013354124548741853,0.016580851460729518,-0.010217827430513138,0.003935986113258627,0.014035799518253178,0.0039007730957048015,-0.0209853859319038,-0.038128874521405454,0.0204945955602589,0.0035457593498504636,0.0028461433653472756,-3.1008219372519186e-05,0.008574504714757625,0.01265113399551221,0.010463538889276869,0.008005181271921735,-0.005375027784619069,0.006395655612934759,-0.002393840743874387,-0.006536588535129617,-0.0017272627105091587,0.003133327892758553,-0.002757946663256017,-0.0040404269712915886,0.0028879639088603692,0.004946764790656921,0.0036044622502386936,0.011679766207921771,0.008742241026072683,-0.016739391846425478,0.008516901339351346,0.005016927543187943,0.023869538173667548,-0.024458744098761587,0.010145220321755799,0.005772604444952423,0.002985061100862829,0.006881349478787158,0.000867250190842217,0.010559983166167353,0.006154938490060546,0.00013370728792017061,0.006804407778395527,0.016231866304579068,-0.0030204957665846965,-0.007066298656170478,0.004252650201133079,0.01676311217014348,0.011462599397564777,0.0034567835721344142,-0.0018434614925695314,0.006240543589073111,-0.08201503315993275,0.012753145486237738,0.02536486467625787,0.009988114237537538,0.016683237081133395,0.0033325647111506207,0.01667793585516164,0.0005360910482856696
2024-01-31,-0.019357474161707522,-0.0031530492261551135,-0.002908008754896829,-0.01998370609530331,-0.007499978589841305,-0.010371597650597475,-0.003824839417537307,-0.012361342786698648,-0.02539808891778772,-0.0011440636775145174,-0.023899390262627773,0.05288360963687988,-0.022420378965720023,-0.00025844433225263863,-0.013411449230579353,-0.009491819906361387,-0.01052846439844457,-0.00880796517078375,-0.016114979265357987,-0.014601650321710125,0.0075256677761585955,0.00669027408300038,-0.0023580957797612045,-0.019114411031209033,-0.008362551290758913,-0.039433425459213245,-0.00763700425115732,-0.017919143987233044,-0.00043719563613298096,-0.008439742150359253,-0.02057556390112958,-0.009181006885814691,-0.015972170895078297,0.003140329576884371,-0.020977400164543636,-0.025603768276168948,-0.005093159756559551,-0.011274468096439838,-0.004579148867652649,0.0170379620647767,-0.07500334299943523,-0.007392542745001229,-0.03151315315484304,-0.011593465853497631,-0.017678404304076856,-0.022409007486245414,0.003727890391790112,-0.03303359593559019,-0.01083581981049675,-0.005998317664976716,-0.006844758652342242,0.0009767414922972062,-0.005258483775830158,-0.007831519046391122,0.009074753650881728,-0.006550094872935119,0.006553926631865936,-0.021042259845766687,-0.024796375568271856,-0.014621325891478798,-0.008403303538671913,-0.007233332982446661,-0.026946306892981386,0.0,-0.02543678722845144,-0.019864860346572755,-0.021548761606024147,-0.022580687625673668,-0.006426217077485474,0.002220511219429122,-0.0022224353388067275,-0.01970813461223253,0.013341658192192574,0.017331083633433275,-0.04375239044771073,0.005739645985288311,-0.011160705695462791,-0.022677741673534202,0.0038988986527108693,-0.013661518498390035,-0.0051440295133448055,-0.013092834311345225,0.059499782102790943,0.009127200672986113,-0.020932337356013297,-0.01024756443165864,-0.019727391832172092,-0.04961921558551019,-0.010208763787909247,-0.02244377647032403,0.016143513612107974,-0.011228178308292591,-0.021784012859072277,-0.014035821246527247,-0.013634530322479188,-0.0028254835014990265,-0.01973038674033145,-0.0020532384669882386,-0.019456330569186164,-0.00865090921453271
2024-02-01,0.013340446906428216,0.019403898075665227,0.011842641642233476,0.01931952303255935,0.02123053581123102,0.004964381930361528,0.019836297875343245,-0.009926715267817743,0.016637803360445957,0.03277532696662555,0.026288672108771616,-0.005828258939865494,-0.013525394490672693,0.012923110671922977,0.01453456686527721,0.013715568966990555,-0.004092573568398761,0.007036045957530268,-0.0019581539375548296,0.024574634673567575,-0.00020411357223570903,0.021166273004972203,0.004082484693242794,-0.004380106726096233,0.01530560305358497,0.0,0.1886544569357662,0.003120190025412306,0.02099723139175813,0.00025408283953565203,0.02175816127767649,0.010515320685901663,-0.0011193187346145717,0.020452865219282135,0.015339767649721114,-0.01045790073899,0.03242318655699683,0.022579717036970814,-0.0012778088189552284,0.0018041051533868036,0.007566066011184702,-0.00041668667346206334,-0.006171014247464135,0.0201440762582783,-0.02447354505920718,0.017641184897375872,0.006499600903273173,0.02543178424741721,-0.0036132293658511783,0.020335700792553535,0.025046279062212573,0.022955000303116924,0.0008383378180354395,0.034720938497746046,0.026022403276633632,0.01831085220990536,0.006282870241800742,-0.05727059097116349,0.011893143566974906,0.01653408480707208,0.03988045323837652,0.04636533408106214,0.01559433557940837,0.03187467490521256,0.0022653480035146334,0.02437951532232452,0.03428832625449996,-0.004342473578204165,0.01880974816266101,0.007754832127835343,0.012982038034901944,-0.038158962123440276,0.008592630952643399,-0.049828184847865,0.01640592213998171,0.011523078282585919,0.0036548030947123333,-0.010330523669584757,0.014096545871205457,0.019783621047177347,0.011039811166645874,-0.008393098116632802,0.015142406753686943,0.019785139445823274,0.0004219367549194164,0.03839504247272996,0.02265307301903019,0.024583589226528924,0.0031226404719535417,0.008382761388752824,-0.008988901419348272,0.021891537010759077,0.003594139800559226,0.01386973230175581,-0.004391620573031552,0.0033057865774024364,-0.022075098636013757,0.018517447464138526,-0.0040851753090089815,0.00741366094405671
2024-02-02,-0.005405007536779638,0.0064441860730655165,-0.020787839683932274,0.00549995589473351,-0.01885123166111846,0.005410298518784273,-0.013301511589807302,0.011769779048553142,0.042116424885682235,-0.004221073474469983,0.07866649218561839,-0.0020494384480470584,-0.002384519245345329,-0.005358365944442056,0.0008262021494434002,0.003911090532884298,0.0008219781364298129,0.0111530833541158,0.00018001722138683007,0.02405014341893308,0.00710344997031398,0.053754917458709084,-0.03509516617212949,-0.006733694575384863,0.007097516788164393,0.0,-0.01886808388503114,0.029413857799759358,-0.02227941645542575,-0.0027432712787504032,0.004895349124057757,0.0007212339263109602,-0.0022414523189827618,-0.01605481635885453,0.005755237710352912,-0.015541702030734128,0.0033057875710782447,0.008344918652866351,-0.015353119811692073,0.0010291175039049971,0.008642621888197866,0.010446795923933605,-0.01862843928812974,-0.00788731975919399,-0.0060816391386079305,-0.005938975919650535,-0.01752790079763944,0.007773474023571536,0.0057560497548172496,-0.009479145711361658,-0.00721553978382472,0.010932436934072198,-0.008841896666553883,-0.0033601216874610262,-0.0007377462725038919,-0.003455414886032404,-0.005221888037116096,0.00918135794392727,0.2031764592945282,-0.010843634743473385,-0.00862902510109309,0.00023738556858377002,0.018425863595048497,-0.033698422494964686,-0.010318377946050838,0.049708802667579155,0.002250436246862053,-0.004884812354837398,-0.0042516456841646955,-0.013191624253319323,-0.006847580676688003,0.01849566395183433,-0.0005496087137725203,0.004110281846314345,0.006980448796714667,-0.0020613377621427897,-0.004069895309782856,0.01075946082562762,-0.02624104013677009,-0.006933239494781307,-0.013960097412931471,0.0024573410466992573,0.004375186843057932,-0.011640814646726727,0.00400714317298867,0.007409140137518255,0.004636308525781452,-0.0007424940056419693,0.013206291353355049,-0.0050301649114266045,0.006092990844739354,-0.0037709933730170064,-0.003932491339610267,0.0004691821277187369,-0.003181594830646839,-0.00847255767355426,0.008824266641050293,0.007486222119430508,-0.004101932422058807,-0.01303180865960496
2024-02-05,0.009846557116209409,0.01535557983126612,-0.004103117269201095,-0.0069981952380329115,-0.04902144487272675,-0.014193856405430472,-0.02327356565992711,-0.010052988592608614,-0.019306584846715547,-0.0037749219229370468,-0.008730574595861018,-0.013134014403806793,-0.014341194996476903,-0.011544532618988357,0.017860950729991387,-0.006129402809626594,-0.014986681774453392,2.56168026231407e-05,-0.0187253138170006,0.020026005552281845,0.010377399360579131,-0.007935912830669078,-0.004879095951237367,-0.005965803246489543,0.0023679071126481155,-0.013352024931463702,-0.02337854457079236,0.0005911082603362594,-0.02081500841061168,-0.01673460177201358,-0.002070447296368405,-0.0049418019184643835,-0.004866955157274866,-0.010081075394669736,-0.014544485524439987,-0.010825367952805753,-0.045304876122212234,0.008568944836844006,-0.0032484316617241715,-0.028784375243310012,0.00913034315940875,-0.012478803535397764,-0.006902408018008677,-0.005850727359874686,-0.015807613015840438,-0.012756310094094614,0.003990744978083383,-0.020385687874894587,-0.0013163892665607468,-0.010469434590751892,-0.008259017158903648,0.057739730762317754,-0.010024205295985134,-0.006742900340592772,-0.008293859818024885,-0.03730009396883882,-0.010042212740778877,0.005807540318068849,-0.032800652746739156,-0.02255705718589418,-0.020309474403710337,-0.0018195240970466653,-0.013545097170176601,-0.030514221327688107,-0.010227386431471697,0.04794445800572844,0.005181900231944203,-0.0010519374296688033,-0.0002924214615609433,-0.013367969483779163,0.0007590661676246668,-0.015526973781883502,0.012167558554968316,0.01651492671944288,-0.0067864373256402155,0.002826680919097546,-0.00516190662725835,-0.009056191920449819,-0.02141290324005063,-0.0055280035638709535,-0.018082299711765448,-0.011711813270661398,0.002514383019954547,-0.00560857654171798,-0.014213744627859848,-0.02171978690045062,-0.008819589086458635,-0.0003624207128376522,-0.008099873164439053,-0.03645365318513305,-0.014248481416906156,-0.006805587797620971,-0.019527580704800873,-0.005772456700184891,0.0185709363632085,-0.017802055684225992,-0.009357274930338666,-0.005366582710441659,-0.00411890563870787,-0.018796037360722773
2024-02-06,0.008631738395388888,0.011853308269031082,0.02104795922273417,-0.015229266567224897,0.007741756805043298,0.004627974289957093,0.005599044194923186,-0.0023212319682511806,-0.036446025371295265,-0.01832459985689261,-0.00681113075414308,0.009437143213291366,0.0015157568068853156,0.03062556630607327,0.005500762251012148,0.006141690930240973,0.026677768233940302,0.007626114224271285,-0.002752304871584732,0.004107033463474963,-0.006338988982846905,0.01964065690786887,-0.01002910616602637,0.014094822999559886,-0.0005202698568727016,0.009493102704446477,0.005598412034072187,0.00013131500515339845,0.008950533534156646,0.007434564358686391,0.009681925611193742,0.027315094488710834,0.016553709382209014,-0.001994811873623825,0.032179999378076696,0.020337366466560258,0.041414956852278806,-0.000944039098410121,0.013166488384261044,0.006350864804159473,0.0029233603876130942,0.0051433981807513796,0.008398516009568091,0.0031255276913833008,0.0032641412771647893,-5.440606237994139e-05,0.0022277309159195458,-0.0014999271378050016,0.0034384446149708925,0.002892950668543115,-0.0016654142035974484,-0.0016567358660919407,0.012449628063480711,0.0005044963108975509,0.008188043004824452,-0.004615875255718382,0.011411988858625044,0.0022795715866406052,-0.010208812059802508,0.01110755511828665,0.0019742342141138014,0.005547651044554458,-0.00039438681166859,0.008992604312441532,0.029393986791946602,-0.015995468112156352,-0.009365062762132337,0.010354442694991528,0.0029254417603883365,0.03500186898777158,0.004740589851566224,0.023726307569177152,-0.009032867131054667,0.0004860451284485201,-0.0010808261574795086,0.00043375291994074416,0.034158486939321886,-0.007695995774307796,0.003274861050848177,0.003875589205831087,-0.004139939198186671,-0.0016536877302254505,-0.009157000833534878,-0.006768068045129083,0.0053981165868481895,0.014754321931202075,0.004655976164792852,0.015699339144679136,-0.00032850024811392764,0.0223130928940527,0.015329302523512167,0.013096073842003175,0.04918029918438194,0.004281825679798956,-0.01837478921449598,-0.006766656783980696,-0.008418902521851623,0.006818424688169955,0.006893209187945892,0.007440677962955
2024-02-07,0.0005811744719499412,0.009925553783569852,-0.006052671779235186,0.005346834324378991,0.000189157175234822,0.01752105292975914,0.0012947833731011826,0.015122770462218105,0.018227290145302,-0.06390991278443925,0.008158468416245013,0.01601302286206696,0.004237171517638805,-0.008310252608915603,0.017553107820574843,0.008528226636008052,-0.01258629478464457,0.009955842751458777,0.003495893913034731,0.002695819075936301,-0.00314931890013459,0.009066552376848946,-0.03511921586040867,0.007173608776844365,0.012647955636706953,-0.004201673012794949,0.038011204165520285,-0.0014440641421793465,-0.013306653263647661,-0.0075853639196998834,-0.006285250259839614,-0.001510712458632546,0.0009253226604744036,0.004628735797507222,-0.00750108877320077,0.005720423505166439,0.06048069349381602,0.006687043357729738,-0.04246005508111217,0.018143572842232336,0.009992974637302199,0.004337719055261147,-0.002297536108846754,0.018077212116276886,0.002375612685156847,0.0017991423680194796,0.0009358453103707198,0.02140460027659441,0.0018846283509126316,-0.002142870577193423,0.0008341292523084132,0.02886397449846445,0.007377924423140003,0.016367273915568248,0.0030618831626130216,0.009415044213090917,-0.006610341179601353,0.015767082196616267,0.032701481177001224,0.0008532373994432074,-0.008374326777394359,0.004649998398743804,0.02111026043522135,-0.0002969066671963949,0.011499939760844846,0.02749785792652215,0.017085826714095198,0.0008685894659332671,0.0002915611039693289,0.002181753213868154,0.001006516142028513,-0.007502176786427395,0.004249148388583146,0.012421946234459025,0.0062167963866441855,-0.0037928845866161964,-0.003762918217203759,0.008725096848769542,-0.006676644172893709,0.014185245115625023,0.004157149544538941,0.008005678675386374,0.00868231526468799,-0.01590015557546709,0.0031084111618928656,0.01592456056085667,0.007518093506153178,-0.014225016683094616,0.0056805203302428,0.01339813963135228,0.01707554514879006,-0.002841412076299399,0.009046117823119149,0.009502881426615373,0.024305114630808422,-0.016545078498062638,0.003934516058974991,-0.00253222436217726,-0.00029341857237574764,0.018621902548726643
2024-02-08,-0.005754799461743176,-0.0012570557460984677,-0.007766324860889462,0.004991201167829695,-0.003404035488339008,0.011918187428453297,-0.006671062360047886,-0.02005435945706946,-0.009301487745301928,-0.0034474536211813733,-0.004046223223746481,-0.012740642561207105,-0.001808302602748002,0.02742510896873651,0.03540117514368224,-0.0018875431324913983,0.0014392031958467832,-0.0004275346430837601,-0.004583713940707446,-0.00491342724234356,-0.010328532253865319,0.005263934148579841,-0.037564101696796914,0.014066931223244428,0.006085084262259954,0.0036167208710502496,-0.015350460374264796,0.012686388754897804,-0.006967884899040433,-0.00031105591967117707,-0.003121991652701661,0.11498886994319335,-0.003882428869572241,-0.02984284019568939,-0.007557964879700729,0.004799080053720317,0.0023436488293981927,0.003971165597069337,-0.008331095553571921,-0.001807832630725259,0.0025422626274331783,-0.004189733434881937,0.008347747646214376,0.002839945225847851,-0.003297310836688605,0.01252191833779337,-0.00654506256020948,0.01305142461350961,-0.0035911018874119627,-0.006607769401343222,-0.002667187037588503,0.014199498831236834,-0.007207630124114961,-0.005864162029806663,-0.0079018300911875,0.01600950929095757,-0.011243800686199124,-0.003731570767595893,0.0008731766568990107,-0.006820080048182131,-0.004222524186056731,-0.006746615250180943,0.00014486673971259023,-0.009212450547611328,-0.0001928281311445179,-0.006533569468606393,-0.005031101528898629,0.00746254829930848,0.013880137347698884,0.000362870694036177,-0.003016512257805193,-0.0016198373157981782,0.0019790744186456433,0.015696670645923172,-0.006105339884086458,-0.009681284406724222,0.019527069936139396,0.004663914460455443,-0.00014929829799936734,-0.05022621756602674,-0.002997906556986507,-0.008763568880542971,-0.010766840476863715,-0.029428678296432143,0.007887899741931603,0.00456638263338327,0.0054173662310395,-0.0025710701321124407,-0.0019139792212770068,0.010555473441792307,0.0013477407991429047,-0.0013646775724223126,0.004618092804360874,-0.011080287821561785,0.004391587320329293,-0.01261741396603544,-0.0026815887585245335,-5.896349713874205e-05,0.017119912981193197,0.005862169072511136
2024-02-09,0.004093956651581188,-0.0040620953376381275,-0.005514638549624418,0.008657202145401888,0.0066414074218426045,0.019769732389172345,0.009481171102836194,0.01037854909087832,0.018482370895872346,-0.0126504966670834,0.02714319777292107,-9.561357587339891e-05,-0.0015098072098731485,-0.022491393497473866,-0.021363381738711773,0.005055456822181226,0.022582716711875284,0.0021887220774403637,-0.005525901655408005,-0.015031155652429296,0.011746014636208502,0.007944986405324705,0.019878654032656318,-0.024056180814990835,-0.0010493176765622447,0.003603528726836558,0.006761805414691624,-0.01960277183734871,0.011770113084806022,-0.01176676083426953,-0.01187618994113493,-0.019449959358678437,0.0020415722579312234,-0.010361651345418665,0.009757254864264375,-0.017778036539103925,-0.01169133771141817,0.0016541219723944511,-0.0017615948908221712,-0.002328694440436929,0.02117736757236477,-0.0020257302247173037,-0.014844345313157259,-0.001567204771734998,0.007133225872365756,0.010739904476959161,0.019058768344871746,0.007076692981407007,0.001201408018215,-0.0038246873347460575,-0.004512778394899719,0.006089612216866769,-0.0011710323392586375,0.008484948561999994,-0.0008292984160890304,-0.008426542494277656,-0.013808254814982712,0.011236171906369385,-0.004021406620097867,-0.0032189672409691505,0.0004989049966235282,-0.009161984607146567,0.015551390299797907,-0.01649662582422673,0.007034924181605673,0.035783870298155884,-0.0003428647159572362,-0.009991359078545092,-0.035548082590478924,-0.00036273906665929,-0.007690498769697629,-0.0010813940753594542,-0.00790076997661926,0.01903075172862878,0.00902190412271131,-0.005821558022784057,0.0073507690605441045,0.014406900311257465,-0.0004482001148564674,0.00288574231601868,-0.0024340170949892492,0.006216171003308402,0.008642263310904674,0.0011891200487386122,0.006568386904479029,-0.005902272006536036,0.003965153971337898,-0.0002541783484745208,0.0032272372049260145,0.021154303741671487,-0.003595542281691899,0.0025320301115823174,-0.011222240258315863,0.0023566752584216477,0.008885708685570926,-0.004760514015663686,-0.005997773059253753,-0.0005314569950772841,-0.021159915949562125,-0.0009966745937789456
2024-02-12,-0.009001885648580954,-0.005801756761372734,0.0064396331994287515,-0.011408092572807171,0.013006590276398056,-0.01739907101505167,0.012131354116474702,0.008825187360915088,-0.0033046850623192903,0.011369970509798932,-0.012095159915523457,0.0006214382634273097,0.01663144447642484,0.019216344348338632,0.00852806056809774,0.0057074606048550525,-0.0012046261545959336,-0.0016316746670997917,-0.0012966488217556194,0.014093864158590375,0.003236056705376189,0.006926824728355818,0.012835865536526603,-0.0005398697740214287,-0.0013687186785985572,-0.0027927073994774565,0.0268657785257278,0.00688563554524757,0.011633007608515156,0.021243672683799453,0.015970362072661226,0.008303344790843603,0.014817657597265388,0.010470139278156987,0.02498243824384283,0.01620887666774795,0.023659284103298317,0.006389879852317648,0.010587787300299967,0.0186721374214478,-0.009865718636812626,0.021808193610530102,0.0005794299305286188,0.006333589067016865,0.012882467347931081,-0.0009659188582452627,0.01662431861163638,-0.0007207053538010877,0.004456735931755995,0.002170123106836286,0.0023505963062286916,-0.003918047587765927,0.003681056652989234,0.03419425352360039,0.0018126378318059633,-0.00010371679732090744,0.0009412182577441808,0.015555503316871944,0.0016877498391472123,0.018622170005747618,0.010969700773679314,-0.0008769294211711243,-0.012578634781159503,0.023482540876293756,0.025646022478511776,0.0015939994095905963,-0.0068587836516144085,0.009744261937649767,0.017534632374663905,0.0036285598504979255,-0.001969258628306658,0.009271019888206,-0.008307003479208541,0.013907571417678621,-0.014447790686840656,0.006960582595777476,-0.018807778490828153,0.017831794489488795,0.020923556019733835,-0.01909164264286156,0.014640420037283386,0.010433878862527557,-0.0025441132647675557,0.010688885013032667,-0.005275951601920181,0.019586491187565835,-0.006784848212011529,-0.007063083286594218,0.0008856680251807525,-0.028103539988478476,-0.0011191658106137758,-0.008218152912892074,0.008136257860473561,-0.004919597743471504,-0.003704584329757621,0.00956677816587792,0.017894161732268543,0.006025513072794864,0.013756458728316323,0.008367120086717472
2024-02-13,-0.0112743724718245,0.001271054989347764,-0.010575060327072672,-0.012573816104460511,-0.023632285300734468,-0.02014959016608231,0.015337112264144803,0.005162908939905231,-0.002152349299601064,-0.013415807468399432,-0.021469171561243172,-0.023264678137813966,-0.025877524420203857,-0.017117478595813806,-0.011244729806172304,-0.02954752885144829,-0.020904556016430043,-0.007316898555811302,-0.021513349423607497,-0.027329627331669215,-0.0047981191282956415,0.0005041048870908504,-0.017836171208973517,-0.011971157801424992,-0.01129555513287861,-0.007001519247660237,-0.025617777620303372,-0.009731592342722695,-0.019018196463524872,-0.02598951529389526,-0.021472245579582827,0.010705421905667478,-0.02938495268996355,-0.0112250285802864,-0.05426541457166034,-0.016127622739213865,-0.02311245984939536,0.011414875963029258,-0.012357449368142315,-0.024694531522528873,-0.016200016606874645,-0.03537590751815034,-0.013611274400756046,-0.021507858291181847,-0.016924339135892863,-0.013214416882814883,-0.019759267340713427,-0.012982334745100688,-0.008703387582814526,-0.012659283518882236,-0.0058625772308215085,0.0077448009418799035,-0.0036209056523847094,-0.019272626656159475,0.0038149980911272863,-0.008050127237324678,-0.017397426184918907,-0.010357402937305693,-0.01872471038734469,-0.020817903724050568,-0.007891303384747528,0.0007181289140423264,-0.021528701782707715,-0.045291943343466756,-0.020339723336682436,-0.0016607622857691684,-0.018646281537164078,-0.007237603551881078,-0.010140136071524863,-0.024945942056215586,-0.0053465073993158585,-0.026015846691759936,0.0049150177784265114,-0.019987115238912168,-0.01270504546187734,-0.006034750144535361,-0.016759194184534087,-0.027751967777604247,-0.01171120945062043,-0.016413221589681504,-0.01895594319217675,-0.03383151400290152,-0.0037820991740997734,-0.0070505806825821304,-0.017796051968121618,-0.022021473033556505,-0.0012233964082011273,-0.015104461389093826,0.005869025350576651,-0.021846598116614713,-0.001526144951478292,-0.007235208521015668,-0.01729395587921556,0.002690139779296219,-0.006735420084100663,0.0007481963731204022,-0.013900138844037735,-0.006811476082811074,-0.008608868113270107,-0.0011417510332835112
2024-02-14,-0.004809694684803523,0.006520877110127055,0.006466746715567684,0.022518747669394434,0.015246879918955347,0.02107027362651892,0.00025384925075755405,-0.01312602025107612,0.041739558950351086,-0.0014114210541993355,0.013875689909627953,-0.0052822155707258345,0.011603054811418101,0.0005047867139260642,-0.0024815270137068524,0.009420906467589196,0.00369532341851575,0.00982777356327369,0.023123534433487247,0.01237048273895347,0.0052669404310985435,0.003526586726143366,0.004062041418776197,0.003188542653699944,0.011102655507331693,0.012892855179163387,0.008390827362071196,0.0027225070915763983,0.01127146644941135,0.014528050435706374,0.02674626374005551,0.009958359082883561,0.0075215972148343635,-0.0029475139209056422,0.025528823902782438,-0.00018004785683345403,-0.009463647157444521,0.033363836653530266,-0.0066636548207008595,0.0015662413264394548,0.005511884052582072,-0.0018745915425675275,0.004110288656639982,0.001789931089896779,0.004432695994647906,-0.0007076335128088918,0.023864698507698456,0.04256492666336564,0.010157055418177574,-0.0012653266901887505,-0.0010110390895523569,0.021087576658151752,-0.019530025816116736,0.006653941156140153,0.010272476478949466,0.003692119357977086,0.001076759602430366,0.007517786223505629,0.028601299464778185,-0.0025900995451761943,0.004225672482866871,0.0031093226864840062,0.009665308845801635,0.0024967617407154474,0.012666683701862969,0.024567389322838196,0.005101953630424871,-0.005380987771699708,-0.008053106269357402,0.005191024469782368,-0.004095368497619489,0.017967784202735704,0.00034449681940151855,0.025993244185835485,0.011747979861590041,0.00883107256766702,0.002130523174211252,0.005102893128194452,0.004443804256608397,-0.0030060224005881153,0.001586073252828113,0.005484524190189077,0.02831095104859771,0.0005916851609766294,0.014636952130040903,-0.007391763463569179,-0.004681148347322472,0.017953970645650408,0.003102501751423903,0.025486372853585015,0.00017405336500253554,0.018321718855462743,-0.0046928949565878675,0.006344908461494381,-0.003743906787541551,0.0004983215544334119,0.0060115297734220086,-0.0031925976281304003,-0.004933953494743015,0.021339708961610082
2024-02-15,-0.001574793054493262,0.012441168886324405,0.014099682943141234,0.0014286743392850632,0.01952306676614879,-0.003509224475010231,0.032487373852903234,0.016336692954530996,-0.010856197395281098,0.004342845155231645,-0.006901349311422389,0.009587948182840256,0.02837315100551363,0.032795179097429905,0.0033036633697816065,0.016106290976147353,0.011249786755486824,0.011964532002811445,0.02278632691712268,0.020081631694928603,0.011849009338049665,0.001742551762643263,-0.005235754024765504,0.015181858625277878,0.003226435286977525,-0.024264040256495756,0.011094676302601636,0.034007142549620895,0.014043761259043164,-0.052289621982633094,0.003911416080537133,0.007977693236595806,0.02967515783547303,0.022643147408281994,0.010431506862635942,0.029186574972728252,0.023712243113311215,0.01276449570894167,0.004518076411395233,0.016158479568736617,-0.021721296190754802,0.01952171495087196,0.033333306567424836,0.007955673775216665,0.01580552879938124,0.017976755794941734,-0.0031681124997874344,0.005782437263136542,0.021814579331866035,0.0032939500127469046,0.0018553362709323729,0.0006207173584760195,0.011788871985603855,0.006169322343463346,0.013091395005545126,0.012804789310192577,0.01242833798290044,0.017410382077507336,0.02271378715730954,0.01616979724311074,-0.005693225903525501,0.005722422456359677,-0.007155182881749544,0.029888051973066432,-0.002633345771429818,-0.01680666714450041,-0.01295292074893617,0.049040131143046395,0.0020296450321350967,0.014754787921091639,0.008867089896464453,0.011902408000876497,0.00798836932495961,0.013251730027414421,0.01157434647485478,0.004376840769059198,-0.009035764300638571,0.025384622183138195,-0.014452024086863635,0.0077870393662577975,0.014972645336978951,0.021398684930407752,-0.0018029869259593712,0.010644638075671287,0.0067505044966926775,0.008963615426132776,0.007924306311873464,0.0005472068708984867,0.011079384443434703,0.06221180550417671,0.007621789206510687,0.001759216291307153,0.01913749541591958,0.012321696673827542,0.006735951117233574,0.010958953520367576,0.07232653029675618,0.004092400329794632,0.028659448568095103,0.010372421479353022
2024-02-16,-0.008430376806257689,0.005096611733831358,0.003255823002481728,-0.005464211849021905,-0.012152337602030716,-0.011291912754186617,-0.00012309449430658592,-0.0036985767953122695,-0.01634984996300548,-0.01857682982736586,-0.0017079419299743659,-0.007013112689645218,0.0005870601814674803,0.0068393497473488996,-0.009017107689780812,-0.0050749655164215035,0.008495162426906067,0.006295644938635769,-0.006520541517817002,-0.0035906587643025345,-0.0006372864534338607,0.0055718141979945734,-0.013396923959303253,-0.0038737929009249328,-0.0007177855815053702,-0.012637674615547878,0.0021945304166997026,0.0011006011720851028,0.008133595088627876,-0.010914264198436108,0.004177293046292885,-0.007558824632858618,0.0056190187156459626,-0.0051970734329864765,0.019474333861671633,-0.006039466666227122,-0.017571993385208984,0.005324394776748065,-0.024396937742178326,-0.007437841904953335,-0.0157595735591739,-0.0025426450093317676,-0.0008486766749458141,0.0035172899657682777,-0.003940398923539701,0.004120519954740942,-0.012258761939946239,-0.009407770225833612,-0.004670088307457743,-0.0042091894479154845,-0.00016834245749453025,0.03204082843709655,0.002245289823492591,-0.006481774937731277,-0.006683956742718711,0.0005482675821550931,-0.0035411688926828555,-0.011072846736551623,-0.022126725880057707,-0.012231988326472432,0.0002490082187409648,0.009878371743566206,-0.006149206060348855,0.010580352970914308,-0.02395089132876671,-0.0006193372293314958,-0.013034237493846912,0.006820833355209777,-0.009174337974937385,0.003998537332538632,0.0031844146315378463,-0.005212839276005354,-0.010390908335420002,-0.021092375838619226,-0.004398017868707416,-0.008497595353310627,0.0,-0.0035586264143778745,0.005292476215907005,-0.002167248526334098,-0.00014185696513757673,-0.007394448746960491,0.0014620412269250593,-0.007021702010393094,-0.005378253666092014,0.02241515862460597,0.0010210099258933791,-0.0013306447245581277,-0.006803008415066314,-0.0024943876658132247,0.0012862767820944754,-0.015805267141343116,0.021052626931352902,-0.008612895259214604,-0.01725490170042754,-0.0024636766214438666,-0.002498218990308665,0.006320680630427233,0.0,-0.006277606931569979
2024-02-20,-0.004113787773456057,-0.009803395694899297,0.023068112022718967,-0.01767351078059154,-0.0046598078309861846,-0.011769235113434862,-0.005777485154281559,-0.02727001773759674,-0.047046603240932794,-0.0006696386755631334,-0.01433539469369316,-0.002550415783106552,-0.0038133636548707273,0.013343041654726662,-0.004299337648607682,0.0051763476578512435,0.0,0.0028572223207761205,0.010391933902830885,-0.02537963455158454,-0.0015543260829232741,0.0007622666580762161,0.010184249360059239,-0.009315337134077173,0.0023480836260560967,-0.003303041685138397,-0.008029156415716998,-0.004074202264504945,-0.011120866023939358,-0.00914930146921622,-0.008919999034919135,-0.01935482936353028,-0.013878864734772511,0.0006530711377488174,0.003222216028726521,-0.0037866516883585666,-0.004065123054436515,-0.0036202703339421882,0.006426348363449685,0.008010397091035237,0.004269800224760756,0.00020794688848546627,-0.005097718492656611,0.0006071273204688588,0.008977038460159958,-0.022383301856429894,0.02321304009571823,-0.004045022451783731,0.003909927206497077,0.007270373301308641,0.022057575212403924,-0.033756964934294365,0.0004715005165452091,-0.0059070907968270525,-0.03499026585305376,0.0021573111413455415,0.016939133649103155,-0.0021812253789730285,-0.003317031585486685,0.006246448498991031,0.001742203795443542,-0.003286666492215762,-0.0031430178526975494,-0.007179255619595204,-0.002028740541234586,-0.043532039977473125,-0.025693933391516932,-0.015862545465033517,0.014009138836847068,-0.001086247158434861,0.006348811178704228,-0.014444121555448164,-0.01856602789355477,-0.004780880575828483,-0.002676044880033146,-0.00032975438299975846,0.002574504956478041,-0.012732895487873819,0.008423523885550122,0.005760530737257463,0.0024116851730437983,-0.012967141423655515,-0.0035212219841334047,-0.003535647430692568,-0.015308931474584675,0.009292380220681906,-0.006935991040239342,0.0005475245005195362,0.011814428901261165,-0.030957752117438453,-0.000939415910100605,0.0022304585420069856,0.0015496777945820384,-0.012241373258907173,-0.032320452719633685,0.0002469965697418086,-0.0026969482008903922,0.03228447184002059,-0.0094477235417475,0.0005227102982179321
2024-02-21,0.004185919930908222,-0.003470940267307321,0.010545222256387099,-0.0056206627240593665,0.00936324659176413,-0.010734115385643062,0.020771553468467818,0.00807282819418087,-0.008449569283871083,-0.00017647890095462415,0.00903755380828164,-0.008850803147885888,-0.007656153953954359,0.01101258902631197,0.010881184475960648,0.009196714797683914,0.021058925185147404,0.005157819317196166,-0.0016239406377597243,0.010836884922584167,0.0057882311827535116,0.005947105145549525,0.004560796976795123,0.03039980184746005,-0.003679244812317295,0.0041425259316068,-0.002575380836905894,0.009350646987905664,0.020727681224519623,-0.00025189848038931206,0.0116236911523806,-0.016173296270907023,0.019009388993773912,0.011420424079563452,0.004817620816911061,0.028551285152505157,-0.008979523322947158,0.003027950894769482,0.016102043362679064,0.012304595370494997,0.010133268379131088,0.009752437803109526,0.0,0.004302504043468547,0.002965696493695491,-0.020388302184538354,-0.02358484766890878,0.020660452256172634,0.006509805161937887,0.010910585339697798,0.00889619487961868,-0.012902561806280577,0.007731031401278177,0.010110394563579428,0.016159360892846975,0.00430554918472259,0.0005824727394327933,0.004663437587000052,-0.0068328633108861725,-0.0011979308909948472,0.005465825130055668,0.005888263084349754,-0.0015144343449920994,0.007231170037724777,0.019070526904878093,-0.028508880858428065,-0.0026740334015104006,0.015278718517984569,0.0010672740614723342,0.0028995886035567686,0.0119235902256567,-0.0008860871165133899,0.01707530569632465,0.0003290137072915478,0.009023997411450102,-0.008463353531700912,0.016691687064017913,0.008650462607754372,0.010292325305348626,-0.003943598734362785,0.018397961435498544,0.008385754972938697,-0.0014652429836891079,0.005322258728271523,0.0037085356799615443,-0.0073388495732068515,0.008319663121941767,0.008592671030683618,-0.0028169155837505233,0.00521268473502845,0.0017461846790725044,0.016913492968834154,-0.00248914016673063,0.005851375988507712,0.015700254456893603,0.014814704324018768,0.01719154541331469,-0.012282406058869544,0.02043805201220006,0.009555792473256997
2024-02-22,0.011244016121261025,0.00919269525436417,0.009756621420778488,0.02881610930605527,-0.003710702694031287,0.017661993657559938,-0.006782830610329027,0.032032490126445046,0.10694508516789725,0.006068018386778062,0.035530017339574504,-0.0003473102231233982,-0.002670600164910719,-0.005209475434466926,0.042997783868313544,0.009920005417067834,0.00824986917719217,0.01444105965084752,0.010301853126732263,0.015608254544019484,0.013811698084424506,-0.0035528867499873273,0.0014335779352947498,-0.005758830113433588,0.01573954158876889,0.0018564789768056311,0.009037142603290027,-6.431499765324755e-05,-0.014905922534462546,-0.0014273783628894199,0.008298317410992961,-0.0002785694372575698,0.004484334611665197,-0.009248268421011785,0.010958692259572356,0.000343870839415672,-0.0016474798764373189,0.017441503642794842,-0.005737780764357936,-0.003798502732947351,0.0108032035862613,0.005666216500794574,0.004839069016367548,0.019800655001571688,0.00641499910246246,0.02509756526768636,-0.01127218425714116,0.00813146626215766,0.011995522740996467,0.00498133638368814,-0.0014696250755311668,0.03181343986514351,0.003134181885261045,0.0119408151199345,0.02725185288358767,0.0068389154472934255,-0.009778882712565107,-0.0011603907499628807,0.03867286892890309,0.005670182037062821,0.010625166459447666,0.008897895833915648,0.023546686262781558,-0.07597967097215719,-0.0018047793199955642,0.16400872768801222,0.02634985012597424,0.000992204695069665,-0.0034353486726462767,-0.0043368445727177685,0.0009975776039636841,-0.008050725333845765,0.021386228333480917,0.018025173619597767,0.011456627928146501,-0.0010042130316628706,0.00799828472325892,0.007796601642505507,-0.0066439835510505585,0.025664121246129046,-0.008893761672179035,0.003742153282414673,0.016083590866546205,-0.024117592467668425,0.02053433629423762,0.010417434183159324,0.009575228549087322,0.013819452777147134,0.012848466928536917,0.013554445406056326,0.008678730258766088,0.012692958376451458,0.009846796826171733,0.02525652336877182,0.01917607070518801,-0.009002430689508789,0.01348263900147817,0.009844630287663803,-0.000858421398251985,0.01552913689140456
2024-02-23,-0.010034185680330987,0.007581449378997185,0.003696801693233054,0.01618604470043894,-0.004655396072507201,0.0008561024643851667,0.0054877093726739545,0.0062076073016714695,-0.029363226217797966,0.014026262341555906,0.0023485144793740087,-0.0033250529476194224,0.009223443904722073,0.012854043857093655,-0.10149444942099473,0.0001843053845984599,0.00642893403657796,0.004961936459250804,0.0005366183232460298,0.005557411210440177,0.0022314529449920517,0.006078880041557211,-0.0002385402361083644,-0.006326876591067343,0.004806587900016535,0.0059707489009204195,0.0034728860068875544,-0.0049541096290967035,0.04956136866180816,0.022086374492883643,0.004392085998237816,0.0009289904157856466,0.006964199823857875,0.006512645754166213,-0.006097527086078691,-0.03900352177942534,0.0016501985453327705,0.010944732681735792,0.010580025223551948,0.007371668879670112,-0.0009021988370051526,0.0014852783040524287,-0.0025495815878888717,0.0016695959086470147,-0.0008962640139270617,0.008197107300176532,0.00023263247047067281,0.0029174412529027194,0.005025420469900954,0.004873988763011816,0.0008176240499209175,-0.00012994494181728378,0.005199347170601776,0.00889339946852763,0.003944540070382585,0.006183937973005982,0.007171455911383795,0.006825443722857205,-0.0043199151591949425,0.003794763808788515,0.005623523737380065,0.0014699443622847586,-0.003182401696603665,0.012625482121592757,0.0052339633189837365,0.0035524824472519256,0.008467640421378375,-0.008425541129275071,0.008023774173676834,0.0076225357550758766,0.002927135182930085,0.005020987160463175,0.0033418374076266133,0.0010339429060932659,0.002809326148064839,0.005361215637336159,-0.001670380893240897,-0.002939773900656917,0.006093928867635601,0.007007897344083913,0.009113907809060073,0.016017769162604,0.005323508938905874,0.012658060548551786,-0.003620488921916798,0.007582833865234395,0.0027241757786533594,0.007529059070885635,-0.006027828346716002,-0.027556873210526134,0.0014054536235776904,0.009429945499302095,-0.0073464112404453275,-0.0005286558791539608,0.012877455500128088,-0.0017185850286121074,0.009181204079519834,0.0008550409347123367,-0.00878206167725104,0.007208988617404266
2024-02-26,-0.007451314594970948,0.004042769564443605,-0.006445623826175639,0.0004239798343466106,-0.0052386320447634915,0.0005831799742048727,-0.020375927472561006,0.0,-0.00288924627963294,-0.009717209678038574,-0.0014858549486425066,-0.0014440499042859267,-0.009139149472228048,-0.012925881441969822,-0.0017712646263438048,-0.009292037072691661,-0.022067318928277957,-0.019366249337580133,-0.010191267698077988,0.004631372919968513,-0.004570206911360231,-0.00560659701492805,0.006921118473675936,0.008160692557403149,0.010055113635749402,-0.00941459434409253,-0.0014572515922037788,-0.0013577354483718107,-0.027162576021440676,-0.0039763404080186415,-0.008627433386786842,-0.0005568483341781283,-0.0056747738222321376,-0.02243081846222006,-0.0029537195279232265,0.001698604756598332,-0.015650720742863666,0.009391562627026895,-0.008157822719193741,0.004037331913126385,-0.044387178208906364,-0.0021223169811865894,-0.008520328565797097,-0.0009677750613645841,-0.007177403225868129,-0.008561191445143779,0.0,0.00239573563074047,-0.0034241138596807774,-0.003370593196196703,-0.008006557908727063,0.003092740298664687,-0.004499965277932727,-0.005331885803645298,0.002302324608939754,-0.002115795316362523,-0.02334544819270823,-0.010962153536544283,-0.00473124038634587,-0.008209218748220115,-0.010211573492560522,-0.004712184932708974,-0.006823518003366669,-0.04060105989883844,-0.010319057745802107,0.0034891653533395406,-0.00875382351528009,0.007497490341775714,-0.007900986443047042,-0.020893334987368006,-0.00503002968013655,-0.00869150657544826,0.008157323364320623,0.013685290428425922,-0.016089991887501043,0.00011113427731923586,-0.014013879773703608,-0.0006206771642491837,-0.02127349674531498,-0.009031520406933669,-0.014728382195789647,-0.009649391126960616,-0.00723884924452145,-0.011904629655766219,-0.0022360889178736354,-0.008780096371520663,-0.001509284758207885,-0.002178254829782733,-0.003982582256632394,0.03870392576202142,-0.0036415410567223194,-0.01662067159518965,-0.007602960398522374,0.0019393579076398826,0.024791600037197936,-0.02385635953508447,0.005013033524425836,0.01845528893586912,0.00394847133260634,-0.0018798654298449735
2024-02-27,0.008114444762732154,0.0010067555125679029,0.005981937437521401,0.0011391368308932837,-0.0071467466959727055,-0.001554279724102603,0.04085669814477422,0.008833470881703498,0.011306207347712816,-0.027516898951987168,-0.006810521779339163,0.004288424449703232,0.019934566498956308,-0.003571600279755782,-0.006180419330287901,-0.006811207536653319,-0.00019794943618067773,-0.0005621815957692622,0.006322232470128197,0.006914985680493979,0.00011777587293981817,-0.004586439579354451,0.0018962219974931749,-0.007205162778186058,-0.0008585188585972237,-0.0018595473720920408,0.005654914351872931,-0.01482676545886108,0.02641752824356125,-0.007020738445911889,0.012755806997153174,0.01615888592876802,0.0035670668152523177,0.0022063540268517645,0.011622510639991201,0.01686747932788868,0.004184185205277524,-0.005039752175848955,0.000959519207759163,0.009801509907218398,0.009522350101249355,0.0015119085539232469,0.001432145692280118,0.010656515491568985,-0.005070658378550363,0.0040188320974812175,-0.006047934096221508,0.014339190671496027,0.000490913223636591,-0.00032993925247726263,-0.006094464857609672,-0.008964547920388699,0.0029125636955620315,0.01759452880077239,0.0005058169598197715,-0.01130852014748751,0.0020317021959510573,0.008604403745521738,0.011022632105387675,0.005227658197568319,0.004667155936313394,0.001474736026239487,-0.00014728641752881355,-0.004998288055542366,0.0058351105638181355,-0.004943906878190019,0.0036946207050660984,0.002149809055847607,-0.0005942623937558178,-0.010669628115628993,-0.005742173651130278,0.00759407368215359,-0.020025739883268945,0.008087687008584865,-0.0014783850833559598,0.004443491338379069,-0.0015909850597440878,0.014751604376788574,0.003169877631332696,-0.012851659700701346,0.0021152150300580708,0.008371064074692569,-0.0007093514842297921,0.013855376498105088,0.005882888070237291,0.012254443914617275,0.013000061011201103,0.004773989113213251,0.008178898900158993,0.0016549741281637331,-0.02265278376582791,0.0025728267705082963,0.005220485710205169,-0.0034487922410506577,-0.014542785555582749,0.006046880919511999,0.01256232418733938,-0.00016783087428196009,-0.002110364777251572,-0.0073880270463093645
2024-02-28,-0.006625426827799208,-0.005531100412519807,0.005443935761610064,0.00031744757434659654,0.0041673891431139864,-0.006616120359089539,-0.00892120259382978,0.006671405059807345,-0.008202284909366253,-0.0036983327634498853,-0.0021896371944472026,0.027805393610855322,0.0008751382870071378,-0.006929436137278033,0.005034378333822698,0.011392319718669386,0.008117132957940587,0.007899075487028506,-0.011847141834528951,0.005890896864819473,-0.005061453508108826,-0.016464161047473835,-0.002838855752826719,0.0038527615267720527,0.004364103595667634,-0.005174941475438066,-0.010702007623074827,0.0011828341946003018,0.011717896418991236,0.01150668807983024,0.003335231305153119,0.01261199561867632,-0.008457891739685142,-0.001210871184397222,0.07884665968695481,0.002018564041121884,0.024999905942421075,0.010520028227535061,-0.004382200036578521,0.011199527760651362,-0.018001215013844107,0.013193836655108315,-0.0002859297429774754,0.005458606378148101,-0.003077871062888926,0.002325905984018606,-0.017318047920145574,0.0015146586527419181,0.0050696246253829624,0.00033004814831660845,0.000994450974065808,-0.009620927830754966,0.004762826513954543,0.014486700428853139,0.008636045247212731,0.004868032943552425,-0.0057250567056351676,0.002602573883556225,-0.006221181043996493,-0.009100648893677565,0.002200558599371183,-0.006510100835890875,0.000588930595163184,0.00033482284716779276,-0.0076081727960906065,-0.013188902155470417,0.0026936060626843172,-0.0056105605044006746,-0.006719800411658539,0.005578304454743943,0.004708152733420734,-0.0017813891930501535,-0.028209586534561737,-0.010476167041154283,-0.006671403035103496,-0.005529792587508298,-0.0120047636050995,0.004590700159025962,0.005266197881857337,0.003622853817359717,-0.005488375670187229,-0.0014969175273906732,-0.0011640430340951191,0.007724324417020201,-0.0036900333416736153,-0.0036185187523219975,0.0057700644618980945,0.010350268339488933,-0.006580256853033872,0.01156560160219966,-0.02948851852056189,0.007936857310114176,-0.003372149190008944,0.008687214460660009,-0.026367239008815435,0.004257415451936364,-0.001642095708786262,0.0005033822558437873,0.0027876759099692006,0.01138352343715665
2024-02-29,-0.00369310775655729,-0.010954919416457876,-0.01174520679007085,-0.008597132485723913,0.00188650145806335,0.011439817542544084,0.02244371526333544,0.006350870171699219,0.09057440863979038,-0.013083171093820956,0.02078996747858297,-0.01584540473090279,0.013208185123404048,-0.008480864414447065,-0.00766667146782396,0.0020749283743448643,-0.0033385469306049798,-0.006648276446271306,0.007992834020766004,0.013351044615681484,-0.0075321078139173325,0.0030139059348452957,0.016607451265083784,0.004462723829014026,-0.00544147716741572,0.006450191997376953,-0.015814546593286294,-0.0021662112015168322,0.00310402025668588,0.0006579916071560721,-0.01005052089848113,0.007039731145331629,0.01415615802867487,0.012012393072112992,-0.012737595659420897,0.002540060603291039,0.011382094288331146,0.008225836998770886,-0.008253202942333449,0.011602090090028438,0.015251585336569784,-0.010504106018559,0.0034334852591817455,0.007944566428830457,0.011399990816627792,-0.0014570952726157271,0.025244102329106344,-0.004032849680606243,0.009111456089534009,-0.0004949417870794282,-0.006291495374286193,-0.00522685192505179,-0.002538958267013225,0.00783081096349969,-0.00854130344477344,-0.0042247293155042165,0.0,0.005768711182103203,0.012623526234351035,0.007216283821993796,-0.0019518028559777356,-0.008113046626059717,0.01451993790454309,0.04620016033725993,-0.004024819521062373,0.018657330630796665,0.0,0.005808127913431216,-0.0025639494084854775,-0.01775155070082779,-0.0069354013387041835,0.01036424391234525,0.008991598996167083,0.012447732476566609,0.0023551696771875186,-0.0027801839062520095,0.020430154746545526,0.017212442513133697,0.006585776070616944,-0.0023520972425512543,-0.0009903853600563561,0.004906534774610449,-0.007760029294255344,-0.0017687157869038517,0.0032143333065526303,0.009772744457267946,-0.01938677664485855,-0.0032341376220162976,0.002449899186535154,-0.0007918650199801869,-0.009392329734818516,-0.0011811754455560708,0.0033158097024892363,-0.010468113056180783,0.016162643085574135,-0.001994880772519192,0.015899200830495896,-0.016940558903652758,0.0019171436781926232,-0.0012986435690932607
2024-03-01,-0.006030384152213575,0.016245365428870562,-0.00016850607097584902,0.016569706884992152,0.021276529129394373,0.025448256826618776,-0.0023478592943662058,-0.0006860162789751323,0.05251130044383867,0.023737428839508246,0.00825982552183624,-0.018260363235875876,-0.00492487839257727,0.0021994852012097166,0.008907717272846005,0.004301496466636134,0.0027586529310816843,-0.005593572494045795,0.0019823282403577114,0.008204654334656114,-0.004172166875334615,-0.009460412360732584,-0.0011669075439195709,0.01510559665847655,0.007460763877745968,0.0006203701550113738,0.0026157688758032815,0.00526286907891893,-0.06355839336681601,0.007670073336299987,0.010784510001529135,0.0033160087097579005,-0.001968503509129804,-0.010562954883182263,0.016285992582306452,0.014328145535622783,0.0008038748317562572,0.011218046700271156,0.0029126043452152306,0.00024396980904173304,-0.009533560131454788,-0.0024417891402797043,0.016253137822563657,0.01008912791832417,-0.00030195637306718037,0.017132448622941165,0.017886260972086898,0.01434109125748173,-0.004138458281862545,0.014277515104845984,-0.008163967404041683,0.03773484172824526,-0.004156584856215062,0.01670334106206317,0.003938930933936158,-0.005303076081451974,0.002879058552909264,-0.00014338496881738383,0.024830145251259816,-0.0028224725548482432,-0.0012221077813301395,-0.0014942130254241848,0.004496537922277666,0.022080075877016547,-0.01622257242083136,0.040031836457084635,0.018803550770792876,0.012374264861582551,-0.004536039769994948,0.0011295226982475093,-0.0005661320989325258,0.004144100686298113,0.011858956677671006,0.033589076120140504,0.005929668009686528,0.001449701790785518,-0.018335085102683557,-0.004642201303403315,-0.005799093484485818,0.0014706556820387462,-0.010339877714501955,0.0016274540399026094,0.011888669774825944,0.0029531229678982918,0.0012540183101468205,0.015498348778573368,-0.0063546686576090305,0.010786038041348478,-0.00968499617026819,0.003764585340074067,-0.008245475141800074,-0.002798715424797704,-0.0013489940439088688,0.0018397769946183473,0.012865796500082238,0.004497531165564617,-0.009534106642820617,0.0025591939080775727,0.012629178256769569,-0.007224380201005798
2024-03-04,-0.02538129975738268,-0.010396410553823121,0.011971066411703646,0.007139282132324398,-0.018805314740646173,-0.01526017291066284,-0.00047050913619295365,0.00453053615769905,0.013422824856374582,-0.0033531064528845578,-0.003591063770984282,0.002699966430664169,0.023289778345345846,0.03633261661478704,-0.010952151720517445,0.024103205838729824,0.0005894511397592783,-0.009137507889698693,0.009712241347834771,0.005791365301397455,-0.009416586084634138,0.011532875703163414,-0.022196217341615476,-0.02275893912933169,0.012996333191751086,0.01508263159019041,-0.0009317915634038387,-0.025718107152147285,0.042643373365902404,-0.00932437019727117,0.0012507159780630328,0.015542622625018154,0.02241343287244435,0.017169156621882564,0.017898047663088335,-0.0023255828097438203,0.023293150448295163,0.014875646160880107,-0.0008296611262290643,-0.001463837783388322,-0.027635926939793887,0.010693113931025344,-0.01290677026162479,-0.010612549544027128,0.002869177476050977,0.02582348223005093,0.04084895858439119,0.003991995837200335,0.007501759244498141,0.0048005561511463846,0.004703561658707889,0.01299034248423303,0.01284999209451576,-0.010584815888330823,-0.017078329129738945,0.0007222222640361764,0.017464096057760115,0.002581412209905043,-0.008182425127925885,-0.004572221367687868,-0.02765543351632338,-0.022920707628054537,-0.001395876019329556,0.05648469152409463,-0.02296816782463973,0.035950997845724864,0.0024609532246793187,-0.011082136751990213,0.004739096332983861,-0.026325590769600837,0.0044695142591077985,0.04011909593953744,0.00041611887534265257,0.02127642924063422,-0.0013505845577668207,0.0012249885154613782,-0.0075140819751473575,0.01760200168032755,0.020041841646369685,-0.008321477503378971,0.012451471311171636,0.002031308846221158,0.007445842499054001,-0.010600756587709537,-0.004730862401855718,-0.03090984135826702,-0.005786153214737522,0.009213614480841903,0.0011424398251458356,-0.07155546804023882,-0.015647668841858087,0.001936994755843191,0.017222853479668565,-0.009287965363264927,0.00991054423174842,0.002736459665936941,0.013621501339348585,0.00918992271987662,-0.013983330319106368,0.008222983687174557
2024-03-05,-0.028440936961976027,0.011917648869452568,-0.012995759630004433,-0.017799907904162637,0.004509544703291679,-0.05143850515146531,-0.010594470188351024,0.010250117287290417,-0.0011199636095416965,-0.009807150466129233,-0.01948421375262155,0.002991952346679927,0.0068277683560844515,-0.0021175316210622075,-0.008999282829652677,-0.009023690727156364,0.017674786504503714,-0.0065693852545458675,0.002137437678570775,-0.015118777655031668,0.004430844782665755,-0.007960672815819692,0.005017854949815659,-0.003762136016206008,0.0010143327447917905,-0.0036638344785369092,0.006155631981910936,0.004768745412251807,-0.01284791345313896,0.0063387308224815975,-0.00702607736281502,-0.007212494614938891,-0.0007014629396941974,0.0029214774897381446,0.024125976559380202,0.0031942757581366887,-0.012558882977592445,-0.01956413025437409,0.01024212750245046,-0.006840818206060972,-0.005099427511568333,-0.0034161573164259718,0.004855610219240747,-0.005047622450877087,-0.009485987579761601,-0.005749493698496755,-0.05371640801902622,-0.00016571770543005737,0.010017149784401713,0.001052726796946457,-0.004848730198678819,-0.018541323270777288,9.266168067556535e-05,-0.005287056426055647,-0.0020703943256733526,0.005499411314578984,-0.00540799540763548,0.008010257264204457,-0.015997871795081497,0.013670052625487372,0.0052855977279933075,-0.009834684262822746,-0.029571964422662744,-0.004181530354325114,-0.012356924018651072,0.008576385851313706,-0.0273539560219368,-0.001647951464378128,-0.020136803000913805,0.0073387179356296794,-0.0015040480636887565,0.008976255691973467,0.012754795523412188,-0.03067959350543159,-0.018657746302774947,0.001668347819692606,-0.013410989263542117,0.0068007609806182145,-0.003225774715458818,-0.007357117443804961,-0.007492014069297004,-0.009324497196557147,-0.009723190697272566,0.022024001935257997,-0.019711937295329607,0.12020718445989043,-0.005615673011564848,0.005106099580631351,0.00027394388472790077,-0.03933237971984138,-0.018096167076325775,0.0009074112453379968,-0.006307686817538571,-0.0040993676908364085,-0.0026952641397945953,0.0009921927181923973,0.014155099575225982,0.012478922349187016,0.012265228017355856,0.0010824998514931128
2024-03-06,-0.005878293399736889,0.010604876036202082,0.00725863388188186,0.010480709182904668,0.012906987456709595,0.01540706425987226,-0.00154675118619918,0.01258108934204727,0.026812264754451975,-0.0002170032566403135,-0.0035033346396604603,-0.0006960295817503015,0.000847835132074426,0.013676021744592814,-0.0006471271304056003,0.010415662260157221,0.030104257982251692,0.008035138242180162,0.01830799285907192,0.0062963971880247716,0.00477214260046388,0.021308687123013703,0.002139772197693013,0.006923119275380252,0.017487908255366502,0.004494343104931131,0.0016685183109657054,-0.008422942157639612,0.02169179775371588,-0.0002726006585984653,-0.005857257471603594,-0.02489599414617938,-0.002106079171949937,0.01488834765194591,0.00898377757260116,0.002495753761658115,-0.01589824782085869,0.010388969227303146,-0.004932138044646206,-0.012300172430640854,-0.00957277521035349,-0.00342786745089807,0.004832258172629,0.0032961613483741825,0.015961388835855406,0.02193289068385207,0.03127896336753011,0.0026512745557436546,0.005197517751140968,0.009626260944851861,0.0005040757210093005,0.0028034896438526857,0.0034723886163710027,0.0012457290579950264,0.008726794446532793,0.0013331392822804045,0.011229373921513464,0.008088614041777742,0.011974153303251356,-0.0018339983318317321,0.03780694605326085,0.007489966106062562,-0.0013907825582379907,0.008398177944646923,-0.006916890902757933,0.031827259997805335,0.011988405127377533,0.00841858641531612,0.005924538369583399,0.042561287440979534,0.0015691216795028495,-0.030557046947008337,0.004585961438679176,0.03988859474748718,0.005958705509175433,0.002220758761552144,0.004713840465147001,0.0,0.008826027660514546,0.009069218874418583,0.006124478567379743,-0.020051808302326113,0.007406613145065188,0.000582440240479043,0.0083427130048781,0.029422233808333864,-0.010165344036637158,0.011785706652048367,0.006799593560671724,-0.02323786698783792,-0.001162417768432844,-0.010642484247085249,0.01931032516164377,0.003758254988208254,0.0009010308616135276,-0.010408825105301833,0.009010583142910367,0.00882746517353361,0.010696686322986482,0.006128467530900128
2024-03-07,-0.0007095227342343025,-0.002706200976146933,0.01323944080931394,0.015965259102943774,0.0018466392328473358,0.010911948099457502,0.002144900602201849,-0.0017367691135876662,0.0035607462498863374,-0.013485546765654055,0.019076784751165476,0.010099496414412323,0.00592882518369553,0.011630512871482424,0.017103023559693842,0.0015654427957634276,-0.0018734368274446744,-0.0038864660853801247,0.007505624844404979,0.013675726902269147,-0.006904751365618744,0.008592663884749996,-0.009727194531828909,0.006697110030249753,0.015971842090496846,-0.005491120454274689,0.00851377708530654,0.007011415994584214,0.018896133489806566,0.023702290461437237,0.004824144865991586,0.0010903605149596984,0.0014069448632698656,0.0043585070199096965,0.004748661127528253,0.011674856476280526,0.0024233125351265095,0.04388713729322036,0.014181489148848536,-0.019925380460143916,0.02267907861123808,-0.002926363565324386,0.023762364646575662,-0.0023581604757288988,0.010523670934713403,0.0019369986193928934,0.03684574466933532,0.013386238436678966,-0.008758483856871502,0.018690947703946748,-0.0018472356039715976,0.0005000282826774782,-0.008051132254141447,0.0024883582957542227,-0.008608863123606425,-0.0062131049539005945,-0.004675564722381731,0.004645226236671185,0.032453842082763584,0.001080935281370543,0.0024122707066036586,0.0019393811011307882,0.01753346014211221,0.00803098133482516,0.005735975414336902,0.044746347678985554,0.020219132459476485,0.0029570555981812685,0.0006748571647448021,-0.014711226623857487,0.006580201819246012,0.00039895539337830854,0.01662456083589836,0.0466376099015251,0.0113105102912614,0.0032129304318284646,-0.007637881508860578,0.0013216526190660272,0.00976965268112373,0.0012437491468073603,-0.0005663032475174967,0.005707153238206697,0.007380159154736665,-0.007567078170148345,0.0074252915947696785,-0.011524808633613826,-0.00663907696826449,0.010414145741499237,-0.0010016700157017278,0.011951969472048907,0.013076528798266152,-0.007808849158827513,0.005637569408708298,-0.007738008247048733,0.031777778430426284,-0.010017698040283185,-0.0019260635444290353,-0.0034671116499425114,0.005619677328568384,0.005947653337031733
2024-03-08,0.010236737190947531,-0.009525387662958962,0.00033078638120653814,-0.022589269380377197,0.010322614733506263,-0.007800172376710268,-0.003091569140685091,-0.004148901019614626,-0.01887598354147113,0.0032617667824648144,-0.008313545751684748,-0.02236119447091167,-0.0008421241099606513,0.006438250777675458,0.002283019205831849,0.005314351632582648,0.0095722332513275,0.0018886632878076792,-0.0036382957135211447,-0.0030275199202542957,-4.020845308849719e-05,-0.0027717111029840202,0.020124698374079486,0.0023061882346240292,-0.07641386352875523,0.012269928213511694,0.003486944437934625,0.003414317283082946,0.0002082633355648955,-0.003250588960636458,-0.0016920704731406833,0.0012706318719191145,-0.005795573614386651,0.004868758328232969,-0.0027716344458104114,0.007382299457461938,-0.018533485479109935,0.008768727969904244,0.01982073294045783,0.003812018736795597,0.007664843013390765,-0.0037072743615896853,0.0005527747208913247,-0.008498081677170033,-0.009180236688383747,-0.0030018359131184225,-0.046587278400314625,0.006686204885915759,0.0018630169322393364,-0.001985722279023272,0.0013459000417541667,-0.02309776135980035,0.006767592787828347,0.0009515501421668571,0.0036787775568072334,0.004946622946763846,-0.00023488575539776235,-0.006305290850911582,-0.012182973820321408,0.013819842966085627,0.0077015832374154325,-0.0039518443959515315,-0.007137026412612157,0.0005901181859917504,0.00987884130771044,-0.055476955353099267,-0.018508909779056726,-0.004094948107764562,-0.0003677941466310175,0.016050703475158246,-0.0016809238890356237,-0.0007311265343192819,0.0008711595817503248,-0.029307953892409477,-0.0006772632085172425,0.00364426830232234,0.0012094861911688959,-0.014958316181599707,-0.0034655974225794584,0.0036561358673588007,0.006657270937470372,0.0024912425524341586,0.000699116466639893,0.008797734997751494,-0.013547648616135555,-0.010609664404914732,0.0015665014631096597,-8.373270348305262e-05,-0.004329987593621132,-0.018527834714126334,-0.0006919539660443785,0.007709678458094338,0.0035851447564552164,0.0063969932275580454,0.0033550318203008356,-0.0005056760064428012,0.0012281604944450741,-0.003976135108684886,0.009406489219268899,-0.005841225073523693
2024-03-11,0.011831585802096978,0.004361248079873148,-0.006365693104586567,-0.013089325179757805,0.0018244750679392574,0.02541097887621624,-0.0013118133322043146,0.006719502267509725,-0.043396499476769046,0.005881179158327976,-0.019332758891648982,-0.030228222247727476,0.008146259567800573,-0.0066254995162429164,0.0048885671811440545,-0.013108098984333294,0.010596742696900474,0.003993590210878306,-0.0017388122674958373,-0.012441475383815348,0.024878500130729453,0.0014042842931865085,0.02254577875419561,0.019911473222390175,-0.01582239294979626,0.014545554361545587,0.007498090040581218,0.014144616795104703,-0.007499919979514713,0.002539435368041909,-0.003508333790100404,0.018038359068921483,0.014485104122346826,0.009479495801335336,0.02342654105943298,0.017688593443477618,-0.005747158875275105,-0.008335259044615295,0.0026624419606815497,0.0007595279943661826,0.016689868268869867,-0.002144805437751973,0.01242754096267884,-0.004901604751769484,-0.0022913684569380033,-0.021536035953733657,0.019545499700313496,-0.00842379132966986,0.0003717770182232183,0.008993144361538308,0.0120967527303657,-0.0364368220780803,0.004273458208029712,-0.004091783473230581,-0.00021309314227224707,0.0077595328060082736,0.004346267260218806,0.011139386038413246,-0.04419407644920392,0.0015975739615918805,0.019345703456457475,-0.005910894270640621,-0.004184884333742422,0.03922161387351131,0.019362668738931887,-0.02003932092751215,0.015210844493253717,0.011842095937323327,0.010303475574898302,0.04224846914073366,0.007483579301719834,0.016696552666259912,0.0010045450297906378,0.0032245972401578893,0.014525256665187891,0.005722029982726751,0.011091577839733135,-0.0032752964094296955,0.011157692528103613,-0.0036195542086615573,0.020824545367364333,0.013944756658639479,-0.006370980548915162,0.007558042529242304,0.0035578692036772885,-0.009721887945376095,0.005838770415864669,0.0030454812225220174,0.002609290752760396,0.013858834181150304,0.026396970600317315,-0.004343396452098136,0.005131073239325712,0.001856638236493291,0.006754452270911981,0.015692160527953636,0.00035034540894152144,0.008982162584096676,0.005905291206123486,0.003725879523057918
2024-03-12,0.00277854247081466,0.007181424963045302,0.00474249739878041,0.019452344004679434,0.03933705091266715,0.017501699228517076,-0.004060787374303931,0.013082443214239792,0.022027295380976364,0.004285364161733529,0.019946455814511488,-0.04285936809479174,0.0019503219550576212,-0.013569427390484723,-0.0007822396046998081,0.005368731554492356,0.0007357905066862624,0.0005435349723172944,0.0006967638974013646,0.0067767544007288905,0.010784236915374112,0.004879171177573749,-0.008038631407494834,-0.0019956800342556535,0.03192922393461961,-0.0029868747419140584,0.00036304181136581626,-0.0007237902773946647,-0.013854007305983962,-0.006399104327629912,0.0011867970467769329,0.0013356455733375405,0.0043531441293394035,-0.008660126598239781,-0.012415087177491069,0.0001655235863642357,0.0,0.005403394911452919,-0.0031864466236215527,-0.008095060850136893,0.00602901526937738,0.005231017137733884,0.002454955998332231,0.00812873570959538,-0.005791679863347388,0.03155480847790182,0.008470853200432726,0.012743095543338967,0.00823201740430779,-0.0005520956357522033,0.004316134535808036,0.02802400819792128,0.00036810698067712977,0.009545126799852088,0.007907617505326092,-0.0017301960779324554,0.0028069048855658973,-0.0002787823313563642,0.033416730647113146,0.04965438130979849,0.008669099560765003,-0.0008960078423706497,0.026599332460602643,-0.03859266022232055,-0.00890386792037201,0.07157183053075489,0.11749767079329065,-0.006176869283570419,-0.001153307489674571,-0.012689510863123532,0.002352211774937496,-0.012169489023485469,0.005886578889481742,0.011453830401521703,0.0023831821235924533,-0.01586453834916779,0.00358423456847623,-0.00672142700141054,-0.006162143108598861,0.00452329600850887,-0.02191595527924517,-0.012663468046469895,0.00787430079910667,-0.0075013470293676665,-0.0034744291097289492,-0.002974903393783812,0.0077744604965235276,-0.0036366757662754656,0.0065747780766896025,-0.0012938683737420131,0.00040890783955127574,0.005242742440388692,0.016995323300236898,0.01197625198226171,0.0012623202772157338,0.0,0.009108459736673957,0.01236404120640855,-0.006420797730258054,0.004711754217982422
2024-03-13,-0.01212254015616876,-0.005858808185985387,-0.0049684985254443426,-0.0046257752154362786,0.02102683940099137,-0.015526244734068606,-0.0046768842409629086,-0.0005296148926923205,-0.03930756281626557,-0.001988831656641432,0.0066708374081581034,-0.01025835504395145,0.0033371494960361403,-0.004896283277121216,0.0,-0.0043395250414306474,-0.03216915725401159,0.007778146602378078,0.005395954274214576,0.012691338692035314,0.009544073193433755,0.013897750069021608,0.0020836963953745347,0.021996241599157695,-0.0036369481283083926,0.0007989177504761358,0.003447645568482427,0.013167516206943786,0.02320142756004029,0.016637665249684686,0.008889820318903174,0.00035576552361682445,0.005027783085147286,0.005157293575640098,0.02946375219973718,0.014316491958566546,0.02146987256407007,0.016123295723094788,0.01145459987239894,0.026778911581336606,0.009313949437579794,0.010639486046903679,-0.0059863782539046895,0.011881262860999442,0.0030131071923544805,-0.005460687111807139,-0.044429795570678166,0.005000778403705164,0.008112276796165219,0.009391558690086566,0.010247857065710075,0.0038280592413406644,-0.0007127558086214014,0.017059970520176826,0.005794490446342282,-0.03890437189318341,-0.00769752174136451,0.013669841288624918,-0.008364098099787887,0.05419354326385317,0.006968731220145186,-0.00407635097079595,-0.0004334017781838506,0.014462797066805422,0.011778766692197573,-0.011151960133066963,-0.015838234943406193,0.015047441823134555,0.004618939857290449,0.007497207678188511,0.00228499271052085,0.011524565360955918,0.02726605600902854,-0.022128384576038163,-0.010230527049463034,0.006781546199120969,-0.008549798422587851,0.009473697682157,0.008507568916908292,-0.0013532241404454748,-0.0019731231653794534,0.004688831211525635,-0.004185427415165477,-0.0005813057892577467,0.006048144889143403,-0.005371047779994753,0.008640143155383306,-0.006580041774070899,0.013743904736915225,-0.04539820808488959,-0.002758793817655869,-0.0076837464761192464,-0.016647798719698126,0.00429688532124195,0.05241160904543496,0.0032392447659996826,0.003645129364347799,-0.0021169905829092617,0.011170558270889863,-0.01691075776944606
2024-03-14,0.010927331578703514,0.007450091290656102,-0.010902128718782378,-0.0013466949928365723,-0.0010296976208515884,-0.0006571836865563174,-0.013734880343398759,0.004768956566219229,-0.03968374143421338,-0.01612364740848915,0.012403729449981915,-0.006580818025034962,-0.010809445721898014,-0.015463838534699015,0.0033028897929394674,-0.020811487589147637,-0.003038829063808146,-0.0034302645719134217,-0.011599734051911503,0.0011712595952264593,-0.006631908483895277,0.002265566276737463,-0.010628449985743305,0.01897065666157549,-0.003064532981155388,-0.006386081816821432,-0.0018082461017433493,0.011761679234415512,-0.009569330997474368,0.003642623171149939,-0.008341461620260726,-0.0039112078155998375,-0.0112126875235804,-0.0047120380182621435,-0.003052823099588542,0.009953482989337514,-0.023443794426089126,-0.020039845133826395,-0.012771144754839647,-0.02185798363452751,0.023678598240671755,-0.009431337083341651,0.029564738031741422,-0.009815606236235785,-0.016922729806161385,-0.016624276752152056,-0.011103388660063551,0.012680573595839295,-0.017818058168332485,-0.02415954297685141,-0.0022263897781877873,0.0038134610863873597,0.0026919994356147114,-0.01123638623538914,0.008136982218040378,-0.003994938940946047,-0.008110085393966737,-0.010595816887715492,-0.007546996989396648,-0.009128406775429476,0.02145315410568238,-0.007249349860355747,0.024379697453214222,-0.004655241671327359,-0.010852350012191314,-0.03239149890359849,7.966403481440842e-05,0.008379023315559397,-0.003145827143560931,-0.0031892406313407395,-0.004929303111680383,-0.02769767947320978,-0.0005825262959523458,-0.004726928188230395,-0.004440282545739582,0.013250986751337734,0.000545898845251358,-0.007895246082890495,-0.008006917214414933,-0.010653337717062339,-0.008472063009931086,-0.013589313765847266,-0.0035024724556127484,-0.010471370056160278,-0.013720928789610731,-0.014159552601926362,0.00581278495715587,-0.013526302428346071,-0.009262145461342408,-0.04118477639544138,0.0020491666571891276,-0.012798347794223397,-0.0056214428629186575,0.004453932576516051,0.004790879510831347,-0.012170640144633538,-0.007782786948116405,-0.0008514605874945236,0.017712042514028914,-0.008672903711866464
2024-03-15,-0.002196652117140041,-0.01832219167035054,-0.028270983594187227,-0.009544873444347735,0.018897134809673144,-0.016593793008118585,0.003053920099221452,0.005537135424998452,0.02138351359032309,-0.009832866858074607,-0.024223786467438835,0.007618023347000902,-0.007845334183241848,-0.009757274196666166,-0.027788299453071486,-0.007764553499955529,-0.0028577257673934042,0.0034420717888246077,0.00910849495298205,0.014769434042810614,-0.005201248957436899,0.007267245252741139,-0.0011675397783965646,0.0021707088600890767,-0.008634536115449731,-0.017272533070674778,-0.0019928207293054,-0.0009633185434321234,0.004830893921687451,0.008310738474782697,-0.015085832778942598,-0.0009815898320264527,-0.004884823770713531,-0.00357706360636878,-0.0009569424958469908,-0.00807818548308381,-0.0016556627496862042,0.012833601189041088,-0.007007224400142675,0.03326561835638109,-0.013417361121601856,-0.0036026607004906452,0.003190698113785251,-0.005436013741053292,0.00682442855440013,-0.012200724222309,-0.0025731755532544254,0.0015849723637417767,0.01239565474960691,-0.0027241598407575784,-0.01024790662078967,-0.008623276555993264,0.0001148450278463109,0.00040875462850298305,-0.00761240395061058,-0.009193180620357122,-0.009716762480134089,0.0068150130217123905,-0.01571675502300951,0.018231239028291046,-0.0092592460322789,0.008380912847436806,-0.0206951283106922,-0.009646270707896587,-0.006184012849711595,-0.0012165881917094445,7.971934351957977e-05,0.0011185776699613736,-0.0007282289817529541,-0.0067542625933765255,-0.0007429420505200568,0.0019528278285210199,0.030120460983472652,-0.007420528002306304,0.0004933927951618067,0.012750735042522887,-0.01680130145300407,0.006606657261444715,-0.004179982617443456,-0.001558643913723179,-0.0029905356266957117,0.008906143132241695,-0.009588312435484525,0.0023515555808166777,-0.0020795591979051453,-0.0005478473800393235,-0.010949969148115635,-0.0012991653066978248,-0.002213027884894747,0.006584660456730784,0.0037218794378381936,-0.007843629089881232,-0.003379109923763557,-0.01176630598428463,0.027040526091719252,-0.007040485549005493,0.002440343211830953,-0.0055719282699349115,-0.0017942433930536739,-0.002333265388463679
2024-03-18,0.00637248541407609,0.0034291996649304934,-0.026409122048223654,-0.005152165333793035,0.01854658939516307,0.0036972434011470767,0.0006090788059391894,-0.012193539448225876,-0.0021459419415288394,0.00755008064601026,0.00034398325434925603,-0.014737316930894306,0.016944364595434802,-0.0016823319752821142,0.01082318087758094,-0.002828492215226852,-0.01432942413418381,0.0006860529143826177,0.01770524877806312,0.014208694400712485,0.005267471531024359,0.001647545818042051,0.008183167440581007,0.0018326595204150031,0.008144703616871585,0.006948693706464892,-0.006897794415949177,-0.0009000802447890477,0.014005005796215997,0.00500793778205888,0.008299908607526607,0.016971892537937405,-0.005259517339307962,0.0024285512279975663,-0.0162835304656217,0.006352298454390004,0.009950280926336763,0.006039293998540085,-0.005835085362830172,0.003194874565997763,0.04604061945102633,-0.007334561546624041,-0.0005303158550885589,-0.003536749428530661,-0.004704355053754883,0.003244856312545563,0.0016417736941245487,-0.0004746402094731872,0.012401498844871517,-0.0019281106407331716,0.004175027700983769,0.011257307524038307,-0.00601164084423389,-0.005107630930901608,0.006430887693260612,-0.002006339297552784,0.0010769220374866606,0.002210393668182542,0.02660608962964317,-0.0019047388801202159,0.014588592333683481,-0.0006582034536481984,0.0021612238905959202,0.01593847045508845,-0.009032547716022132,0.007035768807361675,0.01800218905553619,0.008778933731756755,0.040082548718987754,-0.007874071727388188,-0.0010533322094689046,0.005511558651644544,-0.014274125550362116,-0.0016746770033055913,-0.002174080530602307,0.005703193803631823,0.009875693275751551,0.005370084712333245,0.004776446404308965,-0.0025070169203825765,0.008427344926823288,-0.00013813267264084494,0.005252137112443878,0.014662652405488252,0.0060361222827662875,0.020521200997986933,-0.013633967770597555,-0.00701889729718852,0.004481069062980625,0.06254200201423088,-0.007681033114778302,0.0009420633891517038,-0.010953857972984427,0.007101367775030454,0.015821607270215088,0.01114200582718805,0.004521003973925852,0.0029663353961053573,0.009256831588777326,-0.00416524499565174
2024-03-19,0.013585071371088997,0.006554977523804073,0.006403343037193476,0.014516756953213639,0.010263174399841812,0.0039580288212810455,0.014118613013564874,0.0019909869773853117,-0.04841330198285032,0.003063988890050995,0.00813845829732096,0.007228664803325069,0.0005553469567018965,0.0098700213375289,0.015952222872421595,0.0025616034934006215,0.004070564508692476,0.00820255643465373,0.003922890828600201,0.005683467214297355,0.003260405304352787,-0.0007373371845762478,-0.003014741643577179,0.014634913155571638,0.0008611356117871338,-0.0026385215788806704,-0.0007311267849863246,0.0077857683991773285,0.0,0.016090925629589137,0.009026969768137993,0.005797075969216525,0.0003524265664411885,0.002106489702723424,0.009152826659198698,0.008658975598361707,0.00985224828811404,0.020893415743306942,0.0020474594819341885,0.016903392372633386,-0.0044014387002903055,0.011161237037240257,0.02015389494091835,0.02016614317854848,0.01158780119413283,0.008607630097677621,-0.015453151042164937,0.009499603638658538,0.0058652238288319225,0.006600676228260882,0.0016630546589149198,0.013269527562353112,0.009210514805770842,0.018646258896744428,0.01067045674977618,0.01539961713597049,0.0053789126775076745,-0.002067578952314797,-0.0014889823625231502,0.0049618610198036706,0.002695982412068698,0.006258086204854463,0.009800656997563495,-0.024985267305162817,0.012355821852630289,0.010660761890727066,0.010876354457314052,0.013607481411954447,0.0031530828634780406,-0.003246766541377233,0.0038458263284457672,0.003409225150047268,0.0014673676113872158,-0.0168942167286128,0.010454902147932765,0.014979618069042244,0.0063729535677812255,0.014094888470662204,0.011379935590376533,0.005263787926859331,0.00694024545761196,0.0017935548963641246,0.007936129445736961,-0.007514237897418785,0.0047857872902075105,0.003699622454368612,0.022864146800597673,0.004603222192216538,0.007705474060021755,-0.014269250195585559,0.01287352449552448,-0.006752261544084037,0.009954467331235728,0.008068837454920263,0.006615068739968866,0.0010017387166574299,-0.013155666264359711,0.00016430549361001745,0.007034665629873205,0.007484958497578242
2024-03-20,0.014709176832010451,-0.018869020692729332,-0.014669494703416275,0.006242154201834049,0.004587922818479084,0.024356884245715804,-0.005640788344817849,0.01655848697430473,-0.009315414278818657,0.004857617854202134,0.012791359170393646,0.03665672635542627,0.019983346668655644,-0.0028605165809134636,0.020681755018313375,0.019431738251552977,0.0015444641940285386,0.010564346907834699,0.021576607355267896,0.007205459900279543,0.000116092398065204,0.004143358275880971,0.002558670223218984,-0.00090139637300235,0.011677647281089998,0.00834360487003849,0.019389035645432928,-0.013216663202408108,-0.007215039825488989,0.0064876830491713555,-0.008118568603568077,0.017029061019670166,0.02484142111899912,0.0028380373804997028,0.002894649644591185,0.008504510524683484,0.04878039217550989,0.0027094414949047074,0.007764534901588238,0.0322814149640922,0.011630350194146821,0.02009465257567622,-0.006498442395422854,0.01317836665576877,0.010751646860912123,0.00320675868239495,0.003567212662743291,0.005802933407317523,0.013106979270965269,-0.005038044062698699,0.00863355229229823,0.00010342225103099345,0.007365176988177291,0.015885871532295814,0.008347085728570347,0.0055856889664713805,-0.0008322179734121526,0.01325966083555663,0.018700583463931775,0.02649059496197448,0.0035851356569864823,0.013502555679038242,0.009064853919659388,0.022049886426201537,0.0031011694830678227,0.010895081547920737,0.0003871845102232374,-0.004214704741588249,0.00034928214077090125,0.0025335129641170795,0.0009887625598883343,0.02464839687610043,0.01127446277868649,0.021754970028075027,0.003968243359750323,-0.00010545219924962268,0.011027309187752854,0.01931239501703108,0.00028501024856386614,0.004858826854281073,-0.009933169888648563,0.016524393996758535,-0.010367377287177182,0.0023295233766660317,0.004691875417540015,0.013376203562835975,0.004673834422622036,-0.004582129631409582,0.006081550045987649,0.025332688257929448,0.0018445490395624375,0.014832464160438708,0.010182674028238026,0.006716557404289336,0.013023615193160198,0.003752735021358422,0.005086897539442248,0.006242836582692757,-0.0008842357003172596,-0.0056814543888625835
2024-03-21,-0.040857497331239556,0.006977924293612547,8.964824583723718e-05,-0.09307640271142281,0.018920285475171994,0.012651020907966215,0.0030175234981046906,0.00873089586557163,-0.0058421135966061355,0.014283117968430847,0.0,-0.0004260402150109144,0.020680377924152893,0.004303083914255934,0.0193713875228243,0.029551587046782846,-0.0055898929914925954,-0.005599448833935261,0.01995677610293045,0.022752099836184536,-0.008510361165123825,-0.00031083165408496427,-0.004872326180724196,0.013124348699317778,0.0024841150194219175,0.006659881322296224,0.000897181665788116,0.00200586453235152,0.007059863662774779,0.00911051253338413,0.009655176030663348,0.0020608144867688694,-0.004125780591883177,-0.0047166485117615675,0.0005772739198020016,0.0030231029100806772,0.0015504987080900978,0.015581173687966743,-0.01203027229227116,0.013302188855907948,-0.007664323750600777,0.043483730232468876,0.006279343124649506,0.028069119729331016,0.000994212022297436,-0.010620847934190492,0.005213241831543591,0.010135797062020613,0.01390500504834491,0.003134542029572307,-0.004609068305837405,-0.003364174246802576,0.006244168025712593,0.03587871146457178,0.0012294223396727144,-0.0032344410385422018,0.0007199259180332707,-0.001226999908662929,0.004431110035051811,-0.002219934417149849,0.00357214007541784,-0.0018570354197253724,0.009735859551849968,0.006705638499860056,0.005485199788649808,0.011762427723600366,-0.0017798324342946925,0.0021947198917380284,0.003432980372078509,-0.001443927247960164,-0.0008025639577841082,0.026006275706248472,0.0020155681008455772,0.018965860226258124,0.004006923662307038,-0.006220280900691266,-0.010151013905851491,0.03129027027867415,-0.004698800218321919,0.005915071524300153,0.0021499883810338627,0.028583056800569162,0.0009059428540163506,-0.0029051958953930646,0.01882121047946006,-0.001701432427277605,0.003033989597794662,0.007034002109124193,0.005066887959656485,-0.016167575308454918,-0.00513933113726639,0.00730790216486743,0.0036186645379998605,0.003768015728885743,0.00831490667144763,0.010468703057990414,0.009598588368276761,0.0032653119839884948,0.004425091325313213,0.00043981267786552536
2024-03-22,0.005310283784700109,0.0053522056375996385,-0.00842974019209397,-0.02182427308462631,-0.00752372414680369,-0.010874937529397943,-0.0018050863351284363,-0.013305797362760385,0.005428706405105066,-0.0028162831171877345,0.0040415450203241665,0.006126846957757559,-0.012263551145336948,-0.0016663136525475464,-0.006327111524071727,-0.020461706003646385,0.006590377982223394,-0.005268482483958836,-0.008315664503508513,-0.017692506068025637,-0.0031212232140547247,-0.0054846418269209884,-0.0034972728402522524,-0.003886324885852943,-0.010450438537588203,-0.0020048230432346825,-0.012728628988611601,-0.0012915288086787768,-0.003711382797593532,0.00306805131055099,0.0027153556299281956,-0.007112224546594992,-0.004315571519688088,-0.0036856854522908655,-0.011153990830219507,-0.009835001788730868,-0.0007740094826883537,-0.008435314537420524,-0.006567131720717989,-0.008291041382446518,0.021476899349003542,-0.016654140136848627,-0.0018201140570971441,-0.012449467663934621,-0.003227825020081565,-0.0055236295079361675,0.0035360983521650624,-0.010246898774147528,-0.012257455234747971,0.0009615240355371757,0.0003307667883636345,0.0004544412298943534,0.006137718933305614,-0.00957858991125371,-0.01426408181991523,-0.0031740445645161985,-0.003956460308403575,-0.008734741487073872,0.003584311116757277,-0.010104763544466766,-0.022515351610635004,0.0018604904163264102,-0.0014673070832802448,-0.02200976684957845,-0.06903384970974924,0.031213380998045936,-0.009456512257873029,-0.0018771122142794416,-0.0024934489025368878,-0.010846029903122223,-0.001235675791592783,-0.014574455222439608,0.0023258934118011165,-0.004389772756880461,0.0001796831211908767,0.013579416188745919,-0.010364370479127638,-0.003479443693895967,-0.0014306933583372317,-0.02198113227852594,-0.002145375847887987,-0.001185565998903071,-0.002517490309552839,-0.010489618130141376,-0.004722541848131923,-0.009049626117257792,0.0030248903076748324,-0.0017804325329769943,-0.00742940693370564,-0.01151490226146512,-0.0032947219182939413,-0.012655676727411636,0.00611640980286543,-0.02448598023968529,-0.00783705915336197,-0.004193456692909381,-0.012445959887353086,-0.009438597385579728,0.0,-0.0024897331969780945
2024-03-25,-0.00830043672598868,0.0004481624012218077,-0.005064569333829594,-0.01090372223446845,0.008225904914674453,-0.004907472035420191,-0.0009644472662643233,0.0027493056845104835,-0.005677645690651101,0.016837357907072192,0.004696213001679439,0.013555718696617536,-0.005128020631513075,-0.0035764985015125372,0.000609688636353356,-0.010450585442647431,0.00616215775395168,-0.004081614798029709,0.002137454805947847,-0.006031605376889737,0.0003912912733030627,0.010716958515366581,-0.0023398216966281637,0.026010000636198738,-0.005225822584112527,-0.0020088504328729107,0.010169003266181198,0.011703018761266781,-0.0014486323817320956,-0.002080962949413734,-0.027472578440934647,0.030119972410910023,-0.005027783085147286,0.0024309505918904684,-0.003694897692079313,0.01930473370921737,-0.0007746885171164841,-0.009477575275741223,-0.00041317944306895615,0.01137938784778969,-0.004642841744147308,-0.004621193470710772,0.011200840914783683,-0.017346436602154403,-0.011209028394062681,-0.010741923908266227,-0.017383047456481004,-0.0018824218782412805,-0.009154684797450297,0.0020010769045710752,-0.001487925905719445,0.0032830382680468784,0.0009643735273636711,-0.017408099722930448,-0.011688496348728927,-0.014188269838703138,0.0019259466991141672,0.006471156614471063,-0.012873242900767967,-0.018168239361313954,0.0065146367220008106,0.011788413654227448,-0.013714607689607639,0.004441786698559547,-0.0011720595898114805,0.007561887742584927,-0.01338129127789256,0.011596939841771903,0.0033716786508959373,0.0025585144614295174,-0.009093240851195228,-0.003022464189374685,-0.018751882346348614,-0.015167597366638197,-0.009777491495311486,0.000941988430426699,-0.00044100027798632535,-0.003770924215196758,-0.0005731425059808393,-0.001550868691136853,-0.002006430101733403,-0.0025050503352708198,-0.004509196854846742,0.00824510630937203,-0.01186248257909972,0.023898439258378312,-0.013068042754093123,-0.016344002263366186,0.004811736802023736,0.010536808713131895,-0.0085498128761623,-0.004572010648472458,0.0019197720297665644,-0.007237280624204923,-0.006779047865847931,0.012385411700990057,-0.007001601333320506,-0.004928545189644029,0.01022130276525779,-0.011818262592171891
2024-03-26,-0.0066725262142970365,0.0036969015528776072,0.013544167256553274,0.007698847482022986,-0.01103822708393476,0.0003823301629213294,-0.004706135664289679,0.010445192830337513,-0.004254659042995601,0.0033828668901008108,-0.007845994154095037,-0.02042737363409486,0.006239745841627675,-0.005982288736664398,0.009412955479326968,0.004888375438005799,0.005741627461619103,0.00402516062264735,0.011648857786073386,0.0012360419852210924,0.0018387185956136864,0.006131381712124684,-0.003752327215079787,-0.0019013843747526238,2.728603446189304e-05,-0.0026166665616789153,0.012043844520780222,-0.007669133277350193,-0.032538897208346684,0.001231141411164316,0.0026635369508769546,0.004775412921742772,-0.005575877207525171,-0.01233650741554082,-0.0029279862820611458,-0.011552062955583309,-0.03565884542292275,0.0003459705763861898,-0.002342245266103715,0.010333064186445862,0.003998082996132801,0.003062080339825135,-0.013137568840740022,-0.009334969939953308,0.012696492352671784,-0.0015360906105490457,0.0038249094683580065,0.007386484537174498,0.004670899362741787,0.007269484443177099,0.0023179209208770146,0.00227653472813949,-0.0007170047306312988,-0.010157507623147266,0.0015964549569238429,0.0,0.00552606225165353,-0.0005470699947635049,-0.014174409900915452,-0.02107970977789142,-0.003236235462614645,0.0016758563037693186,-0.0028615497164266035,0.0023585000625259145,-0.012479859695150641,-0.02569414503248757,0.003093220102284411,-0.01905501149123745,0.0007531485170511054,0.005832929505473761,0.0022474434671730936,-6.439197343333092e-05,0.0008947612274978756,-0.00268625736672079,0.006334467516774245,0.004496466444779745,-0.0034190227547126195,-0.004626365052656234,-0.007024003639075294,0.00241363810225792,-0.005600982049105863,0.007005869415303678,-0.001851703979228847,0.003504728709073923,0.00014139894969167344,-0.00011587645966082416,0.01140770500087851,-0.008264080014104613,-0.0008867341391610717,0.029195349264770964,0.01323373688460494,-0.012958728363197558,-0.08162503261119725,-0.0021691473556245677,-0.007359537129836502,-0.0004894001436410722,-0.0008813539569424433,-0.0009905529956999448,-0.007501134711552115,0.0013372687473325318
2024-03-27,0.021212672806168564,0.0064736815117441004,0.017757893182439366,0.013525931046048711,0.01892584089853977,-0.0026751716708439677,0.02812815505255095,0.012275667352525055,0.009669990824309194,0.016076943612838956,0.008581036192426339,0.02373331705729176,0.01941244974205758,0.02768410501171714,0.0033924470361763603,0.018190651272900205,0.01332064854230075,0.013023265194686884,0.01767761216612551,0.0231768810420383,0.009450261340754329,0.015682192693739827,0.013888862916668687,0.006746596931912485,0.0015048047296741807,0.00443992088153089,0.0124333069736271,0.0069556758669808705,0.039417287012536883,0.030449584723788448,0.0023369126129593187,0.008755156549054899,0.018748883087149615,0.025835317132828273,0.01644476704647624,0.004849668933326168,0.049839332260950275,0.037856288665199855,0.00828619479149717,0.01340896629177668,0.001327319489281109,0.022330085680623002,0.013573452934540375,0.015687188762915083,0.020547281469762035,0.012201619698099186,0.04239111596769973,0.012012531522981762,0.019363507868999985,0.00935840923397624,0.008093799819667735,0.0042328341818742565,0.02419341587308632,0.007596892565191249,0.002411979696871347,0.01220299064485264,0.03847079129927655,0.011771077217905379,-0.004093695839350375,0.0190979542758134,0.01252328702491079,0.049633390405579236,-0.0005216621426289425,0.03676472444848944,0.0167421444649003,-0.024967328129470445,-0.009488486436176502,0.013897631719656856,0.004863165675409897,0.006886605581529981,0.012830861927000559,0.03186475141107614,0.01507032536241315,0.012330051989851265,0.008567420915922774,0.014470202653126263,0.012616282407312385,0.019436656891527626,0.025696565920666714,0.007914288384331725,0.029029340489766797,0.009188705905877725,0.02611705702473599,0.021536557213911456,0.023300034839426775,0.011758541594994787,0.01792542617192261,0.018547187553335842,0.015532791452450567,0.012157391142962881,0.0016046642391702726,0.01636959165311902,0.024619335160682265,-0.005630786718092806,0.003348294805507024,0.016891255402345262,0.016407878930977393,0.0034705005856319193,0.010369988491575777,0.018694451542551338
2024-03-28,-0.010559179722779977,0.009703351403604232,0.0015861990665422265,0.016630510035051005,-0.002857556610594947,-0.0021074751519184476,0.01533005546917554,-0.0021702008032608022,0.005011465970410134,-0.006915781703786039,0.0030584610251771505,0.005418122226916733,0.002909101510574219,0.0011712521673714615,-0.012418696480509306,-0.0017003131360798784,0.01840374276091583,0.008610549495013942,0.007808750577895429,0.004881340715984894,0.002437034163691676,-0.0004128216315800737,0.006501082837532257,0.003468942240619999,0.0007513556760003759,0.00281290784119248,0.011754370848694684,0.008890400296081902,0.013808645988936163,0.003910522758016066,0.0038187424797939684,0.011406817007175052,-0.0036118947471851515,0.006452321607809841,0.016563906851223997,0.011472438889566616,0.016845276550891297,-0.0254828547853867,0.0032871091069119895,0.01704420267102047,0.00039774931204306085,0.005875962567441384,0.015194452412631287,-0.005934324154250659,0.0005849188622584212,0.0008385245835915711,0.009138581238212762,0.006936860021704128,0.00390940629758374,0.01634327862955831,0.002457891524204392,-0.00028269415981174717,-0.004181411569730731,0.005526343844028947,0.007574000589902985,-0.00024806505378571764,0.0026460960623340135,0.0025702608272251126,-0.016765895670188713,0.01415031878415518,-0.0009162753190973261,0.001518336092056316,-0.001684739792015777,0.016737669426074797,-0.001593491158311977,0.0011745094991595373,0.0027142298187541325,0.012305297099292511,0.008296287549164783,-0.0010799179405371895,-0.0022139001584392526,0.010189436988234934,0.027554107558473317,0.0010053036115376113,0.0029688544021297947,0.0008209561190513082,-0.001202215873678747,-0.0005527498798776342,0.009711324464227289,0.006243944708768989,0.008140383543379981,0.014831433241295988,-0.002341728943479504,0.0028490290068901025,0.002138981780106075,0.01454174188430657,0.0033636567040018495,0.003175745578594791,0.005724762289386343,-0.022465709302040393,0.003244806652495047,0.005314097316802657,0.008823920479956726,0.00021498099054562125,0.017162257040999718,0.010110640915663271,0.0060753060408371695,-0.009058019011509044,0.011046347586697536,0.009685193812642545
2024-04-01,-0.0084558319322382,-0.007358709401193542,-0.013813186437606206,-0.02146504768807267,-0.0073236492343471404,-0.0037631938245793473,-0.01788626504977464,-0.006780078379297172,0.01579029729064141,-0.004501936124536643,0.003270852211551434,-0.01808386648959226,-0.010548625202752127,0.018951867518086418,-0.016265644185725403,-0.008312235781248623,-0.022865456009310225,-0.0007609074835922547,0.003478854199084447,-0.007341097176081002,-0.006676139575477857,0.002450345859535963,-0.024682826856833096,0.01099931435857493,-0.015546821776088238,0.002604687532740124,0.00017340016107758593,0.00849486871580285,-0.0006098735915380793,-0.016068411127289073,-0.007728639691635397,-0.006783297634084806,0.005696459355504668,-0.006617692367193895,-0.009662681481718116,0.015018735599713784,0.0007529500265250899,-0.0009685096507148216,-0.005051320456210595,0.0011026423316786715,0.030212764098715983,-0.010007354692183834,0.01293770517391346,-0.04058921629106438,-0.015785702903274745,-0.00591744859399268,0.007923998587705539,-0.002908709813799204,-0.00678992677651391,-0.004252107530621552,-0.008172691035135848,-0.022379110124678858,-0.004572757105533398,-0.021395215994810424,-0.006582627376271688,-0.006135978036249767,-0.0014916448610969857,-0.005667169359827251,0.01188269022481836,0.06012922573484869,-0.009169927117770649,-0.0072755950813931936,0.00915098403721526,0.01646191394724017,-0.015109566936319263,7.745422408911296e-05,-0.0010350135636808533,0.021387780771409126,-0.011599396156819375,-0.0010811584654590867,-0.01029278397883504,-0.010272287430196259,0.0,0.014294181465921652,-0.01287364727618212,0.00235820285101207,0.0015318879504522265,0.0004147649476344828,-0.008920977236301586,0.0038547354658065025,-0.006543321151231685,-0.0009052544275519603,-0.008941799169481679,-0.0056819860910766185,-0.008812971215157006,0.003442334222667265,-0.016959204229520464,-0.006469142137239259,-0.008603480637006555,-0.003242460249155976,-0.010107068109768247,-0.010694072386759346,-0.006795535805556585,-0.002866531558507468,0.011424264702295295,0.007626300337605585,-0.006038619578831672,-0.0028252885541928396,0.006452086541944846,0.013126617248707895
2024-04-02,-0.00699882613540681,-0.000387229239184661,-0.0006245124035372251,-0.007990140307505111,0.005613506603350471,-0.04135829334939356,0.007686925012611923,0.004894355456416921,-0.025308167788424374,-0.024130870347945144,-0.0015472110151306673,-0.007704520917504953,-0.005863383172090342,-0.014695828825644908,-0.000778919615316398,-0.012313037766850665,-0.004717909535452369,-0.0030461654976493557,-0.00976998156001796,0.002996716794763321,-0.004118061589657995,-0.0027189830031589812,-0.0038121778132003126,0.015464755620548276,-0.013781786089526071,-0.013589032637284948,-0.008841875032398194,0.004400237043607591,-0.008950298339208573,-0.00034646152506834227,-0.007465987953988451,0.010614668785073222,0.017679391608937944,0.004892276702749054,-0.007843881505553596,0.019112404047088027,-0.0007523835193343764,-0.024880754087390655,-0.010839723393719747,-0.011233562701998823,-0.005981045003671026,-0.00812562728937527,-0.0005009018286191713,-0.013667358600916057,-0.008811329782626331,-0.005004512735485411,-0.01302794677480934,0.005680910168689435,-0.0004021054411401659,-0.008617945088020385,-0.00873430555987198,0.004483694971751273,0.0009937844894505332,-0.019375787104339293,0.002152932208723035,-0.008850159717856854,-0.020914859107600603,-0.006242372254957829,0.012252000728336654,-0.012550482660755424,-0.006710004018137927,-0.004885784956496053,-0.007372111579870277,0.00988205906312456,-0.017394222670668702,-0.01008152924857142,-0.009085149942875903,0.013257270040363922,-0.00890262997406821,-0.006132756871346401,-6.221785929083623e-05,-0.015005640976687773,0.037651588537989555,-0.003960109763862629,-0.013872319673390754,0.008081124840004117,-0.02436364770890953,-0.012574205516673986,0.0033755345466044417,-0.0022946444737288463,0.006166001485031103,-0.003236316739578471,-0.014915217970304484,0.001142914420116048,-0.00882194524764035,-0.008885505215003309,-0.002306798366279561,-0.010200033964071431,-0.0013587376365629122,-0.049024062767074494,-0.06444762161822992,-0.0031647964188096234,0.010364339187109772,0.0005750649199129931,0.02652922689765913,0.006149440726392674,-0.00451315618839776,-0.013999999485615588,0.01957443951249016,0.0017085476447882275
2024-04-03,0.0047974706474429585,-0.018595429029951926,-0.00660595501937844,-0.012423425072959349,-0.0007975071303640835,-0.009368347747001904,-0.010327449689179757,-0.002819668096427863,0.011583700948905484,-0.006480618714642339,0.009519072430478781,-0.01659218904799642,0.003753193421190737,0.008622755824547301,0.018588801060576143,-0.0021920693203208996,-0.010618173208993609,0.003150904144779698,-0.018300436621547567,0.030041421804456903,-0.006046673735392694,-0.0055633354877761,-0.006696935022491912,0.007346871289284573,-0.007886977764027026,-0.004493607251407017,0.004198068047856163,0.004130787171953587,-0.0018473530416078798,0.005024704959091242,-0.006505672031893894,-0.031265210083991524,0.011806398661904138,-0.005904288939051927,-0.00019285775938548966,0.011645424166921936,0.02786139167417301,0.06704753210606351,-0.016645736057793292,0.0062374366182460506,0.002329122924521254,0.009386820837838927,0.02330238504934745,-0.008539925677590987,-0.011286980357066545,0.010694654000687809,-0.08215728578703207,0.0003053448169587636,-0.0028160283024268873,-0.012765301822686426,-0.005319966435139101,0.015746718941029192,-0.01178180475422208,-0.015340571064530573,-0.004192423835475023,-0.007920958118877941,-0.0023472757215817763,0.004642966057669895,0.018839085683600487,0.003769966327159091,-0.018867924528301883,-0.0034523894540220423,-0.0023490503142877817,0.011959766055074983,-0.006816776924235102,-0.005455429198055639,0.015280744425806958,0.006690420298446131,-0.01026605045778839,-0.011978196900633287,-0.027526932564107875,-0.0025390233487310176,0.01899805298155366,0.016779742515390828,-0.002308058341697561,-0.010147210502086002,-0.0067190140563105905,-0.0005598661604809818,-0.0050462679680489675,0.0008213594736776741,-0.011559919616736303,0.004155841013061767,0.004636800013822828,0.005137127041386913,0.020954496284093516,-0.004255492706571773,-0.022016751199984474,0.007768218482563816,0.005310464560178474,0.01050231020055925,0.00349234513652541,-0.004040716589852167,0.020918670733029554,-0.005315492752770212,0.01777442307595134,0.0070523288539705575,-0.003836006530654301,0.004563922300831802,0.00016768292481339486,-0.012081625829389986
2024-04-04,-0.004892313614852095,-0.053177668060223504,-0.010514058492198108,-0.005447224221547198,0.009417399999330112,-0.006372300077538751,-0.004387609950974203,-0.015167130728091838,-0.08264646837585021,-0.02306676268411234,-0.013212014767422509,-0.008814649031757549,-0.013888784483917838,-0.015018348197969211,-0.03040694794429788,-0.027871815034005154,-0.0034897749732948347,-0.011707555264819702,-0.012643800884749368,-0.01596645866548363,-0.010047536044612504,-0.0019387557454048077,-0.010113224442474422,0.0009115715914116418,-0.0011477435941854575,-0.012925599804456067,-0.008012530600055467,0.0015583620271644172,0.00041137409891578436,0.0026599355671950153,-0.009986113108517825,-0.01588511152713301,-0.0021670397632123084,0.0015629320863566054,-0.008678774435047831,0.001868692999849264,-0.032234485101879096,0.012154992132674014,-0.018902498056218797,-0.03298642385732764,-0.028337196947744614,-0.01871982582578191,-0.00465220234675956,-0.0061683795550459,-0.009698516914099509,-0.015505570615590436,-0.01487738799309235,-0.01724659723409505,-0.0076084344052079755,0.0034903778788926143,-0.008858457863193059,-0.010193283606252823,0.013708489089635512,-0.011175705352133303,-0.016023676395975017,-0.019779493706586604,-0.012706002085561496,-0.0059809265076145035,0.008248844026715885,-0.028436501916295542,-0.014007684394520936,-0.017243979674105514,-0.006112593806779643,0.013161415694900258,-0.013949019618640035,-0.034384734343960055,-0.01623890275228479,-0.0011816995166900046,-0.00017663722310301555,-0.02094049571588752,-0.004482914339898891,-0.001654435269918042,-0.011753880370045433,-0.023862847360508477,-0.012225750968336113,0.018041960355882125,-0.01217568343893416,-0.0009800708809967196,-0.013102254412940217,0.00459606892920994,-0.0018318170082489704,-0.01771858116149705,-0.010313440527572437,-0.0022715500746373074,-0.008237298951122796,-0.01863355373348219,-0.015727921370328413,-0.0093576809733672,-0.002444701343731537,0.016213301154368365,-0.009483576408751415,-0.0035603462608225778,-0.01490764680824297,-0.010687352370912895,0.001330641041286773,-0.009103679468578041,-0.007876784401222858,0.0011778129485811029,0.0035204866114806332,-0.01963887815380605
2024-04-05,0.0045017196111223345,0.012507498763039582,0.009899185476226702,0.007655729002768563,0.0034788178880655884,-0.00028590362373959177,-0.00011909389364461731,0.014226059560105586,0.027678925931429843,0.006938022901598728,0.028166707356770848,-0.0008183419825337213,0.00514628811251594,-0.0002348189459568939,0.022706244208419823,0.006905676192422439,-0.0015563389159244378,0.007945650907187352,0.011328079089156118,0.025717301184528862,0.0026563015049922978,0.005771919632951095,-0.005108129474744372,0.013434448429417989,0.012541130914933252,0.00914559097396106,-0.0017559916160054811,0.005662934206914327,-0.0016443263134893193,0.013337883618395718,0.009838840728144893,0.011017238281170183,-0.0028399963800851413,-0.0021846739094499856,0.012840408096617573,0.014250597394399156,0.005299123736115963,0.060451869163513194,0.0004313581681822942,0.012591555706090274,0.013087030058684945,0.0044800346665052615,0.014514061313265048,0.0005312128424268536,0.005610853197339116,0.006385057262428884,-0.025673242775647087,0.012424342021211121,0.009200103834428708,-0.0015019960095423723,0.003541276934733384,0.02100033671945667,0.0029512800479687407,0.0055039796846845235,0.015709830021368054,-0.012588386407422214,0.007626394005576298,0.006426913183663174,0.03213823318339992,0.005411804979553514,0.0028897095033926234,0.0025849487776106184,0.018282783669731684,0.05116642215443257,-0.0025821291671876967,0.024480632222288357,0.005717031702831221,0.023954023484688003,-0.0030062442671048295,0.0003752614052390246,0.004181444076240659,0.003123242048082009,0.00041010766482352246,0.010426477972965031,0.010664821194773966,0.02396532668121809,-0.008788078451318015,0.007568382195547674,-0.0019985014901147125,0.007399169017175522,-0.004517251847100168,-0.001974985321195555,0.010478458306627303,-0.00853712616697666,0.0011766847678977843,-0.002612876845996759,0.011070583590642169,0.015509738723047395,0.010459550388304928,-0.036292482565110196,0.0007904941882335148,0.005484187545536701,0.009066557540397646,0.011459789244636198,0.015392254522808457,-0.0077738618540476034,0.012702940725331846,0.0058823960396205965,0.013782076830898271,-0.0013206371937464212
2024-04-08,-0.006663463927233604,-0.0011764224329599005,-0.006115047575949495,-0.003603621825027936,-0.004412180317815206,0.004698839056439086,0.0038118360397072504,0.0018015011306014017,-0.003051310163408316,-0.0027784078220393083,0.0006483768975988902,-0.008627289703616703,0.01050932163514906,-0.008681336312325927,-0.00020264952117299284,0.007222159323930555,-0.004286915366662591,-0.006330308937447016,0.002110389766393883,-0.015370425013244704,0.0010281502513922458,-0.012332839705714416,-0.0046457052097990115,-0.008238419679729825,-0.0026761119497517027,-0.0063850652244763495,0.011785452842953292,-0.002041984356837445,0.004323445167315976,-0.004338944572528036,-0.00012276084624396333,-0.008700836682943858,-0.0028480171016684874,0.004170536230686528,-0.009220116052310767,-0.0036045890060958374,0.009789045732229829,0.0014076664163360508,-0.0022995470303044385,0.0024870830997774096,0.015409857656093484,0.006052880575726061,-0.006789583958939249,0.011680128129553102,0.0030939522934607666,0.003595257179090261,-0.01885821705559898,-0.0052156053010812276,0.0052165057034281315,-0.002058405367929894,-0.004032967502354712,-0.008824135131745514,-0.006587983794851371,0.013663721856858047,0.004952875528208001,0.0032621767536940016,-0.019512801171738148,0.0024456779859096667,-0.015341286293196199,0.009886967511163691,0.007442888090160915,-0.011172768783564657,-0.002185608644384218,-0.006305134248231425,0.013057094047959072,-0.0099423358223788,-0.004403581335755247,-0.007509056681201498,0.0026013425526396627,-0.00300073701245529,-0.00038442153273410273,0.02281255746294697,-0.012884157685640663,0.012184400312615473,0.00040506133349849094,0.0018684074979196108,0.003914877670207373,0.0066768097551010985,0.002145450743382238,0.005839013159614881,0.003545204427094939,0.007783599578097045,-0.0036180185289860223,-0.009758916235393267,0.0008987664651047833,-0.012051141761574957,-0.005991027834414964,-0.001139089324336151,-0.0012992907236641926,0.04899940648952894,0.0005704615227615228,-0.007107093781236529,-0.008258480518870681,0.0022372794185270273,-0.013632160246763392,-0.009259396608692905,0.0067943990081442696,-0.001169676513474438,-0.006756027899814776,-0.006465939020375289
2024-04-09,0.007242581380179525,0.002002255028316302,0.01737248498953292,0.00798679116925749,0.011395976761125803,0.008296365412161943,0.009611964564607112,-0.029929282793547896,0.005179546288557546,0.004309009961562804,0.002591909504893186,-0.018946918306143257,0.006133254195914484,0.013727906835328874,-0.005467724103165872,0.0007219269191054423,0.009784694582597897,-0.0030771420427929685,-0.0011339410938794314,-0.004203782159779568,-0.020263844566607903,-0.001396618130732552,-0.013755682665618107,-0.0012836691927812227,0.009525115897675462,0.03669140182389574,0.0,0.0045264523939234635,0.015785264237820007,0.0017772675335423482,0.022722520838167837,0.005283432788038223,0.005880319852504368,0.010487040909119338,0.0073670969532408925,0.011886230732400804,0.009694302294263046,-0.01296972511717509,0.007490724680747407,0.008795545131334404,0.011301329648566893,0.0004140639832939108,0.000488401279794326,-0.0017400070750958063,0.0032869898442604573,-0.00268684552437104,0.009215353774166601,0.012490475541574675,-0.006700988110206141,0.01499403901530294,0.007592434106932222,-0.025794773566748863,-0.010632567314497354,0.007419903291507879,-0.013970930259393222,0.007026549402511906,0.010734527610294142,-0.012198343253477129,-0.00452582319359629,0.007397017256453031,0.0035748985183596815,0.0011852794204991746,0.00398035886021475,0.006852732704203834,0.0111111389359968,-0.020417195668368415,-0.005808699306451448,-0.002618885210314059,0.0060738228545655915,0.007524459469012035,0.003973449282634878,0.0027334648182759658,-0.018629615362028784,0.011231441473956716,0.0004601568262379008,-0.002748291558592464,-0.0006881613985694202,-0.0012436720580147886,0.007564942033696509,0.0020500855483098768,0.012858511423074814,0.003272648306637427,0.0033165979957752167,-0.004242394072874522,0.021342667773940782,0.01137304513042392,0.009040704866118077,0.0179682812773152,-0.029272815017839182,0.02254601255405486,0.008157878453880052,0.002080714260392025,0.003064576275008779,-0.0037444212241428687,-0.02559566441460026,-0.005479095640847809,-0.003633910848729993,0.0001673384188809468,0.005225907631557503,0.013311737734282403
